[2025-06-11 08:48:21,726 WARNING] USE GPU: 0 for training
[2025-06-11 08:48:22,557 INFO] Number of Trainable Params: 1469642
[2025-06-11 08:48:22,808 INFO] model_arch: <models.mixmatch.mixmatch.MixMatch object at 0x1365cf9f0e10>
[2025-06-11 08:48:22,808 INFO] Arguments: Namespace(save_dir='./saved_models', save_name='mixmatch_cifar10_40_0', resume=False, load_path='None', overwrite=False, use_tensorboard=True, epoch=1, num_train_iter=20000, num_eval_iter=100, num_labels=40, batch_size=64, uratio=1, eval_batch_size=1024, alpha=0.5, T=0.5, ema_m=0.999, ulb_loss_ratio=100, ramp_up=0.4, optim='SGD', lr=0.03, momentum=0.9, weight_decay=0.0005, amp=False, clip=0, net='WideResNet', net_from_name=False, depth=28, widen_factor=2, leaky_slope=0.1, dropout=0.0, data_dir='./data', dataset='cifar10', train_sampler='RandomSampler', num_classes=10, num_workers=0, world_size=1, rank=0, dist_url='tcp://127.0.0.1:10027', dist_backend='nccl', seed=0, gpu=0, multiprocessing_distributed=False, c='config/mixmatch/mixmatch_cifar10_40_0.yaml', alg='mixmatch', distributed=False, bn_momentum=0.0010000000000000009)
[2025-06-11 08:48:37,863 INFO] [!] data loader keys: dict_keys(['train_lb', 'train_ulb', 'eval'])
[2025-06-11 08:48:45,540 INFO] confusion matrix:
[[0.826 0.088 0.086 0.    0.    0.    0.    0.    0.    0.   ]
 [0.959 0.01  0.031 0.    0.    0.    0.    0.    0.    0.   ]
 [0.908 0.022 0.07  0.    0.    0.    0.    0.    0.    0.   ]
 [0.948 0.019 0.033 0.    0.    0.    0.    0.    0.    0.   ]
 [0.939 0.01  0.051 0.    0.    0.    0.    0.    0.    0.   ]
 [0.923 0.032 0.045 0.    0.    0.    0.    0.    0.    0.   ]
 [0.972 0.    0.028 0.    0.    0.    0.    0.    0.    0.   ]
 [0.944 0.009 0.047 0.    0.    0.    0.    0.    0.    0.   ]
 [0.867 0.065 0.068 0.    0.    0.    0.    0.    0.    0.   ]
 [0.97  0.009 0.021 0.    0.    0.    0.    0.    0.    0.   ]]
[2025-06-11 08:48:45,798 INFO] 0 iteration, USE_EMA: True, {'train/sup_loss': tensor(2.3125, device='cuda:0'), 'train/unsup_loss': tensor(0.0051, device='cuda:0'), 'train/total_loss': tensor(2.3125, device='cuda:0'), 'lr': 0.0299999999291586, 'train/prefecth_time': 0.2116241912841797, 'train/run_time': 2.788320556640625, 'eval/loss': tensor(13.4894, device='cuda:0'), 'eval/top-1-acc': 0.0906, 'eval/top-5-acc': 0.5013}, BEST_EVAL_ACC: 0.0906, at 0 iters
[2025-06-11 08:49:11,123 INFO] confusion matrix:
[[0.606 0.    0.394 0.    0.    0.    0.    0.    0.    0.   ]
 [0.929 0.    0.071 0.    0.    0.    0.    0.    0.    0.   ]
 [0.804 0.    0.182 0.014 0.    0.    0.    0.    0.    0.   ]
 [0.911 0.    0.089 0.    0.    0.    0.    0.    0.    0.   ]
 [0.906 0.    0.081 0.008 0.    0.    0.    0.    0.002 0.003]
 [0.89  0.    0.108 0.001 0.    0.    0.    0.    0.    0.001]
 [0.946 0.    0.053 0.    0.    0.    0.    0.    0.    0.001]
 [0.916 0.    0.084 0.    0.    0.    0.    0.    0.    0.   ]
 [0.756 0.    0.244 0.    0.    0.    0.    0.    0.    0.   ]
 [0.929 0.    0.071 0.    0.    0.    0.    0.    0.    0.   ]]
[2025-06-11 08:49:11,128 INFO] 100 iteration, USE_EMA: True, {'train/sup_loss': tensor(0.8706, device='cuda:0'), 'train/unsup_loss': tensor(0.0110, device='cuda:0'), 'train/total_loss': tensor(0.8844, device='cuda:0'), 'lr': 0.029999277349792332, 'train/prefecth_time': 0.10039142608642578, 'train/run_time': 0.11239628601074218, 'eval/loss': tensor(4.7312, device='cuda:0'), 'eval/top-1-acc': 0.0788, 'eval/top-5-acc': 0.4832}, BEST_EVAL_ACC: 0.0906, at 0 iters
[2025-06-11 08:49:36,811 INFO] confusion matrix:
[[0.481 0.    0.502 0.008 0.    0.    0.    0.    0.001 0.008]
 [0.896 0.    0.1   0.001 0.    0.    0.    0.    0.    0.003]
 [0.662 0.    0.207 0.053 0.    0.    0.    0.    0.009 0.069]
 [0.861 0.    0.119 0.015 0.    0.    0.    0.    0.    0.005]
 [0.763 0.    0.093 0.057 0.    0.    0.    0.    0.009 0.078]
 [0.814 0.    0.164 0.011 0.    0.    0.    0.    0.002 0.009]
 [0.823 0.    0.072 0.049 0.    0.    0.    0.    0.006 0.05 ]
 [0.867 0.    0.113 0.009 0.    0.    0.    0.    0.    0.011]
 [0.666 0.    0.325 0.007 0.    0.    0.    0.    0.001 0.001]
 [0.896 0.    0.102 0.001 0.    0.    0.    0.    0.001 0.   ]]
[2025-06-11 08:49:36,817 INFO] 200 iteration, USE_EMA: True, {'train/sup_loss': tensor(1.3478, device='cuda:0'), 'train/unsup_loss': tensor(0.0176, device='cuda:0'), 'train/total_loss': tensor(1.3918, device='cuda:0'), 'lr': 0.02999713798215552, 'train/prefecth_time': 0.12905191040039063, 'train/run_time': 0.11462866973876953, 'eval/loss': tensor(3.2308, device='cuda:0'), 'eval/top-1-acc': 0.0704, 'eval/top-5-acc': 0.5044}, BEST_EVAL_ACC: 0.0906, at 0 iters
[2025-06-11 08:50:02,922 INFO] confusion matrix:
[[0.412 0.    0.493 0.03  0.    0.    0.004 0.    0.03  0.031]
 [0.818 0.    0.099 0.006 0.    0.    0.    0.    0.012 0.065]
 [0.476 0.    0.189 0.077 0.003 0.    0.069 0.    0.053 0.133]
 [0.771 0.    0.12  0.046 0.    0.    0.009 0.    0.025 0.029]
 [0.527 0.    0.074 0.084 0.006 0.    0.076 0.    0.057 0.176]
 [0.708 0.    0.153 0.07  0.002 0.    0.007 0.    0.023 0.037]
 [0.539 0.    0.069 0.073 0.001 0.    0.05  0.    0.037 0.231]
 [0.748 0.    0.105 0.041 0.    0.    0.006 0.    0.009 0.091]
 [0.613 0.    0.308 0.029 0.    0.    0.    0.    0.036 0.014]
 [0.835 0.    0.114 0.011 0.    0.    0.    0.    0.004 0.036]]
[2025-06-11 08:50:02,927 INFO] 300 iteration, USE_EMA: True, {'train/sup_loss': tensor(1.5098, device='cuda:0'), 'train/unsup_loss': tensor(0.0177, device='cuda:0'), 'train/total_loss': tensor(1.5760, device='cuda:0'), 'lr': 0.02999358192728497, 'train/prefecth_time': 0.14598886108398437, 'train/run_time': 0.11939775848388672, 'eval/loss': tensor(2.7615, device='cuda:0'), 'eval/top-1-acc': 0.0775, 'eval/top-5-acc': 0.5533}, BEST_EVAL_ACC: 0.0906, at 0 iters
[2025-06-11 08:50:29,716 INFO] confusion matrix:
[[0.296 0.    0.446 0.052 0.    0.001 0.01  0.    0.147 0.048]
 [0.527 0.    0.089 0.025 0.    0.    0.002 0.    0.097 0.26 ]
 [0.316 0.    0.155 0.074 0.017 0.    0.162 0.    0.135 0.141]
 [0.566 0.    0.098 0.089 0.004 0.    0.042 0.    0.116 0.085]
 [0.288 0.    0.05  0.073 0.02  0.001 0.179 0.    0.184 0.205]
 [0.522 0.    0.129 0.112 0.004 0.    0.04  0.    0.121 0.072]
 [0.3   0.    0.051 0.075 0.014 0.001 0.161 0.    0.147 0.251]
 [0.535 0.    0.086 0.068 0.003 0.    0.035 0.    0.103 0.17 ]
 [0.468 0.    0.274 0.044 0.    0.    0.003 0.    0.174 0.037]
 [0.647 0.    0.097 0.032 0.    0.    0.002 0.    0.066 0.156]]
[2025-06-11 08:50:29,722 INFO] 400 iteration, USE_EMA: True, {'train/sup_loss': tensor(1.5171, device='cuda:0'), 'train/unsup_loss': tensor(0.0176, device='cuda:0'), 'train/total_loss': tensor(1.6054, device='cuda:0'), 'lr': 0.02998860935312395, 'train/prefecth_time': 0.13313641357421874, 'train/run_time': 0.12069273376464844, 'eval/loss': tensor(2.5553, device='cuda:0'), 'eval/top-1-acc': 0.1051, 'eval/top-5-acc': 0.5871}, BEST_EVAL_ACC: 0.1051, at 400 iters
[2025-06-11 08:50:56,411 INFO] confusion matrix:
[[0.215 0.    0.38  0.065 0.004 0.002 0.022 0.    0.269 0.043]
 [0.231 0.    0.072 0.061 0.    0.    0.007 0.    0.317 0.312]
 [0.148 0.    0.14  0.083 0.032 0.003 0.221 0.    0.274 0.099]
 [0.29  0.    0.074 0.137 0.006 0.003 0.083 0.    0.311 0.096]
 [0.102 0.    0.033 0.063 0.034 0.001 0.275 0.    0.344 0.148]
 [0.309 0.    0.093 0.151 0.011 0.009 0.078 0.    0.27  0.079]
 [0.122 0.    0.038 0.083 0.026 0.001 0.276 0.    0.283 0.171]
 [0.298 0.    0.061 0.11  0.004 0.001 0.083 0.    0.274 0.169]
 [0.26  0.    0.204 0.085 0.    0.    0.004 0.    0.402 0.045]
 [0.374 0.    0.076 0.083 0.001 0.    0.005 0.    0.271 0.19 ]]
[2025-06-11 08:50:56,417 INFO] 500 iteration, USE_EMA: True, {'train/sup_loss': tensor(0.6364, device='cuda:0'), 'train/unsup_loss': tensor(0.0069, device='cuda:0'), 'train/total_loss': tensor(0.6793, device='cuda:0'), 'lr': 0.02998222049451428, 'train/prefecth_time': 0.12518492889404298, 'train/run_time': 0.125542236328125, 'eval/loss': tensor(2.4610, device='cuda:0'), 'eval/top-1-acc': 0.1403, 'eval/top-5-acc': 0.598}, BEST_EVAL_ACC: 0.1403, at 500 iters
[2025-06-11 08:51:23,494 INFO] confusion matrix:
[[0.141 0.    0.314 0.105 0.006 0.004 0.029 0.    0.377 0.024]
 [0.083 0.    0.046 0.102 0.002 0.    0.013 0.    0.543 0.211]
 [0.06  0.    0.122 0.082 0.024 0.008 0.286 0.    0.379 0.039]
 [0.114 0.    0.052 0.158 0.005 0.02  0.12  0.    0.478 0.053]
 [0.042 0.    0.026 0.059 0.026 0.007 0.359 0.    0.428 0.053]
 [0.139 0.    0.07  0.17  0.017 0.028 0.122 0.    0.419 0.035]
 [0.029 0.    0.021 0.096 0.03  0.006 0.373 0.    0.381 0.064]
 [0.158 0.    0.045 0.135 0.007 0.013 0.129 0.    0.412 0.101]
 [0.1   0.    0.14  0.144 0.    0.    0.007 0.    0.586 0.023]
 [0.147 0.    0.049 0.169 0.001 0.    0.009 0.    0.477 0.148]]
[2025-06-11 08:51:23,500 INFO] 600 iteration, USE_EMA: True, {'train/sup_loss': tensor(0.2638, device='cuda:0'), 'train/unsup_loss': tensor(0.0072, device='cuda:0'), 'train/total_loss': tensor(0.3178, device='cuda:0'), 'lr': 0.029974415653185222, 'train/prefecth_time': 0.13028147888183594, 'train/run_time': 0.12342841339111328, 'eval/loss': tensor(2.4103, device='cuda:0'), 'eval/top-1-acc': 0.1582, 'eval/top-5-acc': 0.6047}, BEST_EVAL_ACC: 0.1582, at 600 iters
[2025-06-11 08:51:50,071 INFO] confusion matrix:
[[0.09  0.    0.217 0.194 0.005 0.002 0.035 0.    0.446 0.011]
 [0.028 0.    0.009 0.151 0.003 0.001 0.018 0.    0.666 0.124]
 [0.03  0.    0.093 0.105 0.021 0.019 0.341 0.    0.376 0.015]
 [0.039 0.    0.021 0.213 0.004 0.057 0.138 0.    0.502 0.026]
 [0.016 0.    0.017 0.067 0.021 0.019 0.418 0.    0.424 0.018]
 [0.033 0.    0.026 0.232 0.018 0.093 0.159 0.    0.429 0.01 ]
 [0.014 0.    0.008 0.11  0.019 0.013 0.453 0.    0.362 0.021]
 [0.066 0.    0.027 0.181 0.011 0.031 0.173 0.    0.456 0.055]
 [0.038 0.    0.061 0.207 0.001 0.    0.01  0.    0.671 0.012]
 [0.048 0.    0.013 0.225 0.003 0.002 0.011 0.    0.598 0.1  ]]
[2025-06-11 08:51:50,076 INFO] 700 iteration, USE_EMA: True, {'train/sup_loss': tensor(1.2337, device='cuda:0'), 'train/unsup_loss': tensor(0.0133, device='cuda:0'), 'train/total_loss': tensor(1.3496, device='cuda:0'), 'lr': 0.029965195197739245, 'train/prefecth_time': 0.1422989044189453, 'train/run_time': 0.12107196807861328, 'eval/loss': tensor(2.3818, device='cuda:0'), 'eval/top-1-acc': 0.1734, 'eval/top-5-acc': 0.6083}, BEST_EVAL_ACC: 0.1734, at 700 iters
[2025-06-11 08:52:16,938 INFO] confusion matrix:
[[0.066 0.    0.147 0.239 0.005 0.004 0.039 0.    0.492 0.008]
 [0.017 0.    0.001 0.158 0.01  0.003 0.022 0.    0.694 0.095]
 [0.016 0.    0.068 0.124 0.017 0.033 0.374 0.    0.363 0.005]
 [0.014 0.    0.007 0.228 0.003 0.11  0.159 0.    0.47  0.009]
 [0.007 0.    0.011 0.065 0.015 0.036 0.47  0.    0.386 0.01 ]
 [0.012 0.    0.01  0.246 0.017 0.159 0.171 0.    0.379 0.006]
 [0.007 0.    0.    0.11  0.019 0.029 0.505 0.    0.319 0.011]
 [0.031 0.    0.02  0.196 0.011 0.061 0.198 0.    0.449 0.034]
 [0.016 0.    0.034 0.209 0.001 0.001 0.012 0.    0.72  0.007]
 [0.028 0.    0.002 0.238 0.004 0.002 0.014 0.    0.628 0.084]]
[2025-06-11 08:52:16,943 INFO] 800 iteration, USE_EMA: True, {'train/sup_loss': tensor(0.9495, device='cuda:0'), 'train/unsup_loss': tensor(0.0084, device='cuda:0'), 'train/total_loss': tensor(1.0332, device='cuda:0'), 'lr': 0.029954559563634613, 'train/prefecth_time': 0.13546493530273437, 'train/run_time': 0.12307817840576171, 'eval/loss': tensor(2.3708, device='cuda:0'), 'eval/top-1-acc': 0.1845, 'eval/top-5-acc': 0.6209}, BEST_EVAL_ACC: 0.1845, at 800 iters
[2025-06-11 08:52:43,518 INFO] confusion matrix:
[[0.056 0.001 0.117 0.259 0.002 0.009 0.055 0.    0.497 0.004]
 [0.014 0.    0.    0.163 0.012 0.007 0.03  0.    0.687 0.087]
 [0.012 0.    0.052 0.136 0.018 0.062 0.401 0.    0.316 0.003]
 [0.008 0.    0.005 0.226 0.002 0.191 0.174 0.    0.388 0.006]
 [0.006 0.    0.006 0.073 0.011 0.059 0.513 0.    0.325 0.007]
 [0.007 0.    0.004 0.236 0.011 0.244 0.19  0.001 0.304 0.003]
 [0.003 0.002 0.    0.113 0.015 0.051 0.549 0.    0.261 0.006]
 [0.027 0.    0.012 0.21  0.012 0.117 0.22  0.    0.375 0.027]
 [0.014 0.    0.024 0.195 0.001 0.004 0.017 0.    0.739 0.006]
 [0.022 0.001 0.001 0.255 0.007 0.008 0.019 0.    0.6   0.087]]
[2025-06-11 08:52:43,523 INFO] 900 iteration, USE_EMA: True, {'train/sup_loss': tensor(0.6952, device='cuda:0'), 'train/unsup_loss': tensor(0.0076, device='cuda:0'), 'train/total_loss': tensor(0.7805, device='cuda:0'), 'lr': 0.029942509253164804, 'train/prefecth_time': 0.14777500915527345, 'train/run_time': 0.12047309112548828, 'eval/loss': tensor(2.3631, device='cuda:0'), 'eval/top-1-acc': 0.1964, 'eval/top-5-acc': 0.6438}, BEST_EVAL_ACC: 0.1964, at 900 iters
[2025-06-11 08:53:10,009 INFO] confusion matrix:
[[0.061 0.001 0.105 0.269 0.002 0.014 0.059 0.    0.484 0.005]
 [0.013 0.007 0.    0.171 0.011 0.012 0.04  0.    0.65  0.096]
 [0.011 0.    0.051 0.14  0.014 0.088 0.426 0.    0.267 0.003]
 [0.007 0.    0.004 0.24  0.002 0.259 0.172 0.001 0.309 0.006]
 [0.007 0.    0.006 0.079 0.008 0.075 0.536 0.    0.281 0.008]
 [0.006 0.    0.004 0.23  0.011 0.339 0.192 0.001 0.217 0.   ]
 [0.003 0.003 0.    0.11  0.016 0.084 0.58  0.    0.199 0.005]
 [0.022 0.    0.01  0.222 0.012 0.164 0.231 0.007 0.304 0.028]
 [0.012 0.001 0.018 0.202 0.002 0.005 0.019 0.    0.735 0.006]
 [0.021 0.002 0.001 0.264 0.008 0.016 0.026 0.    0.565 0.097]]
[2025-06-11 08:53:10,014 INFO] 1000 iteration, USE_EMA: True, {'train/sup_loss': tensor(0.9375, device='cuda:0'), 'train/unsup_loss': tensor(0.0097, device='cuda:0'), 'train/total_loss': tensor(1.0587, device='cuda:0'), 'lr': 0.029929044835434817, 'train/prefecth_time': 0.09039612579345703, 'train/run_time': 0.1208629150390625, 'eval/loss': tensor(2.3503, device='cuda:0'), 'eval/top-1-acc': 0.2125, 'eval/top-5-acc': 0.672}, BEST_EVAL_ACC: 0.2125, at 1000 iters
[2025-06-11 08:53:36,817 INFO] confusion matrix:
[[0.067 0.005 0.093 0.265 0.002 0.021 0.066 0.    0.477 0.004]
 [0.015 0.014 0.    0.172 0.013 0.033 0.049 0.    0.596 0.108]
 [0.012 0.001 0.045 0.139 0.014 0.122 0.435 0.    0.229 0.003]
 [0.007 0.    0.003 0.236 0.004 0.346 0.168 0.001 0.226 0.009]
 [0.007 0.    0.006 0.071 0.008 0.112 0.55  0.    0.238 0.008]
 [0.006 0.    0.003 0.204 0.01  0.417 0.192 0.002 0.166 0.   ]
 [0.002 0.005 0.    0.108 0.015 0.136 0.59  0.    0.138 0.006]
 [0.024 0.002 0.009 0.218 0.015 0.226 0.228 0.012 0.241 0.025]
 [0.014 0.002 0.012 0.183 0.003 0.006 0.022 0.    0.752 0.006]
 [0.019 0.003 0.    0.273 0.008 0.023 0.034 0.001 0.531 0.108]]
[2025-06-11 08:53:36,823 INFO] 1100 iteration, USE_EMA: True, {'train/sup_loss': tensor(0.8487, device='cuda:0'), 'train/unsup_loss': tensor(0.0094, device='cuda:0'), 'train/total_loss': tensor(0.9774, device='cuda:0'), 'lr': 0.029914166946334277, 'train/prefecth_time': 0.09278089904785156, 'train/run_time': 0.12061551666259765, 'eval/loss': tensor(2.3415, device='cuda:0'), 'eval/top-1-acc': 0.2249, 'eval/top-5-acc': 0.6859}, BEST_EVAL_ACC: 0.2249, at 1100 iters
[2025-06-11 08:54:03,553 INFO] confusion matrix:
[[0.081 0.012 0.081 0.262 0.002 0.033 0.066 0.    0.459 0.004]
 [0.016 0.034 0.    0.168 0.014 0.047 0.048 0.002 0.544 0.127]
 [0.019 0.001 0.034 0.138 0.015 0.175 0.429 0.    0.187 0.002]
 [0.009 0.002 0.002 0.213 0.003 0.444 0.152 0.004 0.161 0.01 ]
 [0.008 0.001 0.003 0.07  0.012 0.168 0.539 0.002 0.19  0.007]
 [0.006 0.001 0.002 0.182 0.01  0.5   0.174 0.003 0.122 0.   ]
 [0.003 0.004 0.    0.104 0.015 0.199 0.573 0.001 0.096 0.005]
 [0.02  0.002 0.007 0.21  0.019 0.316 0.204 0.021 0.179 0.022]
 [0.016 0.008 0.009 0.182 0.003 0.016 0.023 0.    0.737 0.006]
 [0.021 0.01  0.001 0.281 0.012 0.048 0.028 0.001 0.476 0.122]]
[2025-06-11 08:54:03,558 INFO] 1200 iteration, USE_EMA: True, {'train/sup_loss': tensor(0.4037, device='cuda:0'), 'train/unsup_loss': tensor(0.0063, device='cuda:0'), 'train/total_loss': tensor(0.4988, device='cuda:0'), 'lr': 0.029897876288507395, 'train/prefecth_time': 0.09234419250488281, 'train/run_time': 0.11961548614501953, 'eval/loss': tensor(2.3402, device='cuda:0'), 'eval/top-1-acc': 0.2327, 'eval/top-5-acc': 0.701}, BEST_EVAL_ACC: 0.2327, at 1200 iters
[2025-06-11 08:54:30,250 INFO] confusion matrix:
[[0.086 0.018 0.07  0.265 0.003 0.045 0.065 0.001 0.443 0.004]
 [0.014 0.071 0.    0.179 0.02  0.074 0.043 0.005 0.472 0.122]
 [0.021 0.001 0.03  0.133 0.016 0.237 0.395 0.    0.166 0.001]
 [0.008 0.006 0.001 0.208 0.004 0.509 0.134 0.007 0.117 0.006]
 [0.009 0.001 0.003 0.07  0.014 0.215 0.512 0.002 0.165 0.009]
 [0.003 0.003 0.002 0.171 0.01  0.562 0.149 0.003 0.097 0.   ]
 [0.003 0.006 0.    0.105 0.016 0.255 0.538 0.001 0.071 0.005]
 [0.019 0.004 0.007 0.199 0.018 0.37  0.177 0.031 0.155 0.02 ]
 [0.014 0.014 0.008 0.184 0.002 0.027 0.025 0.001 0.718 0.007]
 [0.023 0.025 0.001 0.288 0.015 0.072 0.028 0.006 0.427 0.115]]
[2025-06-11 08:54:30,255 INFO] 1300 iteration, USE_EMA: True, {'train/sup_loss': tensor(0.8484, device='cuda:0'), 'train/unsup_loss': tensor(0.0073, device='cuda:0'), 'train/total_loss': tensor(0.9674, device='cuda:0'), 'lr': 0.029880173631319812, 'train/prefecth_time': 0.09570713806152344, 'train/run_time': 0.11965682983398437, 'eval/loss': tensor(2.3486, device='cuda:0'), 'eval/top-1-acc': 0.2373, 'eval/top-5-acc': 0.7101}, BEST_EVAL_ACC: 0.2373, at 1300 iters
[2025-06-11 08:54:56,817 INFO] confusion matrix:
[[0.092 0.024 0.064 0.272 0.004 0.057 0.06  0.001 0.421 0.005]
 [0.013 0.106 0.    0.199 0.023 0.098 0.034 0.01  0.398 0.119]
 [0.025 0.001 0.025 0.141 0.02  0.273 0.376 0.    0.138 0.001]
 [0.006 0.009 0.001 0.204 0.005 0.564 0.114 0.011 0.082 0.004]
 [0.011 0.001 0.003 0.071 0.02  0.258 0.482 0.005 0.142 0.007]
 [0.003 0.004 0.001 0.17  0.009 0.613 0.124 0.005 0.071 0.   ]
 [0.003 0.009 0.    0.107 0.023 0.304 0.496 0.002 0.049 0.007]
 [0.019 0.006 0.006 0.203 0.021 0.423 0.148 0.039 0.118 0.017]
 [0.015 0.02  0.003 0.188 0.002 0.037 0.022 0.001 0.704 0.008]
 [0.022 0.04  0.001 0.309 0.018 0.086 0.025 0.013 0.377 0.109]]
[2025-06-11 08:54:56,823 INFO] 1400 iteration, USE_EMA: True, {'train/sup_loss': tensor(0.3217, device='cuda:0'), 'train/unsup_loss': tensor(0.0068, device='cuda:0'), 'train/total_loss': tensor(0.4410, device='cuda:0'), 'lr': 0.02986105981082222, 'train/prefecth_time': 0.09524237060546875, 'train/run_time': 0.12026675415039062, 'eval/loss': tensor(2.3607, device='cuda:0'), 'eval/top-1-acc': 0.2408, 'eval/top-5-acc': 0.716}, BEST_EVAL_ACC: 0.2408, at 1400 iters
[2025-06-11 08:55:23,331 INFO] confusion matrix:
[[0.1   0.03  0.055 0.275 0.006 0.073 0.05  0.002 0.405 0.004]
 [0.016 0.139 0.    0.201 0.027 0.124 0.024 0.017 0.347 0.105]
 [0.026 0.003 0.023 0.14  0.022 0.298 0.352 0.    0.134 0.002]
 [0.008 0.009 0.    0.199 0.006 0.606 0.095 0.011 0.063 0.003]
 [0.013 0.002 0.002 0.069 0.02  0.318 0.443 0.006 0.117 0.01 ]
 [0.004 0.005 0.002 0.158 0.012 0.656 0.1   0.011 0.052 0.   ]
 [0.003 0.01  0.001 0.102 0.029 0.348 0.459 0.003 0.037 0.008]
 [0.022 0.006 0.005 0.208 0.022 0.456 0.124 0.05  0.09  0.017]
 [0.015 0.025 0.001 0.19  0.001 0.048 0.019 0.003 0.693 0.005]
 [0.027 0.057 0.002 0.323 0.022 0.097 0.019 0.018 0.323 0.112]]
[2025-06-11 08:55:23,337 INFO] 1500 iteration, USE_EMA: True, {'train/sup_loss': tensor(0.1983, device='cuda:0'), 'train/unsup_loss': tensor(0.0068, device='cuda:0'), 'train/total_loss': tensor(0.3253, device='cuda:0'), 'lr': 0.02984053572971093, 'train/prefecth_time': 0.09262249755859375, 'train/run_time': 0.11942518615722657, 'eval/loss': tensor(2.3778, device='cuda:0'), 'eval/top-1-acc': 0.2451, 'eval/top-5-acc': 0.7215}, BEST_EVAL_ACC: 0.2451, at 1500 iters
[2025-06-11 08:55:49,991 INFO] confusion matrix:
[[0.113 0.032 0.048 0.264 0.006 0.084 0.05  0.003 0.397 0.003]
 [0.014 0.175 0.    0.196 0.031 0.145 0.02  0.028 0.295 0.096]
 [0.026 0.004 0.021 0.132 0.023 0.332 0.338 0.001 0.121 0.002]
 [0.008 0.009 0.    0.187 0.006 0.649 0.085 0.011 0.043 0.002]
 [0.013 0.002 0.002 0.065 0.021 0.364 0.407 0.008 0.11  0.008]
 [0.003 0.006 0.003 0.136 0.012 0.694 0.088 0.015 0.043 0.   ]
 [0.003 0.01  0.001 0.101 0.032 0.376 0.432 0.008 0.03  0.007]
 [0.025 0.006 0.005 0.192 0.026 0.494 0.102 0.056 0.079 0.015]
 [0.014 0.027 0.001 0.183 0.003 0.055 0.017 0.004 0.69  0.006]
 [0.032 0.083 0.002 0.324 0.022 0.11  0.016 0.026 0.283 0.102]]
[2025-06-11 08:55:49,996 INFO] 1600 iteration, USE_EMA: True, {'train/sup_loss': tensor(0.2711, device='cuda:0'), 'train/unsup_loss': tensor(0.0066, device='cuda:0'), 'train/total_loss': tensor(0.4025, device='cuda:0'), 'lr': 0.029818602357285205, 'train/prefecth_time': 0.10642642974853515, 'train/run_time': 0.12459417724609376, 'eval/loss': tensor(2.4056, device='cuda:0'), 'eval/top-1-acc': 0.2491, 'eval/top-5-acc': 0.7239}, BEST_EVAL_ACC: 0.2491, at 1600 iters
[2025-06-11 08:56:16,914 INFO] confusion matrix:
[[0.124 0.034 0.045 0.255 0.006 0.09  0.048 0.003 0.392 0.003]
 [0.013 0.205 0.    0.196 0.036 0.164 0.017 0.04  0.245 0.084]
 [0.028 0.005 0.017 0.129 0.026 0.365 0.322 0.002 0.104 0.002]
 [0.008 0.01  0.    0.172 0.008 0.683 0.075 0.012 0.03  0.002]
 [0.016 0.003 0.002 0.06  0.023 0.41  0.379 0.008 0.093 0.006]
 [0.003 0.005 0.004 0.127 0.013 0.723 0.08  0.017 0.028 0.   ]
 [0.003 0.008 0.001 0.093 0.039 0.421 0.391 0.012 0.025 0.007]
 [0.026 0.004 0.004 0.185 0.027 0.538 0.081 0.058 0.064 0.013]
 [0.015 0.033 0.002 0.175 0.003 0.065 0.018 0.004 0.678 0.007]
 [0.04  0.106 0.003 0.324 0.024 0.122 0.011 0.033 0.25  0.087]]
[2025-06-11 08:56:16,919 INFO] 1700 iteration, USE_EMA: True, {'train/sup_loss': tensor(0.1121, device='cuda:0'), 'train/unsup_loss': tensor(0.0058, device='cuda:0'), 'train/total_loss': tensor(0.2354, device='cuda:0'), 'lr': 0.02979526072940148, 'train/prefecth_time': 0.09511939239501953, 'train/run_time': 0.1198249282836914, 'eval/loss': tensor(2.4419, device='cuda:0'), 'eval/top-1-acc': 0.2478, 'eval/top-5-acc': 0.7242}, BEST_EVAL_ACC: 0.2491, at 1600 iters
[2025-06-11 08:56:43,595 INFO] confusion matrix:
[[0.133 0.035 0.041 0.248 0.008 0.097 0.039 0.005 0.391 0.003]
 [0.017 0.224 0.    0.195 0.038 0.175 0.013 0.049 0.21  0.079]
 [0.034 0.006 0.016 0.125 0.027 0.41  0.29  0.002 0.089 0.001]
 [0.009 0.01  0.    0.162 0.009 0.712 0.059 0.013 0.024 0.002]
 [0.017 0.003 0.002 0.057 0.024 0.464 0.341 0.011 0.077 0.004]
 [0.003 0.008 0.003 0.12  0.012 0.742 0.067 0.019 0.026 0.   ]
 [0.005 0.007 0.006 0.093 0.043 0.448 0.361 0.01  0.02  0.007]
 [0.032 0.004 0.003 0.18  0.031 0.559 0.07  0.059 0.054 0.008]
 [0.016 0.034 0.003 0.17  0.003 0.073 0.015 0.006 0.676 0.004]
 [0.043 0.122 0.004 0.325 0.027 0.131 0.009 0.033 0.224 0.082]]
[2025-06-11 08:56:43,603 INFO] 1800 iteration, USE_EMA: True, {'train/sup_loss': tensor(0.2216, device='cuda:0'), 'train/unsup_loss': tensor(0.0061, device='cuda:0'), 'train/total_loss': tensor(0.3592, device='cuda:0'), 'lr': 0.029770511948424474, 'train/prefecth_time': 0.09338764953613281, 'train/run_time': 0.12020476531982421, 'eval/loss': tensor(2.4865, device='cuda:0'), 'eval/top-1-acc': 0.2479, 'eval/top-5-acc': 0.7255}, BEST_EVAL_ACC: 0.2491, at 1600 iters
[2025-06-11 08:57:10,251 INFO] confusion matrix:
[[0.151 0.033 0.037 0.241 0.008 0.093 0.039 0.008 0.387 0.003]
 [0.017 0.24  0.    0.188 0.039 0.173 0.015 0.067 0.191 0.07 ]
 [0.039 0.005 0.016 0.123 0.03  0.416 0.285 0.004 0.082 0.   ]
 [0.008 0.01  0.    0.158 0.009 0.724 0.056 0.016 0.018 0.001]
 [0.019 0.005 0.003 0.058 0.026 0.473 0.328 0.013 0.073 0.002]
 [0.003 0.008 0.004 0.114 0.014 0.75  0.061 0.021 0.025 0.   ]
 [0.005 0.006 0.007 0.092 0.048 0.454 0.349 0.014 0.019 0.006]
 [0.036 0.004 0.002 0.179 0.038 0.557 0.061 0.07  0.045 0.008]
 [0.018 0.036 0.004 0.162 0.003 0.068 0.016 0.012 0.677 0.004]
 [0.045 0.139 0.002 0.32  0.028 0.129 0.009 0.043 0.214 0.071]]
[2025-06-11 08:57:10,256 INFO] 1900 iteration, USE_EMA: True, {'train/sup_loss': tensor(1.0101, device='cuda:0'), 'train/unsup_loss': tensor(0.0093, device='cuda:0'), 'train/total_loss': tensor(1.2315, device='cuda:0'), 'lr': 0.02974435718317509, 'train/prefecth_time': 0.09403801727294922, 'train/run_time': 0.11978342437744141, 'eval/loss': tensor(2.5134, device='cuda:0'), 'eval/top-1-acc': 0.2508, 'eval/top-5-acc': 0.7284}, BEST_EVAL_ACC: 0.2508, at 1900 iters
[2025-06-11 08:57:36,763 INFO] confusion matrix:
[[0.161 0.032 0.036 0.234 0.01  0.094 0.035 0.011 0.384 0.003]
 [0.02  0.247 0.    0.187 0.041 0.171 0.013 0.082 0.17  0.069]
 [0.045 0.004 0.017 0.122 0.032 0.436 0.272 0.005 0.067 0.   ]
 [0.01  0.01  0.001 0.158 0.011 0.725 0.05  0.017 0.017 0.001]
 [0.024 0.005 0.001 0.058 0.031 0.484 0.309 0.016 0.07  0.002]
 [0.002 0.009 0.004 0.116 0.014 0.754 0.054 0.023 0.024 0.   ]
 [0.006 0.007 0.014 0.092 0.055 0.464 0.32  0.02  0.018 0.004]
 [0.046 0.004 0.003 0.179 0.043 0.549 0.048 0.083 0.038 0.007]
 [0.022 0.038 0.004 0.161 0.003 0.073 0.015 0.013 0.667 0.004]
 [0.049 0.144 0.002 0.326 0.03  0.124 0.008 0.047 0.2   0.07 ]]
[2025-06-11 08:57:36,771 INFO] 2000 iteration, USE_EMA: True, {'train/sup_loss': tensor(1.2090, device='cuda:0'), 'train/unsup_loss': tensor(0.0162, device='cuda:0'), 'train/total_loss': tensor(1.6148, device='cuda:0'), 'lr': 0.029716797668875233, 'train/prefecth_time': 0.1030455322265625, 'train/run_time': 0.12063353729248047, 'eval/loss': tensor(2.5477, device='cuda:0'), 'eval/top-1-acc': 0.2508, 'eval/top-5-acc': 0.7303}, BEST_EVAL_ACC: 0.2508, at 1900 iters
[2025-06-11 08:58:03,081 INFO] confusion matrix:
[[0.167 0.032 0.035 0.238 0.01  0.097 0.033 0.012 0.373 0.003]
 [0.02  0.258 0.    0.189 0.042 0.168 0.012 0.094 0.154 0.063]
 [0.051 0.005 0.017 0.12  0.036 0.437 0.266 0.006 0.062 0.   ]
 [0.011 0.011 0.003 0.162 0.012 0.717 0.044 0.022 0.017 0.001]
 [0.026 0.006 0.002 0.059 0.035 0.493 0.299 0.016 0.062 0.002]
 [0.002 0.009 0.004 0.118 0.016 0.751 0.052 0.025 0.023 0.   ]
 [0.006 0.008 0.022 0.091 0.061 0.462 0.31  0.023 0.013 0.004]
 [0.058 0.003 0.003 0.179 0.044 0.541 0.037 0.091 0.037 0.007]
 [0.024 0.044 0.003 0.167 0.003 0.067 0.014 0.021 0.652 0.005]
 [0.055 0.159 0.002 0.334 0.031 0.121 0.008 0.048 0.181 0.061]]
[2025-06-11 08:58:03,088 INFO] 2100 iteration, USE_EMA: True, {'train/sup_loss': tensor(0.2706, device='cuda:0'), 'train/unsup_loss': tensor(0.0068, device='cuda:0'), 'train/total_loss': tensor(0.4478, device='cuda:0'), 'lr': 0.02968783470708948, 'train/prefecth_time': 0.090187744140625, 'train/run_time': 0.11942505645751954, 'eval/loss': tensor(2.5830, device='cuda:0'), 'eval/top-1-acc': 0.2504, 'eval/top-5-acc': 0.7318}, BEST_EVAL_ACC: 0.2508, at 1900 iters
[2025-06-11 08:58:29,489 INFO] confusion matrix:
[[0.172 0.033 0.034 0.243 0.01  0.095 0.033 0.013 0.365 0.002]
 [0.019 0.277 0.    0.188 0.044 0.168 0.01  0.106 0.13  0.058]
 [0.054 0.004 0.017 0.124 0.035 0.442 0.257 0.008 0.059 0.   ]
 [0.01  0.01  0.004 0.166 0.012 0.716 0.043 0.024 0.015 0.   ]
 [0.029 0.007 0.005 0.057 0.037 0.503 0.292 0.011 0.056 0.003]
 [0.002 0.01  0.005 0.119 0.015 0.749 0.05  0.029 0.021 0.   ]
 [0.006 0.009 0.037 0.092 0.062 0.459 0.299 0.022 0.011 0.003]
 [0.063 0.003 0.004 0.187 0.046 0.53  0.036 0.095 0.031 0.005]
 [0.025 0.047 0.003 0.171 0.003 0.072 0.012 0.023 0.638 0.006]
 [0.063 0.171 0.004 0.341 0.031 0.111 0.008 0.052 0.162 0.057]]
[2025-06-11 08:58:29,495 INFO] 2200 iteration, USE_EMA: True, {'train/sup_loss': tensor(0.7766, device='cuda:0'), 'train/unsup_loss': tensor(0.0062, device='cuda:0'), 'train/total_loss': tensor(0.9474, device='cuda:0'), 'lr': 0.029657469665663596, 'train/prefecth_time': 0.09414466857910156, 'train/run_time': 0.120489501953125, 'eval/loss': tensor(2.6351, device='cuda:0'), 'eval/top-1-acc': 0.2507, 'eval/top-5-acc': 0.7319}, BEST_EVAL_ACC: 0.2508, at 1900 iters
[2025-06-11 08:58:55,789 INFO] confusion matrix:
[[0.18  0.033 0.034 0.239 0.012 0.084 0.031 0.015 0.371 0.001]
 [0.02  0.276 0.001 0.196 0.048 0.154 0.01  0.12  0.124 0.051]
 [0.058 0.005 0.018 0.124 0.037 0.441 0.25  0.009 0.058 0.   ]
 [0.012 0.009 0.004 0.171 0.013 0.71  0.04  0.026 0.015 0.   ]
 [0.031 0.005 0.004 0.06  0.041 0.509 0.282 0.014 0.052 0.002]
 [0.003 0.01  0.005 0.124 0.016 0.745 0.047 0.03  0.02  0.   ]
 [0.009 0.008 0.049 0.092 0.07  0.462 0.269 0.028 0.01  0.003]
 [0.068 0.003 0.004 0.192 0.053 0.519 0.028 0.096 0.033 0.004]
 [0.026 0.049 0.003 0.166 0.003 0.067 0.011 0.023 0.646 0.006]
 [0.066 0.172 0.004 0.347 0.036 0.103 0.008 0.057 0.153 0.054]]
[2025-06-11 08:58:55,796 INFO] 2300 iteration, USE_EMA: True, {'train/sup_loss': tensor(0.0851, device='cuda:0'), 'train/unsup_loss': tensor(0.0063, device='cuda:0'), 'train/total_loss': tensor(0.2659, device='cuda:0'), 'lr': 0.029625703978659948, 'train/prefecth_time': 0.10643660736083985, 'train/run_time': 0.12180764770507813, 'eval/loss': tensor(2.6739, device='cuda:0'), 'eval/top-1-acc': 0.2496, 'eval/top-5-acc': 0.7341}, BEST_EVAL_ACC: 0.2508, at 1900 iters
[2025-06-11 08:59:21,968 INFO] confusion matrix:
[[0.182 0.033 0.03  0.237 0.014 0.082 0.03  0.017 0.374 0.001]
 [0.02  0.283 0.001 0.197 0.049 0.151 0.01  0.127 0.114 0.048]
 [0.059 0.005 0.015 0.123 0.038 0.441 0.249 0.014 0.056 0.   ]
 [0.012 0.01  0.005 0.17  0.013 0.71  0.038 0.028 0.014 0.   ]
 [0.032 0.004 0.005 0.062 0.049 0.506 0.274 0.019 0.048 0.001]
 [0.003 0.011 0.005 0.118 0.018 0.747 0.045 0.035 0.018 0.   ]
 [0.01  0.01  0.058 0.092 0.071 0.462 0.262 0.027 0.007 0.001]
 [0.078 0.003 0.003 0.19  0.052 0.516 0.029 0.097 0.028 0.004]
 [0.026 0.051 0.004 0.163 0.004 0.066 0.011 0.027 0.643 0.005]
 [0.071 0.187 0.004 0.338 0.039 0.096 0.008 0.063 0.149 0.045]]
[2025-06-11 08:59:21,976 INFO] 2400 iteration, USE_EMA: True, {'train/sup_loss': tensor(0.8527, device='cuda:0'), 'train/unsup_loss': tensor(0.0087, device='cuda:0'), 'train/total_loss': tensor(1.1138, device='cuda:0'), 'lr': 0.02959253914628976, 'train/prefecth_time': 0.1014117431640625, 'train/run_time': 0.12050825500488281, 'eval/loss': tensor(2.7216, device='cuda:0'), 'eval/top-1-acc': 0.2493, 'eval/top-5-acc': 0.7332}, BEST_EVAL_ACC: 0.2508, at 1900 iters
[2025-06-11 08:59:48,153 INFO] confusion matrix:
[[0.192 0.029 0.026 0.241 0.014 0.085 0.027 0.019 0.366 0.001]
 [0.022 0.27  0.001 0.198 0.051 0.151 0.008 0.141 0.112 0.046]
 [0.064 0.006 0.015 0.124 0.037 0.443 0.245 0.013 0.053 0.   ]
 [0.014 0.014 0.005 0.17  0.014 0.706 0.038 0.027 0.012 0.   ]
 [0.034 0.004 0.006 0.062 0.051 0.514 0.268 0.019 0.041 0.001]
 [0.005 0.01  0.005 0.109 0.018 0.756 0.045 0.035 0.017 0.   ]
 [0.01  0.009 0.072 0.09  0.075 0.451 0.254 0.03  0.008 0.001]
 [0.08  0.003 0.003 0.195 0.052 0.518 0.024 0.097 0.025 0.003]
 [0.029 0.05  0.004 0.16  0.004 0.068 0.01  0.029 0.641 0.005]
 [0.076 0.187 0.004 0.342 0.04  0.091 0.008 0.067 0.143 0.042]]
[2025-06-11 08:59:48,160 INFO] 2500 iteration, USE_EMA: True, {'train/sup_loss': tensor(1.2278, device='cuda:0'), 'train/unsup_loss': tensor(0.0146, device='cuda:0'), 'train/total_loss': tensor(1.6827, device='cuda:0'), 'lr': 0.029557976734842277, 'train/prefecth_time': 0.09699164581298828, 'train/run_time': 0.11972374725341797, 'eval/loss': tensor(2.7657, device='cuda:0'), 'eval/top-1-acc': 0.2488, 'eval/top-5-acc': 0.7334}, BEST_EVAL_ACC: 0.2508, at 1900 iters
[2025-06-11 09:00:14,491 INFO] confusion matrix:
[[0.2   0.027 0.016 0.244 0.013 0.08  0.03  0.021 0.369 0.   ]
 [0.027 0.268 0.002 0.202 0.051 0.128 0.008 0.157 0.11  0.047]
 [0.064 0.006 0.016 0.123 0.037 0.449 0.241 0.012 0.052 0.   ]
 [0.015 0.014 0.006 0.17  0.014 0.706 0.037 0.026 0.012 0.   ]
 [0.036 0.003 0.011 0.063 0.051 0.511 0.266 0.017 0.041 0.001]
 [0.005 0.012 0.005 0.111 0.019 0.754 0.044 0.034 0.016 0.   ]
 [0.012 0.012 0.093 0.089 0.073 0.443 0.241 0.031 0.006 0.   ]
 [0.091 0.004 0.003 0.195 0.054 0.518 0.021 0.088 0.024 0.002]
 [0.034 0.049 0.004 0.158 0.004 0.069 0.008 0.031 0.638 0.005]
 [0.084 0.192 0.003 0.341 0.042 0.09  0.008 0.067 0.135 0.038]]
[2025-06-11 09:00:14,496 INFO] 2600 iteration, USE_EMA: True, {'train/sup_loss': tensor(0.1048, device='cuda:0'), 'train/unsup_loss': tensor(0.0069, device='cuda:0'), 'train/total_loss': tensor(0.3293, device='cuda:0'), 'lr': 0.029522018376610795, 'train/prefecth_time': 0.09418534088134765, 'train/run_time': 0.12126588439941406, 'eval/loss': tensor(2.7915, device='cuda:0'), 'eval/top-1-acc': 0.2464, 'eval/top-5-acc': 0.7354}, BEST_EVAL_ACC: 0.2508, at 1900 iters
[2025-06-11 09:00:40,863 INFO] confusion matrix:
[[0.212 0.028 0.013 0.239 0.01  0.071 0.031 0.026 0.37  0.   ]
 [0.033 0.264 0.002 0.204 0.051 0.124 0.007 0.161 0.104 0.05 ]
 [0.073 0.006 0.013 0.122 0.035 0.434 0.249 0.015 0.052 0.001]
 [0.018 0.014 0.008 0.168 0.015 0.694 0.039 0.032 0.012 0.   ]
 [0.036 0.003 0.017 0.062 0.047 0.501 0.271 0.017 0.045 0.001]
 [0.007 0.012 0.007 0.111 0.018 0.75  0.043 0.035 0.017 0.   ]
 [0.014 0.01  0.118 0.086 0.069 0.417 0.249 0.03  0.007 0.   ]
 [0.101 0.004 0.003 0.194 0.055 0.501 0.023 0.093 0.024 0.002]
 [0.039 0.049 0.004 0.157 0.005 0.062 0.007 0.036 0.638 0.003]
 [0.09  0.19  0.004 0.35  0.043 0.08  0.007 0.064 0.133 0.039]]
[2025-06-11 09:00:40,868 INFO] 2700 iteration, USE_EMA: True, {'train/sup_loss': tensor(1.1471, device='cuda:0'), 'train/unsup_loss': tensor(0.0175, device='cuda:0'), 'train/total_loss': tensor(1.7371, device='cuda:0'), 'lr': 0.029484665769815555, 'train/prefecth_time': 0.09322496032714844, 'train/run_time': 0.11935648345947265, 'eval/loss': tensor(2.8168, device='cuda:0'), 'eval/top-1-acc': 0.2473, 'eval/top-5-acc': 0.7362}, BEST_EVAL_ACC: 0.2508, at 1900 iters
[2025-06-11 09:01:07,223 INFO] confusion matrix:
[[0.249 0.029 0.013 0.208 0.012 0.077 0.029 0.025 0.358 0.   ]
 [0.039 0.256 0.003 0.194 0.055 0.121 0.005 0.176 0.103 0.048]
 [0.081 0.006 0.015 0.11  0.035 0.434 0.254 0.013 0.051 0.001]
 [0.018 0.014 0.012 0.161 0.015 0.699 0.041 0.028 0.012 0.   ]
 [0.04  0.001 0.018 0.059 0.05  0.501 0.275 0.016 0.039 0.001]
 [0.01  0.012 0.008 0.094 0.019 0.765 0.044 0.035 0.013 0.   ]
 [0.015 0.008 0.142 0.082 0.07  0.392 0.252 0.032 0.007 0.   ]
 [0.114 0.003 0.003 0.178 0.058 0.507 0.022 0.09  0.023 0.002]
 [0.045 0.046 0.006 0.143 0.005 0.064 0.007 0.037 0.642 0.005]
 [0.113 0.19  0.004 0.32  0.045 0.081 0.007 0.07  0.13  0.04 ]]
[2025-06-11 09:01:07,228 INFO] 2800 iteration, USE_EMA: True, {'train/sup_loss': tensor(1.2202, device='cuda:0'), 'train/unsup_loss': tensor(0.0175, device='cuda:0'), 'train/total_loss': tensor(1.8341, device='cuda:0'), 'lr': 0.02944592067852356, 'train/prefecth_time': 0.10587894439697265, 'train/run_time': 0.12139437103271485, 'eval/loss': tensor(2.8231, device='cuda:0'), 'eval/top-1-acc': 0.252, 'eval/top-5-acc': 0.7363}, BEST_EVAL_ACC: 0.252, at 2800 iters
[2025-06-11 09:01:33,387 INFO] confusion matrix:
[[0.285 0.029 0.01  0.179 0.013 0.076 0.029 0.027 0.352 0.   ]
 [0.047 0.248 0.004 0.179 0.057 0.118 0.005 0.187 0.106 0.049]
 [0.092 0.006 0.02  0.093 0.038 0.442 0.244 0.013 0.051 0.001]
 [0.019 0.013 0.013 0.155 0.016 0.702 0.042 0.028 0.012 0.   ]
 [0.046 0.001 0.02  0.05  0.054 0.51  0.265 0.017 0.036 0.001]
 [0.012 0.012 0.009 0.083 0.02  0.776 0.042 0.033 0.013 0.   ]
 [0.022 0.006 0.173 0.068 0.068 0.383 0.24  0.033 0.007 0.   ]
 [0.125 0.003 0.003 0.158 0.064 0.519 0.022 0.083 0.021 0.002]
 [0.061 0.048 0.008 0.12  0.006 0.06  0.007 0.04  0.646 0.004]
 [0.138 0.198 0.004 0.281 0.045 0.084 0.007 0.072 0.129 0.042]]
[2025-06-11 09:01:33,393 INFO] 2900 iteration, USE_EMA: True, {'train/sup_loss': tensor(1.1674, device='cuda:0'), 'train/unsup_loss': tensor(0.0156, device='cuda:0'), 'train/total_loss': tensor(1.7315, device='cuda:0'), 'lr': 0.02940578493256525, 'train/prefecth_time': 0.0934634552001953, 'train/run_time': 0.11923251342773437, 'eval/loss': tensor(2.8292, device='cuda:0'), 'eval/top-1-acc': 0.2549, 'eval/top-5-acc': 0.7386}, BEST_EVAL_ACC: 0.2549, at 2900 iters
[2025-06-11 09:01:59,749 INFO] confusion matrix:
[[0.307 0.028 0.011 0.163 0.013 0.075 0.028 0.029 0.346 0.   ]
 [0.054 0.244 0.004 0.168 0.057 0.12  0.005 0.198 0.102 0.048]
 [0.101 0.006 0.023 0.086 0.043 0.436 0.243 0.013 0.048 0.001]
 [0.024 0.012 0.018 0.144 0.019 0.707 0.038 0.026 0.012 0.   ]
 [0.051 0.    0.022 0.047 0.06  0.509 0.259 0.016 0.035 0.001]
 [0.013 0.012 0.009 0.074 0.022 0.787 0.04  0.03  0.013 0.   ]
 [0.027 0.007 0.192 0.062 0.071 0.375 0.227 0.032 0.007 0.   ]
 [0.128 0.003 0.003 0.146 0.067 0.527 0.022 0.083 0.019 0.002]
 [0.065 0.051 0.009 0.112 0.008 0.057 0.007 0.045 0.642 0.004]
 [0.156 0.204 0.005 0.251 0.049 0.088 0.007 0.077 0.123 0.04 ]]
[2025-06-11 09:01:59,754 INFO] 3000 iteration, USE_EMA: True, {'train/sup_loss': tensor(0.2589, device='cuda:0'), 'train/unsup_loss': tensor(0.0055, device='cuda:0'), 'train/total_loss': tensor(0.4634, device='cuda:0'), 'lr': 0.029364260427448087, 'train/prefecth_time': 0.09203302764892578, 'train/run_time': 0.11973219299316407, 'eval/loss': tensor(2.8408, device='cuda:0'), 'eval/top-1-acc': 0.2557, 'eval/top-5-acc': 0.7392}, BEST_EVAL_ACC: 0.2557, at 3000 iters
[2025-06-11 09:02:25,814 INFO] confusion matrix:
[[0.333 0.028 0.014 0.136 0.013 0.071 0.028 0.03  0.347 0.   ]
 [0.057 0.245 0.006 0.151 0.058 0.118 0.007 0.201 0.111 0.046]
 [0.11  0.006 0.024 0.077 0.046 0.432 0.24  0.013 0.05  0.002]
 [0.031 0.012 0.02  0.133 0.019 0.706 0.04  0.025 0.014 0.   ]
 [0.054 0.    0.025 0.044 0.063 0.509 0.255 0.014 0.035 0.001]
 [0.019 0.011 0.009 0.068 0.024 0.788 0.041 0.028 0.012 0.   ]
 [0.035 0.007 0.209 0.055 0.074 0.363 0.224 0.026 0.007 0.   ]
 [0.142 0.003 0.003 0.127 0.074 0.53  0.017 0.082 0.02  0.002]
 [0.07  0.047 0.011 0.098 0.01  0.056 0.007 0.043 0.653 0.005]
 [0.166 0.208 0.005 0.233 0.05  0.09  0.007 0.078 0.126 0.037]]
[2025-06-11 09:02:25,819 INFO] 3100 iteration, USE_EMA: True, {'train/sup_loss': tensor(0.2286, device='cuda:0'), 'train/unsup_loss': tensor(0.0052, device='cuda:0'), 'train/total_loss': tensor(0.4292, device='cuda:0'), 'lr': 0.029321349124267034, 'train/prefecth_time': 0.10503743743896485, 'train/run_time': 0.1191572494506836, 'eval/loss': tensor(2.8521, device='cuda:0'), 'eval/top-1-acc': 0.2582, 'eval/top-5-acc': 0.7382}, BEST_EVAL_ACC: 0.2582, at 3100 iters
[2025-06-11 09:02:51,786 INFO] confusion matrix:
[[0.355 0.026 0.014 0.115 0.014 0.067 0.028 0.033 0.347 0.001]
 [0.061 0.247 0.007 0.132 0.058 0.114 0.007 0.21  0.116 0.048]
 [0.115 0.006 0.026 0.073 0.048 0.43  0.239 0.012 0.049 0.002]
 [0.037 0.014 0.022 0.124 0.019 0.707 0.038 0.025 0.014 0.   ]
 [0.055 0.    0.027 0.04  0.065 0.511 0.253 0.015 0.033 0.001]
 [0.022 0.012 0.01  0.061 0.025 0.795 0.039 0.024 0.012 0.   ]
 [0.038 0.007 0.228 0.05  0.074 0.357 0.215 0.024 0.007 0.   ]
 [0.159 0.002 0.004 0.115 0.078 0.524 0.019 0.078 0.019 0.002]
 [0.083 0.049 0.011 0.076 0.009 0.056 0.006 0.047 0.658 0.005]
 [0.175 0.22  0.006 0.205 0.048 0.093 0.005 0.077 0.135 0.036]]
[2025-06-11 09:02:51,791 INFO] 3200 iteration, USE_EMA: True, {'train/sup_loss': tensor(0.4077, device='cuda:0'), 'train/unsup_loss': tensor(0.0070, device='cuda:0'), 'train/total_loss': tensor(0.6873, device='cuda:0'), 'lr': 0.029277053049611944, 'train/prefecth_time': 0.09052774047851563, 'train/run_time': 0.12014300537109375, 'eval/loss': tensor(2.8755, device='cuda:0'), 'eval/top-1-acc': 0.2599, 'eval/top-5-acc': 0.7369}, BEST_EVAL_ACC: 0.2599, at 3200 iters
[2025-06-11 09:03:17,942 INFO] confusion matrix:
[[0.385 0.024 0.015 0.094 0.014 0.064 0.028 0.035 0.34  0.001]
 [0.068 0.243 0.009 0.121 0.057 0.108 0.007 0.222 0.117 0.048]
 [0.134 0.006 0.028 0.062 0.047 0.422 0.242 0.011 0.046 0.002]
 [0.043 0.015 0.024 0.112 0.017 0.709 0.039 0.028 0.013 0.   ]
 [0.057 0.    0.031 0.035 0.065 0.509 0.256 0.013 0.033 0.001]
 [0.025 0.012 0.01  0.053 0.026 0.798 0.04  0.024 0.012 0.   ]
 [0.044 0.007 0.242 0.043 0.072 0.348 0.21  0.026 0.008 0.   ]
 [0.169 0.002 0.004 0.104 0.083 0.518 0.02  0.077 0.021 0.002]
 [0.097 0.051 0.014 0.06  0.009 0.052 0.006 0.051 0.655 0.005]
 [0.191 0.221 0.007 0.179 0.048 0.091 0.006 0.081 0.142 0.034]]
[2025-06-11 09:03:17,946 INFO] 3300 iteration, USE_EMA: True, {'train/sup_loss': tensor(0.0897, device='cuda:0'), 'train/unsup_loss': tensor(0.0053, device='cuda:0'), 'train/total_loss': tensor(0.3096, device='cuda:0'), 'lr': 0.02923137429547185, 'train/prefecth_time': 0.09547980499267578, 'train/run_time': 0.12076825714111328, 'eval/loss': tensor(2.9047, device='cuda:0'), 'eval/top-1-acc': 0.2607, 'eval/top-5-acc': 0.735}, BEST_EVAL_ACC: 0.2607, at 3300 iters
[2025-06-11 09:03:43,885 INFO] confusion matrix:
[[0.417 0.024 0.014 0.065 0.014 0.064 0.027 0.034 0.34  0.001]
 [0.084 0.245 0.011 0.101 0.057 0.105 0.008 0.222 0.119 0.048]
 [0.145 0.006 0.033 0.053 0.048 0.414 0.24  0.011 0.048 0.002]
 [0.058 0.015 0.035 0.102 0.017 0.694 0.04  0.026 0.013 0.   ]
 [0.063 0.    0.036 0.03  0.066 0.504 0.255 0.011 0.034 0.001]
 [0.033 0.012 0.01  0.047 0.025 0.798 0.039 0.024 0.012 0.   ]
 [0.053 0.007 0.279 0.036 0.068 0.329 0.197 0.023 0.008 0.   ]
 [0.183 0.002 0.005 0.093 0.094 0.508 0.02  0.074 0.019 0.002]
 [0.121 0.044 0.014 0.039 0.008 0.055 0.006 0.049 0.66  0.004]
 [0.227 0.222 0.007 0.147 0.049 0.086 0.006 0.08  0.139 0.037]]
[2025-06-11 09:03:43,890 INFO] 3400 iteration, USE_EMA: True, {'train/sup_loss': tensor(0.1755, device='cuda:0'), 'train/unsup_loss': tensor(0.0062, device='cuda:0'), 'train/total_loss': tensor(0.4410, device='cuda:0'), 'lr': 0.029184315019136143, 'train/prefecth_time': 0.09295334625244141, 'train/run_time': 0.11946998596191406, 'eval/loss': tensor(2.9277, device='cuda:0'), 'eval/top-1-acc': 0.2629, 'eval/top-5-acc': 0.7361}, BEST_EVAL_ACC: 0.2629, at 3400 iters
[2025-06-11 09:04:09,811 INFO] confusion matrix:
[[0.455 0.022 0.013 0.048 0.015 0.062 0.026 0.034 0.324 0.001]
 [0.114 0.239 0.011 0.077 0.057 0.106 0.009 0.22  0.119 0.048]
 [0.159 0.007 0.037 0.046 0.046 0.407 0.24  0.014 0.042 0.002]
 [0.065 0.015 0.045 0.092 0.016 0.689 0.04  0.025 0.013 0.   ]
 [0.067 0.001 0.04  0.028 0.066 0.496 0.26  0.011 0.031 0.   ]
 [0.035 0.014 0.014 0.04  0.023 0.802 0.041 0.019 0.012 0.   ]
 [0.055 0.006 0.31  0.033 0.07  0.309 0.188 0.022 0.007 0.   ]
 [0.201 0.002 0.006 0.081 0.1   0.501 0.02  0.071 0.016 0.002]
 [0.138 0.044 0.015 0.034 0.009 0.055 0.006 0.047 0.648 0.004]
 [0.251 0.222 0.007 0.133 0.048 0.084 0.006 0.081 0.135 0.033]]
[2025-06-11 09:04:09,816 INFO] 3500 iteration, USE_EMA: True, {'train/sup_loss': tensor(1.1246, device='cuda:0'), 'train/unsup_loss': tensor(0.0144, device='cuda:0'), 'train/total_loss': tensor(1.7566, device='cuda:0'), 'lr': 0.029135877443092723, 'train/prefecth_time': 0.0899582748413086, 'train/run_time': 0.12055484771728515, 'eval/loss': tensor(2.9494, device='cuda:0'), 'eval/top-1-acc': 0.2631, 'eval/top-5-acc': 0.7381}, BEST_EVAL_ACC: 0.2631, at 3500 iters
[2025-06-11 09:04:35,652 INFO] confusion matrix:
[[0.475 0.02  0.012 0.041 0.016 0.061 0.024 0.034 0.316 0.001]
 [0.144 0.232 0.012 0.06  0.057 0.105 0.009 0.216 0.115 0.05 ]
 [0.177 0.007 0.039 0.034 0.046 0.402 0.239 0.015 0.039 0.002]
 [0.073 0.014 0.051 0.087 0.016 0.684 0.037 0.025 0.013 0.   ]
 [0.067 0.001 0.044 0.027 0.071 0.49  0.259 0.011 0.03  0.   ]
 [0.046 0.012 0.013 0.038 0.024 0.797 0.041 0.018 0.011 0.   ]
 [0.061 0.005 0.335 0.028 0.074 0.284 0.183 0.022 0.008 0.   ]
 [0.216 0.002 0.007 0.07  0.108 0.495 0.021 0.063 0.017 0.001]
 [0.159 0.043 0.015 0.03  0.008 0.055 0.006 0.047 0.632 0.005]
 [0.273 0.224 0.008 0.12  0.049 0.082 0.006 0.077 0.132 0.029]]
[2025-06-11 09:04:35,658 INFO] 3600 iteration, USE_EMA: True, {'train/sup_loss': tensor(1.2941, device='cuda:0'), 'train/unsup_loss': tensor(0.0187, device='cuda:0'), 'train/total_loss': tensor(2.1335, device='cuda:0'), 'lr': 0.029086063854923013, 'train/prefecth_time': 0.1477706298828125, 'train/run_time': 0.12263423919677735, 'eval/loss': tensor(2.9777, device='cuda:0'), 'eval/top-1-acc': 0.2608, 'eval/top-5-acc': 0.7389}, BEST_EVAL_ACC: 0.2631, at 3500 iters
[2025-06-11 09:05:01,672 INFO] confusion matrix:
[[0.49  0.019 0.012 0.032 0.017 0.059 0.024 0.032 0.314 0.001]
 [0.16  0.23  0.013 0.045 0.059 0.105 0.011 0.205 0.122 0.05 ]
 [0.182 0.004 0.043 0.035 0.045 0.398 0.237 0.012 0.042 0.002]
 [0.08  0.014 0.053 0.077 0.017 0.686 0.036 0.022 0.015 0.   ]
 [0.073 0.001 0.048 0.024 0.069 0.493 0.251 0.01  0.03  0.001]
 [0.05  0.011 0.015 0.033 0.024 0.8   0.039 0.017 0.011 0.   ]
 [0.063 0.005 0.35  0.028 0.07  0.277 0.179 0.019 0.009 0.   ]
 [0.22  0.003 0.007 0.068 0.113 0.491 0.021 0.058 0.018 0.001]
 [0.169 0.046 0.014 0.024 0.008 0.051 0.006 0.047 0.63  0.005]
 [0.289 0.224 0.008 0.108 0.049 0.088 0.006 0.066 0.136 0.026]]
[2025-06-11 09:05:01,678 INFO] 3700 iteration, USE_EMA: True, {'train/sup_loss': tensor(0.5008, device='cuda:0'), 'train/unsup_loss': tensor(0.0049, device='cuda:0'), 'train/total_loss': tensor(0.7262, device='cuda:0'), 'lr': 0.029034876607193928, 'train/prefecth_time': 0.12488406372070313, 'train/run_time': 0.12249091339111329, 'eval/loss': tensor(3.0043, device='cuda:0'), 'eval/top-1-acc': 0.2602, 'eval/top-5-acc': 0.7387}, BEST_EVAL_ACC: 0.2631, at 3500 iters
[2025-06-11 09:05:27,753 INFO] confusion matrix:
[[0.509 0.02  0.01  0.022 0.015 0.059 0.024 0.029 0.311 0.001]
 [0.177 0.231 0.013 0.035 0.058 0.103 0.009 0.208 0.119 0.047]
 [0.195 0.004 0.05  0.027 0.044 0.397 0.232 0.009 0.04  0.002]
 [0.09  0.013 0.06  0.072 0.015 0.682 0.036 0.018 0.014 0.   ]
 [0.078 0.001 0.054 0.023 0.071 0.483 0.248 0.011 0.031 0.   ]
 [0.059 0.011 0.016 0.031 0.024 0.794 0.039 0.015 0.011 0.   ]
 [0.065 0.005 0.372 0.024 0.067 0.271 0.172 0.015 0.009 0.   ]
 [0.243 0.003 0.01  0.055 0.114 0.479 0.023 0.056 0.016 0.001]
 [0.188 0.048 0.014 0.018 0.007 0.05  0.006 0.045 0.62  0.004]
 [0.317 0.228 0.01  0.094 0.048 0.087 0.006 0.066 0.12  0.024]]
[2025-06-11 09:05:27,758 INFO] 3800 iteration, USE_EMA: True, {'train/sup_loss': tensor(0.1675, device='cuda:0'), 'train/unsup_loss': tensor(0.0057, device='cuda:0'), 'train/total_loss': tensor(0.4374, device='cuda:0'), 'lr': 0.028982318117346775, 'train/prefecth_time': 0.1214101791381836, 'train/run_time': 0.12162044525146484, 'eval/loss': tensor(3.0353, device='cuda:0'), 'eval/top-1-acc': 0.2599, 'eval/top-5-acc': 0.7399}, BEST_EVAL_ACC: 0.2631, at 3500 iters
[2025-06-11 09:05:53,798 INFO] confusion matrix:
[[0.535 0.02  0.011 0.012 0.015 0.059 0.022 0.027 0.298 0.001]
 [0.193 0.231 0.016 0.028 0.057 0.101 0.011 0.207 0.113 0.043]
 [0.201 0.005 0.061 0.021 0.041 0.388 0.23  0.011 0.039 0.003]
 [0.098 0.013 0.065 0.063 0.015 0.68  0.036 0.017 0.013 0.   ]
 [0.079 0.001 0.065 0.022 0.072 0.473 0.245 0.011 0.032 0.   ]
 [0.069 0.011 0.02  0.023 0.024 0.787 0.04  0.015 0.011 0.   ]
 [0.07  0.006 0.396 0.016 0.062 0.261 0.165 0.015 0.009 0.   ]
 [0.253 0.003 0.014 0.046 0.118 0.471 0.024 0.055 0.015 0.001]
 [0.209 0.048 0.015 0.014 0.007 0.052 0.006 0.043 0.603 0.003]
 [0.33  0.237 0.01  0.078 0.049 0.082 0.006 0.067 0.117 0.024]]
[2025-06-11 09:05:53,803 INFO] 3900 iteration, USE_EMA: True, {'train/sup_loss': tensor(0.1714, device='cuda:0'), 'train/unsup_loss': tensor(0.0052, device='cuda:0'), 'train/total_loss': tensor(0.4228, device='cuda:0'), 'lr': 0.028928390867583073, 'train/prefecth_time': 0.1189969940185547, 'train/run_time': 0.12117612457275391, 'eval/loss': tensor(3.0592, device='cuda:0'), 'eval/top-1-acc': 0.2596, 'eval/top-5-acc': 0.7421}, BEST_EVAL_ACC: 0.2631, at 3500 iters
[2025-06-11 09:06:19,838 INFO] confusion matrix:
[[0.555 0.02  0.011 0.008 0.015 0.058 0.021 0.029 0.282 0.001]
 [0.219 0.235 0.015 0.019 0.057 0.104 0.011 0.209 0.092 0.039]
 [0.209 0.005 0.066 0.018 0.039 0.39  0.224 0.009 0.038 0.002]
 [0.115 0.014 0.073 0.046 0.014 0.676 0.037 0.014 0.011 0.   ]
 [0.083 0.001 0.071 0.021 0.072 0.473 0.24  0.01  0.028 0.001]
 [0.078 0.011 0.022 0.011 0.024 0.792 0.037 0.015 0.01  0.   ]
 [0.075 0.006 0.409 0.009 0.062 0.257 0.159 0.014 0.009 0.   ]
 [0.279 0.004 0.017 0.029 0.118 0.472 0.023 0.048 0.01  0.   ]
 [0.248 0.051 0.017 0.013 0.009 0.052 0.006 0.043 0.559 0.002]
 [0.38  0.24  0.011 0.05  0.045 0.084 0.006 0.066 0.095 0.023]]
[2025-06-11 09:06:19,843 INFO] 4000 iteration, USE_EMA: True, {'train/sup_loss': tensor(0.7342, device='cuda:0'), 'train/unsup_loss': tensor(0.0061, device='cuda:0'), 'train/total_loss': tensor(1.0403, device='cuda:0'), 'lr': 0.028873097404747344, 'train/prefecth_time': 0.13895103454589844, 'train/run_time': 0.12359712219238281, 'eval/loss': tensor(3.1001, device='cuda:0'), 'eval/top-1-acc': 0.2555, 'eval/top-5-acc': 0.7433}, BEST_EVAL_ACC: 0.2631, at 3500 iters
[2025-06-11 09:06:45,815 INFO] confusion matrix:
[[0.565 0.019 0.01  0.004 0.015 0.057 0.021 0.03  0.277 0.002]
 [0.235 0.23  0.012 0.013 0.057 0.108 0.009 0.215 0.084 0.037]
 [0.212 0.005 0.063 0.015 0.043 0.39  0.221 0.009 0.04  0.002]
 [0.13  0.014 0.072 0.035 0.013 0.675 0.035 0.015 0.011 0.   ]
 [0.089 0.001 0.066 0.016 0.074 0.469 0.246 0.011 0.027 0.001]
 [0.083 0.011 0.02  0.011 0.025 0.791 0.036 0.014 0.009 0.   ]
 [0.08  0.005 0.402 0.008 0.059 0.256 0.168 0.013 0.009 0.   ]
 [0.29  0.006 0.017 0.023 0.123 0.459 0.023 0.049 0.01  0.   ]
 [0.26  0.051 0.017 0.005 0.009 0.052 0.006 0.044 0.555 0.001]
 [0.408 0.236 0.01  0.034 0.047 0.082 0.005 0.067 0.09  0.021]]
[2025-06-11 09:06:45,820 INFO] 4100 iteration, USE_EMA: True, {'train/sup_loss': tensor(0.9401, device='cuda:0'), 'train/unsup_loss': tensor(0.0087, device='cuda:0'), 'train/total_loss': tensor(1.3858, device='cuda:0'), 'lr': 0.028816440340206802, 'train/prefecth_time': 0.08739225769042969, 'train/run_time': 0.11916239929199218, 'eval/loss': tensor(3.1207, device='cuda:0'), 'eval/top-1-acc': 0.2551, 'eval/top-5-acc': 0.7427}, BEST_EVAL_ACC: 0.2631, at 3500 iters
[2025-06-11 09:07:11,935 INFO] confusion matrix:
[[0.57  0.019 0.01  0.004 0.016 0.056 0.02  0.031 0.272 0.002]
 [0.237 0.235 0.013 0.011 0.058 0.103 0.007 0.224 0.077 0.035]
 [0.214 0.005 0.058 0.015 0.043 0.388 0.226 0.01  0.04  0.001]
 [0.133 0.014 0.068 0.03  0.013 0.679 0.037 0.015 0.011 0.   ]
 [0.09  0.001 0.062 0.016 0.076 0.462 0.253 0.011 0.028 0.001]
 [0.089 0.012 0.022 0.006 0.027 0.786 0.038 0.013 0.007 0.   ]
 [0.079 0.005 0.397 0.008 0.06  0.253 0.176 0.013 0.009 0.   ]
 [0.295 0.006 0.017 0.02  0.129 0.454 0.023 0.048 0.008 0.   ]
 [0.275 0.053 0.018 0.004 0.009 0.049 0.006 0.043 0.542 0.001]
 [0.42  0.239 0.01  0.025 0.046 0.084 0.005 0.068 0.082 0.021]]
[2025-06-11 09:07:11,939 INFO] 4200 iteration, USE_EMA: True, {'train/sup_loss': tensor(0.7491, device='cuda:0'), 'train/unsup_loss': tensor(0.0056, device='cuda:0'), 'train/total_loss': tensor(1.0454, device='cuda:0'), 'lr': 0.02875842234972806, 'train/prefecth_time': 0.10602992248535156, 'train/run_time': 0.12028313446044922, 'eval/loss': tensor(3.1451, device='cuda:0'), 'eval/top-1-acc': 0.2542, 'eval/top-5-acc': 0.7437}, BEST_EVAL_ACC: 0.2631, at 3500 iters
[2025-06-11 09:07:38,354 INFO] confusion matrix:
[[0.582 0.018 0.01  0.004 0.015 0.058 0.02  0.031 0.26  0.002]
 [0.247 0.244 0.012 0.008 0.056 0.105 0.006 0.217 0.071 0.034]
 [0.219 0.005 0.058 0.01  0.044 0.39  0.222 0.011 0.04  0.001]
 [0.142 0.014 0.068 0.026 0.012 0.677 0.035 0.014 0.011 0.001]
 [0.095 0.001 0.064 0.015 0.078 0.458 0.251 0.01  0.026 0.002]
 [0.089 0.013 0.021 0.006 0.025 0.788 0.037 0.014 0.007 0.   ]
 [0.082 0.005 0.398 0.006 0.061 0.254 0.172 0.013 0.009 0.   ]
 [0.302 0.009 0.016 0.017 0.131 0.445 0.023 0.049 0.008 0.   ]
 [0.291 0.053 0.018 0.003 0.009 0.049 0.006 0.043 0.527 0.001]
 [0.438 0.246 0.01  0.017 0.046 0.082 0.005 0.067 0.07  0.019]]
[2025-06-11 09:07:38,359 INFO] 4300 iteration, USE_EMA: True, {'train/sup_loss': tensor(0.1533, device='cuda:0'), 'train/unsup_loss': tensor(0.0044, device='cuda:0'), 'train/total_loss': tensor(0.3925, device='cuda:0'), 'lr': 0.028699046173350725, 'train/prefecth_time': 0.10017587280273438, 'train/run_time': 0.1196995849609375, 'eval/loss': tensor(3.1677, device='cuda:0'), 'eval/top-1-acc': 0.2543, 'eval/top-5-acc': 0.7447}, BEST_EVAL_ACC: 0.2631, at 3500 iters
[2025-06-11 09:08:04,449 INFO] confusion matrix:
[[0.587 0.019 0.01  0.002 0.015 0.057 0.02  0.03  0.258 0.002]
 [0.254 0.247 0.013 0.007 0.057 0.101 0.005 0.212 0.068 0.036]
 [0.219 0.005 0.059 0.009 0.045 0.389 0.222 0.011 0.04  0.001]
 [0.147 0.014 0.068 0.024 0.012 0.674 0.036 0.014 0.01  0.001]
 [0.094 0.001 0.066 0.014 0.08  0.452 0.254 0.01  0.027 0.002]
 [0.086 0.013 0.022 0.004 0.028 0.79  0.037 0.013 0.007 0.   ]
 [0.084 0.005 0.405 0.004 0.06  0.253 0.169 0.012 0.008 0.   ]
 [0.305 0.009 0.016 0.016 0.137 0.433 0.025 0.051 0.007 0.001]
 [0.297 0.055 0.02  0.002 0.009 0.049 0.006 0.043 0.518 0.001]
 [0.454 0.243 0.01  0.014 0.045 0.08  0.005 0.068 0.062 0.019]]
[2025-06-11 09:08:04,454 INFO] 4400 iteration, USE_EMA: True, {'train/sup_loss': tensor(0.5389, device='cuda:0'), 'train/unsup_loss': tensor(0.0050, device='cuda:0'), 'train/total_loss': tensor(0.8144, device='cuda:0'), 'lr': 0.028638314615258023, 'train/prefecth_time': 0.09116086578369141, 'train/run_time': 0.11997174072265625, 'eval/loss': tensor(3.1700, device='cuda:0'), 'eval/top-1-acc': 0.2544, 'eval/top-5-acc': 0.7486}, BEST_EVAL_ACC: 0.2631, at 3500 iters
[2025-06-11 09:08:30,427 INFO] confusion matrix:
[[0.597 0.022 0.01  0.002 0.015 0.056 0.02  0.03  0.247 0.001]
 [0.261 0.248 0.013 0.006 0.055 0.097 0.008 0.216 0.063 0.033]
 [0.225 0.005 0.062 0.01  0.045 0.381 0.226 0.009 0.036 0.001]
 [0.153 0.014 0.07  0.019 0.011 0.67  0.038 0.014 0.01  0.001]
 [0.096 0.001 0.066 0.016 0.083 0.443 0.258 0.009 0.026 0.002]
 [0.089 0.013 0.02  0.002 0.026 0.791 0.038 0.014 0.007 0.   ]
 [0.083 0.005 0.411 0.005 0.059 0.245 0.172 0.013 0.007 0.   ]
 [0.31  0.008 0.018 0.014 0.145 0.426 0.025 0.048 0.006 0.   ]
 [0.324 0.054 0.02  0.001 0.009 0.048 0.006 0.043 0.493 0.002]
 [0.468 0.242 0.01  0.013 0.042 0.078 0.006 0.068 0.054 0.019]]
[2025-06-11 09:08:30,435 INFO] 4500 iteration, USE_EMA: True, {'train/sup_loss': tensor(0.1380, device='cuda:0'), 'train/unsup_loss': tensor(0.0045, device='cuda:0'), 'train/total_loss': tensor(0.3890, device='cuda:0'), 'lr': 0.028576230543644353, 'train/prefecth_time': 0.08787149047851563, 'train/run_time': 0.1206126708984375, 'eval/loss': tensor(3.1813, device='cuda:0'), 'eval/top-1-acc': 0.2532, 'eval/top-5-acc': 0.7495}, BEST_EVAL_ACC: 0.2631, at 3500 iters
[2025-06-11 09:08:56,385 INFO] confusion matrix:
[[0.609 0.024 0.01  0.001 0.015 0.055 0.02  0.027 0.238 0.001]
 [0.264 0.256 0.017 0.006 0.054 0.095 0.008 0.206 0.059 0.035]
 [0.233 0.005 0.07  0.011 0.048 0.374 0.218 0.007 0.033 0.001]
 [0.157 0.015 0.07  0.018 0.012 0.667 0.039 0.011 0.01  0.001]
 [0.101 0.001 0.078 0.016 0.086 0.438 0.244 0.009 0.025 0.002]
 [0.094 0.014 0.021 0.003 0.027 0.784 0.037 0.013 0.007 0.   ]
 [0.086 0.005 0.432 0.004 0.053 0.24  0.162 0.013 0.005 0.   ]
 [0.314 0.007 0.018 0.012 0.157 0.416 0.024 0.046 0.005 0.001]
 [0.338 0.055 0.02  0.001 0.008 0.047 0.006 0.042 0.481 0.002]
 [0.477 0.246 0.011 0.009 0.042 0.079 0.005 0.063 0.048 0.02 ]]
[2025-06-11 09:08:56,393 INFO] 4600 iteration, USE_EMA: True, {'train/sup_loss': tensor(1.1860, device='cuda:0'), 'train/unsup_loss': tensor(0.0152, device='cuda:0'), 'train/total_loss': tensor(2.0615, device='cuda:0'), 'lr': 0.028512796890579825, 'train/prefecth_time': 0.08603520202636719, 'train/run_time': 0.11868390655517579, 'eval/loss': tensor(3.1877, device='cuda:0'), 'eval/top-1-acc': 0.2532, 'eval/top-5-acc': 0.752}, BEST_EVAL_ACC: 0.2631, at 3500 iters
[2025-06-11 09:09:22,201 INFO] confusion matrix:
[[0.62  0.024 0.01  0.001 0.015 0.054 0.019 0.025 0.23  0.002]
 [0.263 0.262 0.018 0.006 0.052 0.096 0.009 0.203 0.058 0.033]
 [0.236 0.004 0.072 0.012 0.043 0.377 0.219 0.005 0.031 0.001]
 [0.16  0.014 0.074 0.017 0.009 0.664 0.039 0.012 0.01  0.001]
 [0.11  0.001 0.082 0.016 0.084 0.434 0.245 0.008 0.018 0.002]
 [0.096 0.013 0.024 0.005 0.026 0.781 0.036 0.012 0.007 0.   ]
 [0.087 0.005 0.443 0.004 0.049 0.241 0.154 0.012 0.005 0.   ]
 [0.315 0.01  0.019 0.012 0.159 0.412 0.023 0.046 0.003 0.001]
 [0.358 0.056 0.02  0.001 0.007 0.045 0.006 0.041 0.464 0.002]
 [0.483 0.254 0.011 0.004 0.042 0.077 0.005 0.06  0.045 0.019]]
[2025-06-11 09:09:22,214 INFO] 4700 iteration, USE_EMA: True, {'train/sup_loss': tensor(1.0707, device='cuda:0'), 'train/unsup_loss': tensor(0.0133, device='cuda:0'), 'train/total_loss': tensor(1.8538, device='cuda:0'), 'lr': 0.028448016651871785, 'train/prefecth_time': 0.09413008117675781, 'train/run_time': 0.12238515472412109, 'eval/loss': tensor(3.1895, device='cuda:0'), 'eval/top-1-acc': 0.2519, 'eval/top-5-acc': 0.7556}, BEST_EVAL_ACC: 0.2631, at 3500 iters
[2025-06-11 09:09:48,110 INFO] confusion matrix:
[[0.637 0.025 0.011 0.    0.013 0.055 0.02  0.017 0.22  0.002]
 [0.274 0.271 0.019 0.006 0.05  0.095 0.009 0.183 0.06  0.033]
 [0.241 0.004 0.072 0.01  0.043 0.38  0.217 0.005 0.027 0.001]
 [0.166 0.014 0.076 0.015 0.009 0.662 0.037 0.011 0.009 0.001]
 [0.115 0.001 0.079 0.015 0.084 0.436 0.245 0.007 0.015 0.003]
 [0.098 0.012 0.022 0.003 0.023 0.789 0.036 0.012 0.005 0.   ]
 [0.088 0.005 0.44  0.004 0.045 0.249 0.152 0.012 0.005 0.   ]
 [0.324 0.009 0.019 0.01  0.162 0.406 0.022 0.044 0.003 0.001]
 [0.397 0.05  0.022 0.001 0.006 0.045 0.005 0.032 0.441 0.001]
 [0.494 0.258 0.012 0.003 0.036 0.08  0.004 0.053 0.04  0.02 ]]
[2025-06-11 09:09:48,117 INFO] 4800 iteration, USE_EMA: True, {'train/sup_loss': tensor(0.6552, device='cuda:0'), 'train/unsup_loss': tensor(0.0055, device='cuda:0'), 'train/total_loss': tensor(0.9822, device='cuda:0'), 'lr': 0.028381892886923343, 'train/prefecth_time': 0.09245862579345702, 'train/run_time': 0.12026525115966796, 'eval/loss': tensor(3.1957, device='cuda:0'), 'eval/top-1-acc': 0.2525, 'eval/top-5-acc': 0.7558}, BEST_EVAL_ACC: 0.2631, at 3500 iters
[2025-06-11 09:10:14,239 INFO] confusion matrix:
[[0.635 0.026 0.01  0.    0.013 0.055 0.02  0.017 0.222 0.002]
 [0.277 0.279 0.019 0.006 0.05  0.093 0.01  0.171 0.061 0.034]
 [0.244 0.004 0.072 0.011 0.043 0.375 0.217 0.005 0.028 0.001]
 [0.173 0.015 0.073 0.014 0.007 0.66  0.038 0.01  0.009 0.001]
 [0.117 0.001 0.078 0.014 0.087 0.424 0.252 0.007 0.017 0.003]
 [0.105 0.013 0.022 0.004 0.024 0.778 0.037 0.012 0.005 0.   ]
 [0.091 0.005 0.439 0.004 0.044 0.242 0.157 0.013 0.005 0.   ]
 [0.331 0.008 0.019 0.009 0.17  0.393 0.023 0.043 0.003 0.001]
 [0.394 0.054 0.022 0.001 0.006 0.041 0.005 0.029 0.446 0.002]
 [0.498 0.267 0.008 0.003 0.035 0.074 0.006 0.048 0.04  0.021]]
[2025-06-11 09:10:14,246 INFO] 4900 iteration, USE_EMA: True, {'train/sup_loss': tensor(1.1111, device='cuda:0'), 'train/unsup_loss': tensor(0.0124, device='cuda:0'), 'train/total_loss': tensor(1.8684, device='cuda:0'), 'lr': 0.02831442871858888, 'train/prefecth_time': 0.0947399673461914, 'train/run_time': 0.12033245086669922, 'eval/loss': tensor(3.1872, device='cuda:0'), 'eval/top-1-acc': 0.2532, 'eval/top-5-acc': 0.7591}, BEST_EVAL_ACC: 0.2631, at 3500 iters
[2025-06-11 09:10:40,201 INFO] confusion matrix:
[[0.651 0.026 0.009 0.001 0.01  0.053 0.021 0.016 0.211 0.002]
 [0.288 0.278 0.02  0.006 0.051 0.086 0.01  0.169 0.057 0.035]
 [0.249 0.004 0.073 0.011 0.041 0.366 0.224 0.005 0.026 0.001]
 [0.176 0.016 0.077 0.012 0.007 0.653 0.04  0.01  0.008 0.001]
 [0.121 0.001 0.073 0.011 0.092 0.418 0.258 0.007 0.016 0.003]
 [0.107 0.015 0.024 0.004 0.025 0.77  0.037 0.012 0.006 0.   ]
 [0.089 0.005 0.436 0.004 0.044 0.236 0.168 0.012 0.006 0.   ]
 [0.338 0.008 0.023 0.007 0.179 0.373 0.023 0.044 0.004 0.001]
 [0.409 0.054 0.021 0.    0.006 0.037 0.005 0.028 0.436 0.004]
 [0.504 0.261 0.01  0.003 0.038 0.07  0.006 0.05  0.034 0.024]]
[2025-06-11 09:10:40,207 INFO] 5000 iteration, USE_EMA: True, {'train/sup_loss': tensor(0.9230, device='cuda:0'), 'train/unsup_loss': tensor(0.0071, device='cuda:0'), 'train/total_loss': tensor(1.3661, device='cuda:0'), 'lr': 0.028245627333026553, 'train/prefecth_time': 0.097663330078125, 'train/run_time': 0.1199533462524414, 'eval/loss': tensor(3.1865, device='cuda:0'), 'eval/top-1-acc': 0.2548, 'eval/top-5-acc': 0.7627}, BEST_EVAL_ACC: 0.2631, at 3500 iters
[2025-06-11 09:11:06,272 INFO] confusion matrix:
[[0.662 0.025 0.011 0.    0.011 0.053 0.02  0.016 0.199 0.003]
 [0.292 0.279 0.021 0.005 0.05  0.085 0.011 0.165 0.057 0.035]
 [0.254 0.004 0.075 0.01  0.037 0.366 0.225 0.005 0.023 0.001]
 [0.184 0.014 0.08  0.01  0.007 0.646 0.038 0.01  0.01  0.001]
 [0.121 0.001 0.082 0.01  0.096 0.409 0.257 0.006 0.016 0.002]
 [0.109 0.011 0.028 0.003 0.022 0.772 0.038 0.012 0.005 0.   ]
 [0.089 0.005 0.444 0.004 0.042 0.228 0.17  0.012 0.006 0.   ]
 [0.337 0.007 0.026 0.007 0.183 0.368 0.023 0.044 0.005 0.   ]
 [0.433 0.053 0.022 0.    0.006 0.037 0.006 0.026 0.414 0.003]
 [0.513 0.264 0.011 0.003 0.036 0.067 0.006 0.049 0.029 0.022]]
[2025-06-11 09:11:06,279 INFO] 5100 iteration, USE_EMA: True, {'train/sup_loss': tensor(0.8003, device='cuda:0'), 'train/unsup_loss': tensor(0.0061, device='cuda:0'), 'train/total_loss': tensor(1.1919, device='cuda:0'), 'lr': 0.028175491979547836, 'train/prefecth_time': 0.09966572570800782, 'train/run_time': 0.12084544372558594, 'eval/loss': tensor(3.1939, device='cuda:0'), 'eval/top-1-acc': 0.2544, 'eval/top-5-acc': 0.7635}, BEST_EVAL_ACC: 0.2631, at 3500 iters
[2025-06-11 09:11:32,646 INFO] confusion matrix:
[[0.674 0.027 0.011 0.    0.01  0.053 0.022 0.016 0.183 0.004]
 [0.294 0.272 0.024 0.005 0.05  0.087 0.012 0.175 0.046 0.035]
 [0.257 0.004 0.074 0.01  0.035 0.368 0.223 0.006 0.022 0.001]
 [0.183 0.013 0.081 0.009 0.008 0.648 0.039 0.01  0.008 0.001]
 [0.127 0.001 0.084 0.008 0.092 0.407 0.259 0.006 0.014 0.002]
 [0.11  0.009 0.028 0.002 0.022 0.777 0.038 0.01  0.004 0.   ]
 [0.089 0.005 0.452 0.004 0.041 0.223 0.168 0.012 0.006 0.   ]
 [0.336 0.007 0.026 0.008 0.181 0.369 0.023 0.045 0.005 0.   ]
 [0.458 0.052 0.022 0.    0.006 0.036 0.007 0.029 0.388 0.002]
 [0.52  0.259 0.012 0.003 0.035 0.067 0.006 0.056 0.02  0.022]]
[2025-06-11 09:11:32,653 INFO] 5200 iteration, USE_EMA: True, {'train/sup_loss': tensor(0.2460, device='cuda:0'), 'train/unsup_loss': tensor(0.0042, device='cuda:0'), 'train/total_loss': tensor(0.5218, device='cuda:0'), 'lr': 0.028104025970464058, 'train/prefecth_time': 0.10373168182373046, 'train/run_time': 0.12043622589111327, 'eval/loss': tensor(3.2279, device='cuda:0'), 'eval/top-1-acc': 0.2521, 'eval/top-5-acc': 0.7631}, BEST_EVAL_ACC: 0.2631, at 3500 iters
[2025-06-11 09:11:59,034 INFO] confusion matrix:
[[0.687 0.026 0.01  0.    0.011 0.055 0.022 0.013 0.171 0.005]
 [0.299 0.269 0.024 0.005 0.051 0.084 0.01  0.175 0.047 0.036]
 [0.267 0.003 0.073 0.009 0.031 0.362 0.227 0.007 0.02  0.001]
 [0.186 0.013 0.081 0.008 0.008 0.645 0.041 0.009 0.008 0.001]
 [0.129 0.001 0.083 0.008 0.089 0.397 0.271 0.007 0.013 0.002]
 [0.112 0.008 0.028 0.002 0.022 0.775 0.039 0.01  0.004 0.   ]
 [0.089 0.005 0.45  0.004 0.043 0.216 0.177 0.011 0.005 0.   ]
 [0.344 0.007 0.027 0.006 0.182 0.36  0.024 0.046 0.004 0.   ]
 [0.466 0.053 0.022 0.    0.006 0.034 0.008 0.028 0.381 0.002]
 [0.527 0.262 0.011 0.003 0.033 0.066 0.007 0.053 0.018 0.02 ]]
[2025-06-11 09:11:59,044 INFO] 5300 iteration, USE_EMA: True, {'train/sup_loss': tensor(0.8512, device='cuda:0'), 'train/unsup_loss': tensor(0.0063, device='cuda:0'), 'train/total_loss': tensor(1.2672, device='cuda:0'), 'lr': 0.028031232680929965, 'train/prefecth_time': 0.10095375823974609, 'train/run_time': 0.11970355224609375, 'eval/loss': tensor(3.2410, device='cuda:0'), 'eval/top-1-acc': 0.2525, 'eval/top-5-acc': 0.7621}, BEST_EVAL_ACC: 0.2631, at 3500 iters
[2025-06-11 09:12:25,409 INFO] confusion matrix:
[[0.698 0.027 0.012 0.    0.012 0.053 0.024 0.015 0.154 0.005]
 [0.299 0.264 0.024 0.004 0.053 0.078 0.01  0.188 0.042 0.038]
 [0.271 0.003 0.077 0.01  0.03  0.354 0.231 0.007 0.016 0.001]
 [0.189 0.013 0.087 0.008 0.009 0.634 0.042 0.01  0.007 0.001]
 [0.131 0.002 0.092 0.008 0.093 0.38  0.273 0.007 0.012 0.002]
 [0.118 0.009 0.03  0.003 0.022 0.765 0.039 0.01  0.004 0.   ]
 [0.089 0.006 0.463 0.003 0.041 0.203 0.178 0.012 0.005 0.   ]
 [0.347 0.006 0.03  0.006 0.182 0.351 0.024 0.05  0.004 0.   ]
 [0.488 0.052 0.022 0.    0.006 0.032 0.008 0.029 0.361 0.002]
 [0.528 0.256 0.011 0.003 0.034 0.064 0.007 0.061 0.015 0.021]]
[2025-06-11 09:12:25,415 INFO] 5400 iteration, USE_EMA: True, {'train/sup_loss': tensor(0.2071, device='cuda:0'), 'train/unsup_loss': tensor(0.0051, device='cuda:0'), 'train/total_loss': tensor(0.5516, device='cuda:0'), 'lr': 0.02795711554878433, 'train/prefecth_time': 0.09898438262939453, 'train/run_time': 0.1198990707397461, 'eval/loss': tensor(3.2483, device='cuda:0'), 'eval/top-1-acc': 0.2515, 'eval/top-5-acc': 0.7621}, BEST_EVAL_ACC: 0.2631, at 3500 iters
[2025-06-11 09:12:51,666 INFO] confusion matrix:
[[0.714 0.026 0.012 0.001 0.012 0.053 0.021 0.013 0.142 0.006]
 [0.314 0.257 0.023 0.004 0.053 0.076 0.01  0.186 0.041 0.036]
 [0.276 0.003 0.079 0.009 0.03  0.353 0.224 0.007 0.018 0.001]
 [0.192 0.013 0.086 0.007 0.009 0.634 0.042 0.01  0.006 0.001]
 [0.132 0.002 0.092 0.008 0.093 0.374 0.278 0.007 0.012 0.002]
 [0.12  0.009 0.028 0.003 0.023 0.763 0.04  0.01  0.004 0.   ]
 [0.089 0.005 0.467 0.003 0.041 0.21  0.17  0.011 0.004 0.   ]
 [0.346 0.005 0.03  0.006 0.192 0.343 0.024 0.05  0.004 0.   ]
 [0.515 0.05  0.022 0.    0.006 0.031 0.008 0.029 0.337 0.002]
 [0.535 0.254 0.013 0.003 0.035 0.061 0.007 0.058 0.012 0.022]]
[2025-06-11 09:12:51,672 INFO] 5500 iteration, USE_EMA: True, {'train/sup_loss': tensor(0.5268, device='cuda:0'), 'train/unsup_loss': tensor(0.0052, device='cuda:0'), 'train/total_loss': tensor(0.8811, device='cuda:0'), 'lr': 0.02788167807438759, 'train/prefecth_time': 0.09381148529052734, 'train/run_time': 0.12056089782714843, 'eval/loss': tensor(3.2807, device='cuda:0'), 'eval/top-1-acc': 0.2492, 'eval/top-5-acc': 0.7619}, BEST_EVAL_ACC: 0.2631, at 3500 iters
[2025-06-11 09:13:18,265 INFO] confusion matrix:
[[0.725 0.026 0.012 0.    0.012 0.052 0.02  0.013 0.135 0.005]
 [0.318 0.258 0.023 0.004 0.053 0.073 0.01  0.187 0.035 0.039]
 [0.282 0.003 0.081 0.01  0.03  0.354 0.218 0.007 0.014 0.001]
 [0.194 0.013 0.086 0.01  0.009 0.632 0.041 0.007 0.007 0.001]
 [0.135 0.002 0.091 0.01  0.09  0.375 0.276 0.007 0.012 0.002]
 [0.121 0.01  0.029 0.004 0.022 0.759 0.041 0.01  0.004 0.   ]
 [0.089 0.006 0.471 0.003 0.04  0.208 0.168 0.011 0.004 0.   ]
 [0.342 0.006 0.028 0.007 0.19  0.347 0.025 0.051 0.004 0.   ]
 [0.533 0.05  0.022 0.    0.007 0.032 0.008 0.026 0.32  0.002]
 [0.532 0.255 0.012 0.002 0.036 0.062 0.009 0.057 0.012 0.023]]
[2025-06-11 09:13:18,270 INFO] 5600 iteration, USE_EMA: True, {'train/sup_loss': tensor(0.8055, device='cuda:0'), 'train/unsup_loss': tensor(0.0064, device='cuda:0'), 'train/total_loss': tensor(1.2520, device='cuda:0'), 'lr': 0.027804923820456517, 'train/prefecth_time': 0.09893888092041016, 'train/run_time': 0.1263087387084961, 'eval/loss': tensor(3.2942, device='cuda:0'), 'eval/top-1-acc': 0.2485, 'eval/top-5-acc': 0.7623}, BEST_EVAL_ACC: 0.2631, at 3500 iters
[2025-06-11 09:13:44,602 INFO] confusion matrix:
[[0.734 0.026 0.01  0.    0.012 0.055 0.019 0.012 0.125 0.007]
 [0.32  0.259 0.021 0.003 0.053 0.073 0.009 0.191 0.031 0.04 ]
 [0.285 0.003 0.069 0.01  0.032 0.354 0.226 0.006 0.013 0.002]
 [0.194 0.014 0.083 0.013 0.009 0.632 0.04  0.008 0.006 0.001]
 [0.137 0.002 0.083 0.016 0.088 0.368 0.285 0.007 0.011 0.003]
 [0.121 0.011 0.029 0.005 0.02  0.761 0.041 0.008 0.004 0.   ]
 [0.088 0.006 0.454 0.003 0.039 0.208 0.186 0.011 0.005 0.   ]
 [0.337 0.007 0.026 0.008 0.195 0.339 0.025 0.058 0.004 0.001]
 [0.55  0.05  0.021 0.    0.007 0.032 0.007 0.028 0.303 0.002]
 [0.54  0.255 0.011 0.002 0.037 0.057 0.009 0.056 0.01  0.023]]
[2025-06-11 09:13:44,607 INFO] 5700 iteration, USE_EMA: True, {'train/sup_loss': tensor(1.1109, device='cuda:0'), 'train/unsup_loss': tensor(0.0170, device='cuda:0'), 'train/total_loss': tensor(2.3241, device='cuda:0'), 'lr': 0.027726856411895998, 'train/prefecth_time': 0.09406873321533203, 'train/run_time': 0.12091299438476563, 'eval/loss': tensor(3.2850, device='cuda:0'), 'eval/top-1-acc': 0.2494, 'eval/top-5-acc': 0.7632}, BEST_EVAL_ACC: 0.2631, at 3500 iters
[2025-06-11 09:14:11,033 INFO] confusion matrix:
[[0.739 0.026 0.009 0.    0.013 0.056 0.019 0.011 0.12  0.007]
 [0.317 0.258 0.02  0.003 0.054 0.076 0.007 0.193 0.033 0.039]
 [0.286 0.003 0.062 0.011 0.032 0.358 0.229 0.005 0.012 0.002]
 [0.196 0.015 0.071 0.013 0.009 0.638 0.044 0.007 0.006 0.001]
 [0.139 0.002 0.064 0.017 0.087 0.366 0.303 0.008 0.011 0.003]
 [0.122 0.011 0.022 0.004 0.021 0.769 0.04  0.008 0.003 0.   ]
 [0.089 0.006 0.422 0.004 0.037 0.213 0.214 0.01  0.005 0.   ]
 [0.339 0.008 0.02  0.007 0.201 0.34  0.028 0.053 0.004 0.   ]
 [0.566 0.052 0.018 0.    0.008 0.032 0.006 0.027 0.289 0.002]
 [0.541 0.26  0.007 0.002 0.04  0.055 0.009 0.057 0.009 0.02 ]]
[2025-06-11 09:14:11,039 INFO] 5800 iteration, USE_EMA: True, {'train/sup_loss': tensor(1.1461, device='cuda:0'), 'train/unsup_loss': tensor(0.0171, device='cuda:0'), 'train/total_loss': tensor(2.3837, device='cuda:0'), 'lr': 0.027647479535627795, 'train/prefecth_time': 0.10043724822998047, 'train/run_time': 0.11941519927978515, 'eval/loss': tensor(3.2710, device='cuda:0'), 'eval/top-1-acc': 0.2504, 'eval/top-5-acc': 0.7645}, BEST_EVAL_ACC: 0.2631, at 3500 iters
[2025-06-11 09:14:37,618 INFO] confusion matrix:
[[0.746 0.026 0.009 0.    0.013 0.055 0.019 0.01  0.115 0.007]
 [0.323 0.264 0.02  0.003 0.053 0.078 0.008 0.178 0.028 0.045]
 [0.288 0.003 0.062 0.009 0.03  0.359 0.231 0.005 0.011 0.002]
 [0.196 0.014 0.069 0.012 0.008 0.64  0.048 0.005 0.007 0.001]
 [0.141 0.002 0.059 0.013 0.088 0.37  0.308 0.006 0.01  0.003]
 [0.121 0.009 0.021 0.003 0.019 0.776 0.042 0.007 0.002 0.   ]
 [0.091 0.005 0.411 0.003 0.037 0.217 0.223 0.007 0.006 0.   ]
 [0.335 0.007 0.019 0.006 0.204 0.346 0.032 0.047 0.003 0.001]
 [0.575 0.052 0.017 0.    0.008 0.033 0.006 0.024 0.283 0.002]
 [0.54  0.261 0.008 0.002 0.04  0.058 0.009 0.052 0.009 0.021]]
[2025-06-11 09:14:37,623 INFO] 5900 iteration, USE_EMA: True, {'train/sup_loss': tensor(0.0876, device='cuda:0'), 'train/unsup_loss': tensor(0.0037, device='cuda:0'), 'train/total_loss': tensor(0.3593, device='cuda:0'), 'lr': 0.027566796940416454, 'train/prefecth_time': 0.11207295989990235, 'train/run_time': 0.11995954895019531, 'eval/loss': tensor(3.2739, device='cuda:0'), 'eval/top-1-acc': 0.2522, 'eval/top-5-acc': 0.7651}, BEST_EVAL_ACC: 0.2631, at 3500 iters
[2025-06-11 09:15:03,852 INFO] confusion matrix:
[[0.754 0.024 0.008 0.    0.012 0.055 0.019 0.009 0.112 0.007]
 [0.319 0.266 0.019 0.003 0.056 0.083 0.007 0.166 0.03  0.051]
 [0.287 0.002 0.055 0.009 0.034 0.371 0.224 0.005 0.011 0.002]
 [0.191 0.014 0.06  0.017 0.01  0.649 0.046 0.005 0.007 0.001]
 [0.142 0.001 0.055 0.019 0.092 0.375 0.3   0.006 0.007 0.003]
 [0.117 0.007 0.019 0.005 0.019 0.784 0.041 0.006 0.002 0.   ]
 [0.094 0.005 0.396 0.007 0.039 0.237 0.21  0.006 0.006 0.   ]
 [0.332 0.007 0.017 0.006 0.213 0.349 0.027 0.045 0.003 0.001]
 [0.589 0.051 0.016 0.    0.008 0.035 0.006 0.022 0.271 0.002]
 [0.539 0.259 0.008 0.002 0.04  0.062 0.008 0.05  0.006 0.026]]
[2025-06-11 09:15:03,857 INFO] 6000 iteration, USE_EMA: True, {'train/sup_loss': tensor(0.5396, device='cuda:0'), 'train/unsup_loss': tensor(0.0054, device='cuda:0'), 'train/total_loss': tensor(0.9462, device='cuda:0'), 'lr': 0.027484812436692246, 'train/prefecth_time': 0.0942720947265625, 'train/run_time': 0.11934146881103516, 'eval/loss': tensor(3.2774, device='cuda:0'), 'eval/top-1-acc': 0.252, 'eval/top-5-acc': 0.771}, BEST_EVAL_ACC: 0.2631, at 3500 iters
[2025-06-11 09:15:30,118 INFO] confusion matrix:
[[0.756 0.025 0.007 0.    0.011 0.058 0.018 0.005 0.113 0.007]
 [0.331 0.264 0.018 0.003 0.054 0.085 0.007 0.157 0.032 0.049]
 [0.287 0.002 0.051 0.015 0.036 0.375 0.217 0.005 0.01  0.002]
 [0.193 0.013 0.049 0.033 0.01  0.645 0.044 0.005 0.007 0.001]
 [0.144 0.    0.051 0.025 0.098 0.373 0.295 0.006 0.005 0.003]
 [0.121 0.007 0.014 0.008 0.02  0.784 0.04  0.004 0.002 0.   ]
 [0.099 0.005 0.384 0.017 0.039 0.235 0.208 0.006 0.007 0.   ]
 [0.33  0.007 0.016 0.01  0.222 0.344 0.023 0.044 0.003 0.001]
 [0.585 0.048 0.014 0.    0.008 0.034 0.006 0.019 0.284 0.002]
 [0.544 0.261 0.006 0.002 0.036 0.062 0.008 0.05  0.006 0.025]]
[2025-06-11 09:15:30,123 INFO] 6100 iteration, USE_EMA: True, {'train/sup_loss': tensor(0.0640, device='cuda:0'), 'train/unsup_loss': tensor(0.0068, device='cuda:0'), 'train/total_loss': tensor(0.5824, device='cuda:0'), 'lr': 0.027401529896371214, 'train/prefecth_time': 0.09431148529052734, 'train/run_time': 0.11948336029052735, 'eval/loss': tensor(3.2605, device='cuda:0'), 'eval/top-1-acc': 0.2547, 'eval/top-5-acc': 0.7721}, BEST_EVAL_ACC: 0.2631, at 3500 iters
[2025-06-11 09:15:56,403 INFO] confusion matrix:
[[0.765 0.024 0.006 0.    0.01  0.057 0.017 0.004 0.11  0.007]
 [0.33  0.287 0.016 0.003 0.055 0.086 0.006 0.136 0.038 0.043]
 [0.288 0.002 0.052 0.015 0.034 0.381 0.209 0.004 0.013 0.002]
 [0.193 0.013 0.05  0.037 0.009 0.645 0.041 0.004 0.007 0.001]
 [0.146 0.    0.053 0.031 0.098 0.37  0.289 0.006 0.004 0.003]
 [0.122 0.007 0.014 0.009 0.02  0.781 0.041 0.003 0.003 0.   ]
 [0.101 0.005 0.381 0.024 0.04  0.234 0.2   0.006 0.009 0.   ]
 [0.332 0.007 0.016 0.012 0.226 0.342 0.021 0.04  0.003 0.001]
 [0.597 0.047 0.013 0.    0.007 0.033 0.006 0.017 0.278 0.002]
 [0.542 0.274 0.006 0.002 0.036 0.06  0.006 0.046 0.006 0.022]]
[2025-06-11 09:15:56,408 INFO] 6200 iteration, USE_EMA: True, {'train/sup_loss': tensor(0.2483, device='cuda:0'), 'train/unsup_loss': tensor(0.0038, device='cuda:0'), 'train/total_loss': tensor(0.5401, device='cuda:0'), 'lr': 0.027316953252672308, 'train/prefecth_time': 0.09829785919189453, 'train/run_time': 0.12013046264648437, 'eval/loss': tensor(3.2494, device='cuda:0'), 'eval/top-1-acc': 0.256, 'eval/top-5-acc': 0.7742}, BEST_EVAL_ACC: 0.2631, at 3500 iters
[2025-06-11 09:16:22,950 INFO] confusion matrix:
[[0.768 0.023 0.006 0.    0.01  0.058 0.016 0.004 0.108 0.007]
 [0.33  0.295 0.015 0.003 0.055 0.086 0.006 0.128 0.042 0.04 ]
 [0.289 0.002 0.055 0.016 0.032 0.394 0.196 0.003 0.011 0.002]
 [0.193 0.012 0.05  0.033 0.009 0.654 0.037 0.004 0.007 0.001]
 [0.145 0.001 0.056 0.03  0.102 0.373 0.282 0.004 0.004 0.003]
 [0.122 0.007 0.014 0.01  0.02  0.781 0.038 0.004 0.004 0.   ]
 [0.103 0.004 0.384 0.02  0.037 0.251 0.186 0.006 0.009 0.   ]
 [0.333 0.006 0.017 0.011 0.228 0.343 0.018 0.04  0.003 0.001]
 [0.604 0.046 0.013 0.    0.005 0.032 0.006 0.013 0.279 0.002]
 [0.538 0.282 0.005 0.002 0.035 0.062 0.005 0.045 0.005 0.021]]
[2025-06-11 09:16:22,955 INFO] 6300 iteration, USE_EMA: True, {'train/sup_loss': tensor(0.3297, device='cuda:0'), 'train/unsup_loss': tensor(0.0058, device='cuda:0'), 'train/total_loss': tensor(0.7892, device='cuda:0'), 'lr': 0.027231086499931646, 'train/prefecth_time': 0.09010717010498047, 'train/run_time': 0.11901136016845704, 'eval/loss': tensor(3.2571, device='cuda:0'), 'eval/top-1-acc': 0.256, 'eval/top-5-acc': 0.7745}, BEST_EVAL_ACC: 0.2631, at 3500 iters
[2025-06-11 09:16:49,373 INFO] confusion matrix:
[[0.769 0.024 0.006 0.    0.01  0.06  0.016 0.004 0.104 0.007]
 [0.335 0.288 0.015 0.002 0.055 0.089 0.005 0.131 0.041 0.039]
 [0.29  0.002 0.056 0.014 0.034 0.401 0.19  0.001 0.01  0.002]
 [0.19  0.012 0.052 0.028 0.01  0.661 0.035 0.004 0.007 0.001]
 [0.143 0.001 0.058 0.026 0.104 0.374 0.282 0.005 0.004 0.003]
 [0.12  0.007 0.014 0.008 0.02  0.785 0.039 0.003 0.004 0.   ]
 [0.101 0.004 0.392 0.017 0.036 0.252 0.184 0.005 0.009 0.   ]
 [0.331 0.006 0.018 0.011 0.236 0.339 0.017 0.039 0.002 0.001]
 [0.614 0.043 0.013 0.    0.005 0.032 0.006 0.015 0.27  0.002]
 [0.54  0.28  0.005 0.002 0.034 0.065 0.005 0.046 0.003 0.02 ]]
[2025-06-11 09:16:49,379 INFO] 6400 iteration, USE_EMA: True, {'train/sup_loss': tensor(0.1334, device='cuda:0'), 'train/unsup_loss': tensor(0.0045, device='cuda:0'), 'train/total_loss': tensor(0.4950, device='cuda:0'), 'lr': 0.027143933693413842, 'train/prefecth_time': 0.10373062133789063, 'train/run_time': 0.12463565063476563, 'eval/loss': tensor(3.2789, device='cuda:0'), 'eval/top-1-acc': 0.2543, 'eval/top-5-acc': 0.7755}, BEST_EVAL_ACC: 0.2631, at 3500 iters
[2025-06-11 09:17:15,609 INFO] confusion matrix:
[[0.774 0.025 0.007 0.    0.009 0.058 0.016 0.004 0.101 0.006]
 [0.337 0.286 0.015 0.002 0.055 0.086 0.005 0.134 0.041 0.039]
 [0.293 0.001 0.054 0.014 0.032 0.404 0.187 0.001 0.012 0.002]
 [0.191 0.012 0.055 0.027 0.01  0.657 0.036 0.004 0.007 0.001]
 [0.144 0.002 0.058 0.024 0.104 0.37  0.286 0.005 0.004 0.003]
 [0.121 0.008 0.015 0.008 0.021 0.782 0.039 0.002 0.004 0.   ]
 [0.102 0.005 0.398 0.015 0.036 0.245 0.185 0.005 0.009 0.   ]
 [0.331 0.006 0.018 0.009 0.241 0.333 0.017 0.041 0.003 0.001]
 [0.621 0.043 0.013 0.    0.005 0.03  0.006 0.015 0.265 0.002]
 [0.542 0.28  0.005 0.002 0.033 0.061 0.006 0.046 0.005 0.02 ]]
[2025-06-11 09:17:15,613 INFO] 6500 iteration, USE_EMA: True, {'train/sup_loss': tensor(0.4732, device='cuda:0'), 'train/unsup_loss': tensor(0.0046, device='cuda:0'), 'train/total_loss': tensor(0.8446, device='cuda:0'), 'lr': 0.02705549894912051, 'train/prefecth_time': 0.10477568054199218, 'train/run_time': 0.12056371307373047, 'eval/loss': tensor(3.2950, device='cuda:0'), 'eval/top-1-acc': 0.2538, 'eval/top-5-acc': 0.7747}, BEST_EVAL_ACC: 0.2631, at 3500 iters
[2025-06-11 09:17:41,699 INFO] confusion matrix:
[[0.775 0.024 0.006 0.    0.009 0.058 0.016 0.005 0.102 0.005]
 [0.338 0.284 0.014 0.002 0.053 0.086 0.005 0.139 0.041 0.038]
 [0.292 0.001 0.052 0.014 0.031 0.403 0.192 0.001 0.012 0.002]
 [0.192 0.013 0.048 0.031 0.008 0.658 0.039 0.003 0.007 0.001]
 [0.144 0.001 0.054 0.026 0.097 0.371 0.294 0.007 0.004 0.002]
 [0.122 0.008 0.013 0.01  0.02  0.78  0.04  0.003 0.004 0.   ]
 [0.102 0.005 0.386 0.017 0.031 0.252 0.195 0.004 0.008 0.   ]
 [0.328 0.005 0.018 0.011 0.243 0.332 0.02  0.04  0.003 0.   ]
 [0.619 0.045 0.013 0.    0.005 0.031 0.004 0.014 0.267 0.002]
 [0.54  0.279 0.006 0.005 0.031 0.06  0.007 0.048 0.005 0.019]]
[2025-06-11 09:17:41,704 INFO] 6600 iteration, USE_EMA: True, {'train/sup_loss': tensor(1.1171, device='cuda:0'), 'train/unsup_loss': tensor(0.0131, device='cuda:0'), 'train/total_loss': tensor(2.2000, device='cuda:0'), 'lr': 0.026965786443595877, 'train/prefecth_time': 0.10588140869140625, 'train/run_time': 0.12006745910644531, 'eval/loss': tensor(3.3157, device='cuda:0'), 'eval/top-1-acc': 0.254, 'eval/top-5-acc': 0.7708}, BEST_EVAL_ACC: 0.2631, at 3500 iters
[2025-06-11 09:18:07,737 INFO] confusion matrix:
[[0.775 0.024 0.006 0.    0.007 0.058 0.017 0.005 0.104 0.004]
 [0.336 0.286 0.015 0.001 0.051 0.082 0.005 0.149 0.037 0.038]
 [0.294 0.001 0.051 0.013 0.03  0.403 0.19  0.004 0.012 0.002]
 [0.198 0.015 0.046 0.029 0.007 0.655 0.039 0.003 0.007 0.001]
 [0.147 0.002 0.054 0.023 0.102 0.365 0.292 0.007 0.006 0.002]
 [0.127 0.009 0.012 0.008 0.019 0.775 0.04  0.005 0.005 0.   ]
 [0.105 0.006 0.381 0.015 0.031 0.254 0.196 0.004 0.008 0.   ]
 [0.324 0.005 0.018 0.007 0.259 0.322 0.02  0.042 0.003 0.   ]
 [0.621 0.046 0.013 0.    0.005 0.029 0.004 0.017 0.263 0.002]
 [0.543 0.285 0.004 0.004 0.034 0.052 0.006 0.05  0.004 0.018]]
[2025-06-11 09:18:07,742 INFO] 6700 iteration, USE_EMA: True, {'train/sup_loss': tensor(1.2555, device='cuda:0'), 'train/unsup_loss': tensor(0.0152, device='cuda:0'), 'train/total_loss': tensor(2.5300, device='cuda:0'), 'lr': 0.026874800413729513, 'train/prefecth_time': 0.09388905334472657, 'train/run_time': 0.12333001708984374, 'eval/loss': tensor(3.3201, device='cuda:0'), 'eval/top-1-acc': 0.2537, 'eval/top-5-acc': 0.7701}, BEST_EVAL_ACC: 0.2631, at 3500 iters
[2025-06-11 09:18:33,864 INFO] confusion matrix:
[[0.777 0.025 0.006 0.    0.008 0.057 0.014 0.004 0.105 0.004]
 [0.333 0.295 0.014 0.001 0.051 0.082 0.004 0.141 0.041 0.038]
 [0.296 0.001 0.044 0.016 0.031 0.41  0.184 0.003 0.013 0.002]
 [0.197 0.016 0.039 0.036 0.007 0.656 0.035 0.005 0.008 0.001]
 [0.148 0.002 0.049 0.027 0.114 0.358 0.285 0.009 0.006 0.002]
 [0.13  0.01  0.011 0.01  0.018 0.773 0.039 0.004 0.005 0.   ]
 [0.109 0.006 0.361 0.036 0.029 0.263 0.183 0.003 0.01  0.   ]
 [0.321 0.005 0.016 0.008 0.266 0.322 0.016 0.043 0.003 0.   ]
 [0.62  0.05  0.013 0.    0.005 0.026 0.004 0.015 0.265 0.002]
 [0.538 0.292 0.004 0.005 0.035 0.051 0.004 0.047 0.005 0.019]]
[2025-06-11 09:18:33,869 INFO] 6800 iteration, USE_EMA: True, {'train/sup_loss': tensor(1.3205, device='cuda:0'), 'train/unsup_loss': tensor(0.0135, device='cuda:0'), 'train/total_loss': tensor(2.4675, device='cuda:0'), 'lr': 0.026782545156556266, 'train/prefecth_time': 0.08897545623779297, 'train/run_time': 0.11907305908203125, 'eval/loss': tensor(3.3045, device='cuda:0'), 'eval/top-1-acc': 0.2549, 'eval/top-5-acc': 0.7705}, BEST_EVAL_ACC: 0.2631, at 3500 iters
[2025-06-11 09:19:00,353 INFO] confusion matrix:
[[0.782 0.025 0.006 0.    0.009 0.053 0.014 0.002 0.106 0.003]
 [0.329 0.304 0.014 0.001 0.048 0.083 0.003 0.122 0.057 0.039]
 [0.295 0.001 0.047 0.018 0.03  0.419 0.173 0.002 0.013 0.002]
 [0.196 0.016 0.041 0.037 0.009 0.65  0.035 0.004 0.011 0.001]
 [0.15  0.003 0.051 0.029 0.12  0.355 0.276 0.006 0.008 0.002]
 [0.129 0.01  0.011 0.01  0.02  0.776 0.035 0.004 0.005 0.   ]
 [0.106 0.006 0.371 0.036 0.031 0.258 0.179 0.003 0.01  0.   ]
 [0.312 0.005 0.018 0.007 0.276 0.321 0.014 0.044 0.003 0.   ]
 [0.625 0.051 0.012 0.    0.005 0.026 0.004 0.011 0.264 0.002]
 [0.537 0.296 0.005 0.004 0.034 0.05  0.004 0.045 0.006 0.019]]
[2025-06-11 09:19:00,358 INFO] 6900 iteration, USE_EMA: True, {'train/sup_loss': tensor(0.6763, device='cuda:0'), 'train/unsup_loss': tensor(0.0067, device='cuda:0'), 'train/total_loss': tensor(1.2583, device='cuda:0'), 'lr': 0.026689025029053282, 'train/prefecth_time': 0.11285094451904297, 'train/run_time': 0.12160975646972656, 'eval/loss': tensor(3.2919, device='cuda:0'), 'eval/top-1-acc': 0.2572, 'eval/top-5-acc': 0.7725}, BEST_EVAL_ACC: 0.2631, at 3500 iters
[2025-06-11 09:19:26,523 INFO] confusion matrix:
[[0.787 0.026 0.007 0.    0.009 0.054 0.015 0.    0.099 0.003]
 [0.319 0.306 0.014 0.002 0.051 0.083 0.003 0.101 0.076 0.045]
 [0.299 0.001 0.048 0.018 0.029 0.417 0.172 0.001 0.013 0.002]
 [0.19  0.017 0.042 0.039 0.009 0.654 0.035 0.002 0.011 0.001]
 [0.148 0.002 0.051 0.032 0.124 0.351 0.279 0.004 0.007 0.002]
 [0.123 0.01  0.011 0.009 0.019 0.783 0.037 0.003 0.005 0.   ]
 [0.103 0.006 0.371 0.04  0.03  0.26  0.177 0.002 0.011 0.   ]
 [0.303 0.006 0.017 0.008 0.289 0.322 0.014 0.037 0.004 0.   ]
 [0.635 0.051 0.014 0.    0.005 0.026 0.003 0.009 0.255 0.002]
 [0.527 0.307 0.005 0.004 0.033 0.051 0.004 0.042 0.006 0.021]]
[2025-06-11 09:19:26,528 INFO] 7000 iteration, USE_EMA: True, {'train/sup_loss': tensor(0.2973, device='cuda:0'), 'train/unsup_loss': tensor(0.0058, device='cuda:0'), 'train/total_loss': tensor(0.8084, device='cuda:0'), 'lr': 0.026594244447934293, 'train/prefecth_time': 0.09166345977783204, 'train/run_time': 0.12018025970458984, 'eval/loss': tensor(3.3016, device='cuda:0'), 'eval/top-1-acc': 0.2577, 'eval/top-5-acc': 0.772}, BEST_EVAL_ACC: 0.2631, at 3500 iters
[2025-06-11 09:19:52,772 INFO] confusion matrix:
[[0.784 0.029 0.007 0.    0.009 0.052 0.015 0.001 0.1   0.003]
 [0.304 0.326 0.013 0.002 0.045 0.078 0.004 0.078 0.101 0.049]
 [0.299 0.003 0.036 0.024 0.026 0.41  0.186 0.    0.014 0.002]
 [0.188 0.017 0.034 0.057 0.009 0.642 0.036 0.003 0.012 0.002]
 [0.148 0.003 0.045 0.04  0.12  0.333 0.298 0.004 0.007 0.002]
 [0.124 0.01  0.01  0.011 0.019 0.78  0.039 0.003 0.004 0.   ]
 [0.098 0.007 0.33  0.08  0.021 0.248 0.203 0.002 0.011 0.   ]
 [0.295 0.005 0.014 0.014 0.302 0.314 0.016 0.032 0.008 0.   ]
 [0.633 0.051 0.013 0.    0.004 0.026 0.003 0.008 0.26  0.002]
 [0.5   0.328 0.005 0.005 0.033 0.052 0.004 0.039 0.01  0.024]]
[2025-06-11 09:19:52,777 INFO] 7100 iteration, USE_EMA: True, {'train/sup_loss': tensor(1.1662, device='cuda:0'), 'train/unsup_loss': tensor(0.0138, device='cuda:0'), 'train/total_loss': tensor(2.3948, device='cuda:0'), 'lr': 0.026498207889440968, 'train/prefecth_time': 0.14655792236328125, 'train/run_time': 0.12756585693359376, 'eval/loss': tensor(3.2430, device='cuda:0'), 'eval/top-1-acc': 0.2622, 'eval/top-5-acc': 0.7745}, BEST_EVAL_ACC: 0.2631, at 3500 iters
[2025-06-11 09:20:18,831 INFO] confusion matrix:
[[0.783 0.03  0.007 0.001 0.009 0.052 0.014 0.001 0.1   0.003]
 [0.3   0.336 0.011 0.005 0.041 0.079 0.003 0.064 0.11  0.051]
 [0.301 0.003 0.034 0.028 0.024 0.403 0.19  0.    0.015 0.002]
 [0.186 0.018 0.023 0.068 0.009 0.647 0.034 0.001 0.012 0.002]
 [0.152 0.003 0.041 0.047 0.117 0.318 0.31  0.003 0.007 0.002]
 [0.121 0.01  0.007 0.014 0.019 0.785 0.038 0.003 0.003 0.   ]
 [0.095 0.009 0.306 0.093 0.021 0.247 0.216 0.002 0.011 0.   ]
 [0.284 0.006 0.008 0.012 0.314 0.32  0.019 0.028 0.009 0.   ]
 [0.629 0.052 0.012 0.    0.004 0.026 0.003 0.007 0.265 0.002]
 [0.487 0.345 0.005 0.006 0.03  0.051 0.005 0.036 0.01  0.025]]
[2025-06-11 09:20:18,836 INFO] 7200 iteration, USE_EMA: True, {'train/sup_loss': tensor(0.2236, device='cuda:0'), 'train/unsup_loss': tensor(0.0063, device='cuda:0'), 'train/total_loss': tensor(0.7901, device='cuda:0'), 'lr': 0.026400919889131548, 'train/prefecth_time': 0.13700723266601564, 'train/run_time': 0.12035481262207032, 'eval/loss': tensor(3.2116, device='cuda:0'), 'eval/top-1-acc': 0.2657, 'eval/top-5-acc': 0.7764}, BEST_EVAL_ACC: 0.2657, at 7200 iters
[2025-06-11 09:20:44,944 INFO] confusion matrix:
[[0.786 0.028 0.008 0.002 0.009 0.048 0.013 0.001 0.102 0.003]
 [0.294 0.328 0.015 0.003 0.038 0.074 0.004 0.055 0.13  0.059]
 [0.301 0.003 0.035 0.025 0.024 0.405 0.189 0.    0.016 0.002]
 [0.183 0.016 0.03  0.07  0.008 0.637 0.038 0.001 0.014 0.003]
 [0.15  0.003 0.042 0.052 0.116 0.301 0.322 0.004 0.008 0.002]
 [0.116 0.009 0.011 0.015 0.02  0.782 0.04  0.003 0.003 0.001]
 [0.088 0.007 0.32  0.095 0.018 0.234 0.222 0.002 0.013 0.001]
 [0.278 0.006 0.013 0.013 0.324 0.305 0.021 0.031 0.009 0.   ]
 [0.637 0.048 0.016 0.    0.004 0.023 0.003 0.003 0.263 0.003]
 [0.482 0.344 0.006 0.007 0.032 0.051 0.005 0.034 0.013 0.026]]
[2025-06-11 09:20:44,949 INFO] 7300 iteration, USE_EMA: True, {'train/sup_loss': tensor(1.0581, device='cuda:0'), 'train/unsup_loss': tensor(0.0096, device='cuda:0'), 'train/total_loss': tensor(1.9359, device='cuda:0'), 'lr': 0.026302385041666636, 'train/prefecth_time': 0.12808149719238282, 'train/run_time': 0.12676505279541014, 'eval/loss': tensor(3.2023, device='cuda:0'), 'eval/top-1-acc': 0.2659, 'eval/top-5-acc': 0.7791}, BEST_EVAL_ACC: 0.2659, at 7300 iters
[2025-06-11 09:21:11,269 INFO] confusion matrix:
[[0.787 0.028 0.008 0.002 0.008 0.047 0.013 0.001 0.103 0.003]
 [0.295 0.316 0.013 0.005 0.036 0.073 0.003 0.048 0.15  0.061]
 [0.299 0.003 0.033 0.025 0.025 0.411 0.186 0.001 0.014 0.003]
 [0.178 0.017 0.028 0.075 0.01  0.632 0.037 0.002 0.018 0.003]
 [0.147 0.002 0.04  0.058 0.116 0.297 0.322 0.007 0.009 0.002]
 [0.114 0.009 0.009 0.018 0.021 0.781 0.04  0.004 0.003 0.001]
 [0.083 0.006 0.295 0.121 0.019 0.234 0.225 0.002 0.014 0.001]
 [0.267 0.006 0.01  0.015 0.335 0.298 0.02  0.038 0.008 0.003]
 [0.635 0.047 0.014 0.    0.005 0.022 0.003 0.003 0.267 0.004]
 [0.479 0.339 0.006 0.007 0.03  0.051 0.005 0.029 0.02  0.034]]
[2025-06-11 09:21:11,274 INFO] 7400 iteration, USE_EMA: True, {'train/sup_loss': tensor(0.2117, device='cuda:0'), 'train/unsup_loss': tensor(0.0055, device='cuda:0'), 'train/total_loss': tensor(0.7216, device='cuda:0'), 'lr': 0.026202608000592202, 'train/prefecth_time': 0.12912229919433593, 'train/run_time': 0.12070223999023437, 'eval/loss': tensor(3.1808, device='cuda:0'), 'eval/top-1-acc': 0.2672, 'eval/top-5-acc': 0.7807}, BEST_EVAL_ACC: 0.2672, at 7400 iters
[2025-06-11 09:21:37,955 INFO] confusion matrix:
[[0.781 0.029 0.007 0.002 0.009 0.047 0.013 0.001 0.108 0.003]
 [0.277 0.34  0.014 0.007 0.035 0.07  0.003 0.039 0.145 0.07 ]
 [0.296 0.003 0.033 0.028 0.023 0.411 0.186 0.001 0.016 0.003]
 [0.168 0.02  0.026 0.089 0.009 0.627 0.039 0.002 0.017 0.003]
 [0.143 0.001 0.035 0.066 0.118 0.287 0.33  0.008 0.009 0.003]
 [0.107 0.009 0.009 0.026 0.019 0.783 0.039 0.003 0.004 0.001]
 [0.078 0.007 0.281 0.136 0.017 0.228 0.233 0.004 0.015 0.001]
 [0.251 0.006 0.008 0.017 0.344 0.302 0.023 0.038 0.008 0.003]
 [0.613 0.053 0.016 0.001 0.005 0.023 0.004 0.003 0.278 0.004]
 [0.454 0.362 0.004 0.01  0.031 0.049 0.005 0.027 0.021 0.037]]
[2025-06-11 09:21:37,960 INFO] 7500 iteration, USE_EMA: True, {'train/sup_loss': tensor(0.6005, device='cuda:0'), 'train/unsup_loss': tensor(0.0048, device='cuda:0'), 'train/total_loss': tensor(1.0479, device='cuda:0'), 'lr': 0.0261015934781198, 'train/prefecth_time': 0.14432969665527343, 'train/run_time': 0.12157337951660156, 'eval/loss': tensor(3.1495, device='cuda:0'), 'eval/top-1-acc': 0.273, 'eval/top-5-acc': 0.7839}, BEST_EVAL_ACC: 0.273, at 7500 iters
[2025-06-11 09:22:04,402 INFO] confusion matrix:
[[0.769 0.028 0.008 0.002 0.01  0.051 0.013 0.001 0.113 0.005]
 [0.26  0.337 0.015 0.007 0.035 0.071 0.003 0.052 0.141 0.079]
 [0.29  0.002 0.031 0.03  0.023 0.412 0.187 0.003 0.019 0.003]
 [0.164 0.018 0.022 0.103 0.009 0.62  0.042 0.003 0.016 0.003]
 [0.135 0.001 0.034 0.069 0.121 0.28  0.339 0.008 0.01  0.003]
 [0.101 0.009 0.009 0.03  0.019 0.783 0.04  0.005 0.003 0.001]
 [0.07  0.006 0.27  0.157 0.016 0.223 0.238 0.004 0.015 0.001]
 [0.245 0.006 0.008 0.018 0.348 0.295 0.022 0.046 0.008 0.004]
 [0.593 0.049 0.016 0.001 0.005 0.026 0.003 0.004 0.297 0.006]
 [0.442 0.356 0.004 0.01  0.032 0.048 0.004 0.032 0.021 0.051]]
[2025-06-11 09:22:04,407 INFO] 7600 iteration, USE_EMA: True, {'train/sup_loss': tensor(1.0020, device='cuda:0'), 'train/unsup_loss': tensor(0.0103, device='cuda:0'), 'train/total_loss': tensor(1.9788, device='cuda:0'), 'lr': 0.025999346244904034, 'train/prefecth_time': 0.13187062072753905, 'train/run_time': 0.12157552337646485, 'eval/loss': tensor(3.1099, device='cuda:0'), 'eval/top-1-acc': 0.2776, 'eval/top-5-acc': 0.789}, BEST_EVAL_ACC: 0.2776, at 7600 iters
[2025-06-11 09:22:31,092 INFO] confusion matrix:
[[0.762 0.027 0.009 0.002 0.01  0.051 0.011 0.001 0.123 0.004]
 [0.247 0.341 0.015 0.007 0.035 0.07  0.003 0.047 0.155 0.08 ]
 [0.288 0.002 0.03  0.035 0.021 0.402 0.192 0.002 0.022 0.006]
 [0.156 0.018 0.023 0.119 0.011 0.602 0.047 0.003 0.018 0.003]
 [0.133 0.001 0.034 0.077 0.124 0.268 0.338 0.011 0.011 0.003]
 [0.101 0.007 0.01  0.039 0.017 0.778 0.039 0.005 0.003 0.001]
 [0.07  0.006 0.255 0.175 0.015 0.214 0.244 0.005 0.015 0.001]
 [0.233 0.005 0.009 0.019 0.363 0.29  0.021 0.048 0.008 0.004]
 [0.585 0.046 0.016 0.001 0.005 0.023 0.004 0.004 0.31  0.006]
 [0.421 0.362 0.005 0.016 0.032 0.047 0.004 0.03  0.031 0.052]]
[2025-06-11 09:22:31,100 INFO] 7700 iteration, USE_EMA: True, {'train/sup_loss': tensor(0.7808, device='cuda:0'), 'train/unsup_loss': tensor(0.0095, device='cuda:0'), 'train/total_loss': tensor(1.6947, device='cuda:0'), 'lr': 0.025895871129817248, 'train/prefecth_time': 0.09706671905517578, 'train/run_time': 0.12211199951171875, 'eval/loss': tensor(3.0623, device='cuda:0'), 'eval/top-1-acc': 0.2808, 'eval/top-5-acc': 0.7904}, BEST_EVAL_ACC: 0.2808, at 7700 iters
[2025-06-11 09:22:57,623 INFO] confusion matrix:
[[0.758 0.028 0.008 0.003 0.01  0.052 0.009 0.001 0.126 0.005]
 [0.235 0.358 0.015 0.007 0.031 0.067 0.003 0.038 0.161 0.085]
 [0.296 0.003 0.027 0.048 0.025 0.386 0.188 0.001 0.021 0.005]
 [0.154 0.017 0.023 0.128 0.012 0.599 0.043 0.003 0.018 0.003]
 [0.136 0.002 0.033 0.09  0.126 0.258 0.33  0.01  0.012 0.003]
 [0.1   0.006 0.01  0.05  0.018 0.772 0.035 0.005 0.003 0.001]
 [0.069 0.007 0.238 0.217 0.015 0.207 0.228 0.004 0.014 0.001]
 [0.219 0.006 0.009 0.02  0.377 0.285 0.02  0.051 0.008 0.005]
 [0.577 0.045 0.016 0.001 0.006 0.023 0.004 0.004 0.318 0.006]
 [0.413 0.375 0.005 0.02  0.028 0.042 0.003 0.027 0.034 0.053]]
[2025-06-11 09:22:57,628 INFO] 7800 iteration, USE_EMA: True, {'train/sup_loss': tensor(1.0475, device='cuda:0'), 'train/unsup_loss': tensor(0.0122, device='cuda:0'), 'train/total_loss': tensor(2.2363, device='cuda:0'), 'lr': 0.02579117301972147, 'train/prefecth_time': 0.09114419555664062, 'train/run_time': 0.12050611114501954, 'eval/loss': tensor(3.0419, device='cuda:0'), 'eval/top-1-acc': 0.2819, 'eval/top-5-acc': 0.7913}, BEST_EVAL_ACC: 0.2819, at 7800 iters
[2025-06-11 09:23:24,024 INFO] confusion matrix:
[[0.753 0.028 0.008 0.003 0.01  0.054 0.01  0.001 0.128 0.005]
 [0.226 0.377 0.014 0.008 0.032 0.066 0.004 0.034 0.161 0.078]
 [0.297 0.002 0.026 0.054 0.024 0.384 0.186 0.001 0.022 0.004]
 [0.159 0.017 0.022 0.134 0.012 0.595 0.038 0.003 0.017 0.003]
 [0.132 0.002 0.032 0.109 0.125 0.251 0.322 0.01  0.014 0.003]
 [0.1   0.005 0.007 0.052 0.019 0.772 0.036 0.005 0.003 0.001]
 [0.069 0.006 0.214 0.279 0.014 0.191 0.207 0.004 0.015 0.001]
 [0.22  0.005 0.009 0.022 0.38  0.278 0.021 0.052 0.008 0.005]
 [0.566 0.045 0.015 0.002 0.006 0.024 0.004 0.004 0.328 0.006]
 [0.4   0.384 0.005 0.019 0.03  0.043 0.003 0.028 0.035 0.053]]
[2025-06-11 09:23:24,029 INFO] 7900 iteration, USE_EMA: True, {'train/sup_loss': tensor(1.3993, device='cuda:0'), 'train/unsup_loss': tensor(0.0228, device='cuda:0'), 'train/total_loss': tensor(3.6522, device='cuda:0'), 'lr': 0.025685256859237626, 'train/prefecth_time': 0.10435340881347656, 'train/run_time': 0.12094905853271484, 'eval/loss': tensor(3.0542, device='cuda:0'), 'eval/top-1-acc': 0.2827, 'eval/top-5-acc': 0.793}, BEST_EVAL_ACC: 0.2827, at 7900 iters
[2025-06-11 09:23:50,291 INFO] confusion matrix:
[[0.758 0.025 0.009 0.004 0.01  0.048 0.013 0.001 0.127 0.005]
 [0.227 0.386 0.016 0.008 0.026 0.061 0.005 0.036 0.157 0.078]
 [0.303 0.003 0.025 0.063 0.023 0.36  0.198 0.001 0.02  0.004]
 [0.163 0.013 0.026 0.146 0.013 0.576 0.04  0.003 0.017 0.003]
 [0.138 0.001 0.032 0.131 0.121 0.206 0.343 0.009 0.016 0.003]
 [0.104 0.005 0.009 0.055 0.018 0.758 0.041 0.005 0.004 0.001]
 [0.072 0.006 0.2   0.314 0.012 0.162 0.218 0.002 0.013 0.001]
 [0.224 0.005 0.008 0.026 0.377 0.269 0.027 0.053 0.008 0.003]
 [0.572 0.043 0.019 0.002 0.006 0.024 0.004 0.003 0.321 0.006]
 [0.401 0.391 0.006 0.022 0.029 0.039 0.003 0.027 0.031 0.051]]
[2025-06-11 09:23:50,296 INFO] 8000 iteration, USE_EMA: True, {'train/sup_loss': tensor(1.0579, device='cuda:0'), 'train/unsup_loss': tensor(0.0139, device='cuda:0'), 'train/total_loss': tensor(2.4447, device='cuda:0'), 'lr': 0.025578127650511987, 'train/prefecth_time': 0.10575881958007813, 'train/run_time': 0.12098560333251954, 'eval/loss': tensor(3.0548, device='cuda:0'), 'eval/top-1-acc': 0.2837, 'eval/top-5-acc': 0.7958}, BEST_EVAL_ACC: 0.2837, at 8000 iters
[2025-06-11 09:24:16,649 INFO] confusion matrix:
[[0.75  0.024 0.011 0.004 0.011 0.049 0.014 0.001 0.129 0.007]
 [0.222 0.367 0.032 0.01  0.03  0.061 0.006 0.04  0.152 0.08 ]
 [0.306 0.001 0.029 0.076 0.026 0.337 0.199 0.002 0.018 0.006]
 [0.162 0.011 0.02  0.18  0.012 0.546 0.045 0.003 0.018 0.003]
 [0.144 0.001 0.029 0.144 0.122 0.18  0.351 0.009 0.017 0.003]
 [0.108 0.004 0.009 0.069 0.019 0.734 0.045 0.005 0.006 0.001]
 [0.073 0.004 0.176 0.364 0.012 0.135 0.224 0.002 0.009 0.001]
 [0.213 0.005 0.008 0.03  0.404 0.256 0.027 0.048 0.006 0.003]
 [0.572 0.042 0.024 0.002 0.006 0.02  0.004 0.003 0.321 0.006]
 [0.404 0.371 0.009 0.027 0.032 0.035 0.004 0.029 0.029 0.06 ]]
[2025-06-11 09:24:16,657 INFO] 8100 iteration, USE_EMA: True, {'train/sup_loss': tensor(0.7085, device='cuda:0'), 'train/unsup_loss': tensor(0.0070, device='cuda:0'), 'train/total_loss': tensor(1.4051, device='cuda:0'), 'lr': 0.02546979045297999, 'train/prefecth_time': 0.09185485076904297, 'train/run_time': 0.12301795196533204, 'eval/loss': tensor(3.0361, device='cuda:0'), 'eval/top-1-acc': 0.2835, 'eval/top-5-acc': 0.7972}, BEST_EVAL_ACC: 0.2837, at 8000 iters
[2025-06-11 09:24:43,188 INFO] confusion matrix:
[[0.731 0.023 0.012 0.004 0.01  0.05  0.015 0.002 0.147 0.006]
 [0.218 0.345 0.033 0.013 0.028 0.057 0.007 0.055 0.158 0.086]
 [0.302 0.001 0.025 0.086 0.025 0.333 0.201 0.001 0.02  0.006]
 [0.161 0.01  0.017 0.196 0.013 0.531 0.048 0.003 0.017 0.004]
 [0.14  0.001 0.02  0.154 0.12  0.169 0.365 0.008 0.018 0.005]
 [0.107 0.004 0.006 0.075 0.02  0.728 0.049 0.005 0.005 0.001]
 [0.074 0.004 0.143 0.402 0.012 0.123 0.228 0.003 0.01  0.001]
 [0.207 0.005 0.007 0.037 0.409 0.241 0.035 0.047 0.009 0.003]
 [0.548 0.043 0.023 0.004 0.005 0.021 0.004 0.003 0.342 0.007]
 [0.4   0.36  0.008 0.03  0.034 0.029 0.005 0.034 0.031 0.069]]
[2025-06-11 09:24:43,194 INFO] 8200 iteration, USE_EMA: True, {'train/sup_loss': tensor(1.1279, device='cuda:0'), 'train/unsup_loss': tensor(0.0093, device='cuda:0'), 'train/total_loss': tensor(2.0559, device='cuda:0'), 'lr': 0.025360250383127225, 'train/prefecth_time': 0.09266770935058594, 'train/run_time': 0.11989810943603516, 'eval/loss': tensor(3.0257, device='cuda:0'), 'eval/top-1-acc': 0.2831, 'eval/top-5-acc': 0.7981}, BEST_EVAL_ACC: 0.2837, at 8000 iters
[2025-06-11 09:25:09,346 INFO] confusion matrix:
[[0.721 0.024 0.01  0.004 0.011 0.05  0.014 0.002 0.156 0.008]
 [0.219 0.345 0.031 0.013 0.027 0.054 0.006 0.059 0.159 0.087]
 [0.299 0.002 0.025 0.088 0.022 0.331 0.203 0.002 0.022 0.006]
 [0.162 0.011 0.012 0.203 0.011 0.528 0.048 0.003 0.017 0.005]
 [0.141 0.001 0.015 0.161 0.123 0.165 0.36  0.01  0.019 0.005]
 [0.106 0.004 0.005 0.079 0.017 0.728 0.049 0.006 0.005 0.001]
 [0.073 0.004 0.106 0.449 0.012 0.122 0.217 0.003 0.013 0.001]
 [0.2   0.005 0.005 0.035 0.42  0.237 0.034 0.051 0.01  0.003]
 [0.539 0.044 0.022 0.005 0.005 0.021 0.004 0.003 0.35  0.007]
 [0.392 0.366 0.008 0.027 0.037 0.029 0.006 0.035 0.031 0.069]]
[2025-06-11 09:25:09,354 INFO] 8300 iteration, USE_EMA: True, {'train/sup_loss': tensor(1.1026, device='cuda:0'), 'train/unsup_loss': tensor(0.0138, device='cuda:0'), 'train/total_loss': tensor(2.4803, device='cuda:0'), 'lr': 0.02524951261424786, 'train/prefecth_time': 0.08926976013183593, 'train/run_time': 0.12060057830810547, 'eval/loss': tensor(3.0402, device='cuda:0'), 'eval/top-1-acc': 0.2832, 'eval/top-5-acc': 0.7972}, BEST_EVAL_ACC: 0.2837, at 8000 iters
[2025-06-11 09:25:35,321 INFO] confusion matrix:
[[0.711 0.025 0.01  0.004 0.011 0.05  0.014 0.002 0.165 0.008]
 [0.21  0.359 0.025 0.013 0.027 0.061 0.006 0.05  0.165 0.084]
 [0.295 0.002 0.019 0.09  0.023 0.335 0.205 0.001 0.024 0.006]
 [0.162 0.01  0.008 0.194 0.01  0.535 0.051 0.003 0.02  0.007]
 [0.137 0.001 0.014 0.155 0.127 0.16  0.368 0.01  0.023 0.005]
 [0.101 0.005 0.003 0.078 0.018 0.735 0.047 0.006 0.006 0.001]
 [0.072 0.004 0.081 0.456 0.012 0.123 0.235 0.003 0.013 0.001]
 [0.194 0.004 0.005 0.035 0.426 0.231 0.038 0.051 0.013 0.003]
 [0.533 0.046 0.021 0.005 0.005 0.022 0.004 0.003 0.354 0.007]
 [0.384 0.381 0.006 0.024 0.035 0.03  0.007 0.031 0.033 0.069]]
[2025-06-11 09:25:35,328 INFO] 8400 iteration, USE_EMA: True, {'train/sup_loss': tensor(0.0773, device='cuda:0'), 'train/unsup_loss': tensor(0.0062, device='cuda:0'), 'train/total_loss': tensor(0.6925, device='cuda:0'), 'lr': 0.02513758237620026, 'train/prefecth_time': 0.08848665618896484, 'train/run_time': 0.12051430511474609, 'eval/loss': tensor(3.0302, device='cuda:0'), 'eval/top-1-acc': 0.2854, 'eval/top-5-acc': 0.8}, BEST_EVAL_ACC: 0.2854, at 8400 iters
[2025-06-11 09:26:01,329 INFO] confusion matrix:
[[0.713 0.024 0.01  0.004 0.011 0.051 0.014 0.002 0.163 0.008]
 [0.203 0.37  0.025 0.013 0.025 0.061 0.006 0.044 0.171 0.082]
 [0.3   0.002 0.018 0.08  0.022 0.327 0.222 0.    0.023 0.006]
 [0.166 0.011 0.007 0.196 0.011 0.52  0.059 0.003 0.021 0.006]
 [0.139 0.001 0.013 0.147 0.125 0.146 0.389 0.011 0.024 0.005]
 [0.105 0.005 0.003 0.077 0.021 0.725 0.051 0.005 0.007 0.001]
 [0.071 0.005 0.076 0.421 0.012 0.116 0.282 0.003 0.013 0.001]
 [0.187 0.006 0.004 0.032 0.434 0.224 0.041 0.055 0.013 0.004]
 [0.537 0.047 0.022 0.005 0.006 0.02  0.005 0.002 0.35  0.006]
 [0.372 0.395 0.005 0.02  0.035 0.032 0.007 0.027 0.039 0.068]]
[2025-06-11 09:26:01,336 INFO] 8500 iteration, USE_EMA: True, {'train/sup_loss': tensor(0.1283, device='cuda:0'), 'train/unsup_loss': tensor(0.0039, device='cuda:0'), 'train/total_loss': tensor(0.5137, device='cuda:0'), 'lr': 0.02502446495516005, 'train/prefecth_time': 0.10022681427001953, 'train/run_time': 0.12065798187255859, 'eval/loss': tensor(3.0128, device='cuda:0'), 'eval/top-1-acc': 0.2902, 'eval/top-5-acc': 0.7996}, BEST_EVAL_ACC: 0.2902, at 8500 iters
[2025-06-11 09:26:27,163 INFO] confusion matrix:
[[0.716 0.027 0.01  0.003 0.012 0.051 0.014 0.002 0.157 0.008]
 [0.187 0.401 0.022 0.013 0.022 0.062 0.008 0.035 0.168 0.082]
 [0.304 0.002 0.016 0.076 0.02  0.324 0.227 0.001 0.025 0.005]
 [0.165 0.011 0.007 0.194 0.013 0.517 0.064 0.003 0.022 0.004]
 [0.146 0.002 0.012 0.139 0.129 0.131 0.401 0.012 0.024 0.004]
 [0.107 0.005 0.002 0.076 0.022 0.724 0.052 0.005 0.006 0.001]
 [0.071 0.004 0.072 0.401 0.012 0.115 0.308 0.003 0.013 0.001]
 [0.176 0.008 0.003 0.032 0.44  0.224 0.04  0.059 0.014 0.004]
 [0.535 0.05  0.021 0.006 0.006 0.021 0.004 0.001 0.349 0.007]
 [0.345 0.428 0.005 0.019 0.032 0.032 0.008 0.025 0.038 0.068]]
[2025-06-11 09:26:27,174 INFO] 8600 iteration, USE_EMA: True, {'train/sup_loss': tensor(1.2521, device='cuda:0'), 'train/unsup_loss': tensor(0.0179, device='cuda:0'), 'train/total_loss': tensor(3.0379, device='cuda:0'), 'lr': 0.024910165693370425, 'train/prefecth_time': 0.09495235443115234, 'train/run_time': 0.12000998687744141, 'eval/loss': tensor(2.9883, device='cuda:0'), 'eval/top-1-acc': 0.2964, 'eval/top-5-acc': 0.8012}, BEST_EVAL_ACC: 0.2964, at 8600 iters
[2025-06-11 09:26:52,974 INFO] confusion matrix:
[[0.715 0.032 0.01  0.003 0.011 0.049 0.014 0.002 0.156 0.008]
 [0.167 0.435 0.018 0.013 0.022 0.057 0.008 0.029 0.166 0.085]
 [0.304 0.002 0.015 0.076 0.02  0.317 0.234 0.001 0.026 0.005]
 [0.158 0.014 0.005 0.206 0.014 0.501 0.067 0.007 0.024 0.004]
 [0.145 0.002 0.01  0.141 0.13  0.117 0.415 0.012 0.024 0.004]
 [0.108 0.005 0.003 0.092 0.021 0.701 0.056 0.007 0.006 0.001]
 [0.069 0.002 0.066 0.392 0.011 0.112 0.331 0.003 0.014 0.   ]
 [0.166 0.008 0.003 0.035 0.446 0.211 0.044 0.067 0.015 0.005]
 [0.527 0.054 0.019 0.006 0.006 0.021 0.007 0.001 0.352 0.007]
 [0.326 0.462 0.006 0.018 0.033 0.025 0.011 0.022 0.033 0.064]]
[2025-06-11 09:26:52,980 INFO] 8700 iteration, USE_EMA: True, {'train/sup_loss': tensor(0.9209, device='cuda:0'), 'train/unsup_loss': tensor(0.0092, device='cuda:0'), 'train/total_loss': tensor(1.8447, device='cuda:0'), 'lr': 0.02479468998888986, 'train/prefecth_time': 0.08894464111328125, 'train/run_time': 0.11892326354980469, 'eval/loss': tensor(2.9588, device='cuda:0'), 'eval/top-1-acc': 0.3016, 'eval/top-5-acc': 0.805}, BEST_EVAL_ACC: 0.3016, at 8700 iters
[2025-06-11 09:27:18,747 INFO] confusion matrix:
[[0.721 0.032 0.01  0.003 0.012 0.05  0.016 0.002 0.145 0.009]
 [0.166 0.445 0.016 0.012 0.021 0.058 0.008 0.026 0.157 0.091]
 [0.3   0.002 0.014 0.078 0.019 0.311 0.243 0.002 0.025 0.006]
 [0.157 0.014 0.005 0.212 0.014 0.496 0.065 0.009 0.023 0.005]
 [0.146 0.002 0.011 0.147 0.131 0.106 0.418 0.012 0.023 0.004]
 [0.105 0.004 0.003 0.096 0.022 0.697 0.057 0.008 0.006 0.002]
 [0.067 0.002 0.06  0.411 0.01  0.105 0.329 0.003 0.013 0.   ]
 [0.162 0.006 0.003 0.038 0.445 0.205 0.048 0.072 0.015 0.006]
 [0.532 0.053 0.019 0.006 0.005 0.021 0.007 0.001 0.348 0.008]
 [0.326 0.461 0.006 0.018 0.031 0.024 0.011 0.022 0.032 0.069]]
[2025-06-11 09:27:18,755 INFO] 8800 iteration, USE_EMA: True, {'train/sup_loss': tensor(0.5412, device='cuda:0'), 'train/unsup_loss': tensor(0.0051, device='cuda:0'), 'train/total_loss': tensor(1.0535, device='cuda:0'), 'lr': 0.024678043295337182, 'train/prefecth_time': 0.10890569305419921, 'train/run_time': 0.11998563385009765, 'eval/loss': tensor(2.9611, device='cuda:0'), 'eval/top-1-acc': 0.3038, 'eval/top-5-acc': 0.8037}, BEST_EVAL_ACC: 0.3038, at 8800 iters
[2025-06-11 09:27:44,624 INFO] confusion matrix:
[[0.723 0.035 0.009 0.003 0.012 0.048 0.015 0.002 0.144 0.009]
 [0.152 0.46  0.016 0.011 0.021 0.06  0.008 0.025 0.153 0.094]
 [0.301 0.003 0.009 0.087 0.021 0.302 0.241 0.003 0.027 0.006]
 [0.157 0.015 0.002 0.22  0.014 0.489 0.062 0.01  0.026 0.005]
 [0.154 0.003 0.009 0.158 0.134 0.105 0.397 0.013 0.023 0.004]
 [0.101 0.004 0.003 0.101 0.021 0.7   0.055 0.008 0.005 0.002]
 [0.063 0.003 0.054 0.434 0.009 0.106 0.308 0.003 0.02  0.   ]
 [0.158 0.007 0.002 0.04  0.453 0.2   0.044 0.075 0.015 0.006]
 [0.529 0.056 0.017 0.008 0.005 0.022 0.007 0.001 0.346 0.009]
 [0.303 0.491 0.006 0.019 0.029 0.023 0.008 0.023 0.032 0.066]]
[2025-06-11 09:27:44,629 INFO] 8900 iteration, USE_EMA: True, {'train/sup_loss': tensor(0.6405, device='cuda:0'), 'train/unsup_loss': tensor(0.0050, device='cuda:0'), 'train/total_loss': tensor(1.1436, device='cuda:0'), 'lr': 0.024560231121633996, 'train/prefecth_time': 0.09082860565185547, 'train/run_time': 0.12008153533935546, 'eval/loss': tensor(2.9677, device='cuda:0'), 'eval/top-1-acc': 0.3041, 'eval/top-5-acc': 0.802}, BEST_EVAL_ACC: 0.3041, at 8900 iters
[2025-06-11 09:28:10,477 INFO] confusion matrix:
[[0.72  0.042 0.007 0.003 0.012 0.05  0.016 0.001 0.139 0.01 ]
 [0.132 0.479 0.013 0.008 0.021 0.061 0.011 0.021 0.156 0.098]
 [0.306 0.003 0.008 0.087 0.024 0.298 0.238 0.003 0.027 0.006]
 [0.158 0.015 0.002 0.215 0.015 0.496 0.058 0.01  0.026 0.005]
 [0.155 0.004 0.008 0.164 0.14  0.107 0.384 0.013 0.02  0.005]
 [0.101 0.004 0.003 0.099 0.024 0.7   0.053 0.009 0.005 0.002]
 [0.061 0.003 0.047 0.445 0.009 0.105 0.308 0.004 0.018 0.   ]
 [0.157 0.011 0.002 0.034 0.464 0.199 0.042 0.072 0.013 0.006]
 [0.527 0.057 0.017 0.008 0.005 0.022 0.01  0.    0.344 0.01 ]
 [0.273 0.523 0.005 0.02  0.029 0.023 0.009 0.02  0.028 0.07 ]]
[2025-06-11 09:28:10,483 INFO] 9000 iteration, USE_EMA: True, {'train/sup_loss': tensor(1.3612, device='cuda:0'), 'train/unsup_loss': tensor(0.0162, device='cuda:0'), 'train/total_loss': tensor(2.9814, device='cuda:0'), 'lr': 0.024441259031744527, 'train/prefecth_time': 0.09134130859375, 'train/run_time': 0.12029853057861328, 'eval/loss': tensor(2.9661, device='cuda:0'), 'eval/top-1-acc': 0.3056, 'eval/top-5-acc': 0.8022}, BEST_EVAL_ACC: 0.3056, at 9000 iters
[2025-06-11 09:28:36,312 INFO] confusion matrix:
[[0.715 0.043 0.013 0.002 0.012 0.05  0.016 0.001 0.138 0.01 ]
 [0.121 0.49  0.016 0.01  0.021 0.06  0.011 0.02  0.155 0.096]
 [0.297 0.002 0.01  0.092 0.026 0.3   0.239 0.003 0.025 0.006]
 [0.152 0.015 0.005 0.226 0.016 0.493 0.054 0.01  0.024 0.005]
 [0.152 0.003 0.008 0.171 0.142 0.106 0.38  0.013 0.02  0.005]
 [0.094 0.004 0.003 0.103 0.027 0.701 0.054 0.007 0.006 0.001]
 [0.06  0.003 0.052 0.457 0.009 0.104 0.295 0.004 0.016 0.   ]
 [0.152 0.011 0.002 0.035 0.474 0.196 0.044 0.07  0.012 0.004]
 [0.52  0.061 0.018 0.008 0.007 0.021 0.009 0.    0.347 0.009]
 [0.26  0.539 0.006 0.02  0.03  0.025 0.01  0.016 0.027 0.067]]
[2025-06-11 09:28:36,318 INFO] 9100 iteration, USE_EMA: True, {'train/sup_loss': tensor(0.2079, device='cuda:0'), 'train/unsup_loss': tensor(0.0056, device='cuda:0'), 'train/total_loss': tensor(0.7655, device='cuda:0'), 'lr': 0.02432113264441283, 'train/prefecth_time': 0.08957778930664062, 'train/run_time': 0.1197790756225586, 'eval/loss': tensor(2.9888, device='cuda:0'), 'eval/top-1-acc': 0.3063, 'eval/top-5-acc': 0.8048}, BEST_EVAL_ACC: 0.3063, at 9100 iters
[2025-06-11 09:29:02,389 INFO] confusion matrix:
[[0.71  0.046 0.014 0.003 0.013 0.054 0.017 0.    0.132 0.011]
 [0.114 0.503 0.017 0.012 0.016 0.057 0.011 0.019 0.151 0.1  ]
 [0.289 0.003 0.014 0.092 0.026 0.306 0.239 0.004 0.021 0.006]
 [0.142 0.015 0.007 0.225 0.019 0.502 0.054 0.009 0.022 0.005]
 [0.144 0.004 0.008 0.183 0.144 0.108 0.373 0.013 0.019 0.004]
 [0.093 0.004 0.003 0.103 0.026 0.702 0.053 0.009 0.005 0.002]
 [0.055 0.003 0.051 0.482 0.008 0.105 0.278 0.004 0.014 0.   ]
 [0.149 0.012 0.005 0.037 0.476 0.192 0.042 0.071 0.011 0.005]
 [0.511 0.07  0.025 0.007 0.006 0.02  0.009 0.    0.342 0.01 ]
 [0.242 0.56  0.006 0.019 0.029 0.025 0.01  0.013 0.023 0.073]]
[2025-06-11 09:29:02,394 INFO] 9200 iteration, USE_EMA: True, {'train/sup_loss': tensor(0.5071, device='cuda:0'), 'train/unsup_loss': tensor(0.0070, device='cuda:0'), 'train/total_loss': tensor(1.2099, device='cuda:0'), 'lr': 0.02419985763289746, 'train/prefecth_time': 0.09870118713378906, 'train/run_time': 0.1203344955444336, 'eval/loss': tensor(3.0000, device='cuda:0'), 'eval/top-1-acc': 0.3062, 'eval/top-5-acc': 0.8047}, BEST_EVAL_ACC: 0.3063, at 9100 iters
[2025-06-11 09:29:28,294 INFO] confusion matrix:
[[0.716 0.042 0.016 0.004 0.013 0.055 0.016 0.    0.126 0.012]
 [0.116 0.494 0.024 0.013 0.017 0.055 0.011 0.019 0.148 0.103]
 [0.284 0.003 0.016 0.097 0.026 0.314 0.235 0.002 0.017 0.006]
 [0.139 0.014 0.009 0.229 0.021 0.501 0.051 0.009 0.022 0.005]
 [0.141 0.003 0.011 0.19  0.152 0.107 0.363 0.012 0.017 0.004]
 [0.091 0.006 0.004 0.104 0.026 0.698 0.055 0.009 0.005 0.002]
 [0.054 0.003 0.059 0.507 0.007 0.105 0.248 0.004 0.012 0.001]
 [0.147 0.01  0.007 0.037 0.485 0.193 0.035 0.068 0.012 0.006]
 [0.519 0.066 0.033 0.007 0.006 0.017 0.009 0.    0.334 0.009]
 [0.25  0.551 0.007 0.018 0.029 0.023 0.008 0.012 0.023 0.079]]
[2025-06-11 09:29:28,299 INFO] 9300 iteration, USE_EMA: True, {'train/sup_loss': tensor(0.2538, device='cuda:0'), 'train/unsup_loss': tensor(0.0042, device='cuda:0'), 'train/total_loss': tensor(0.6785, device='cuda:0'), 'lr': 0.024077439724703498, 'train/prefecth_time': 0.10261878204345704, 'train/run_time': 0.12210924530029296, 'eval/loss': tensor(3.0180, device='cuda:0'), 'eval/top-1-acc': 0.3034, 'eval/top-5-acc': 0.8059}, BEST_EVAL_ACC: 0.3063, at 9100 iters
[2025-06-11 09:29:54,071 INFO] confusion matrix:
[[0.719 0.041 0.019 0.004 0.014 0.053 0.016 0.    0.122 0.012]
 [0.118 0.476 0.03  0.011 0.018 0.058 0.01  0.019 0.149 0.111]
 [0.284 0.003 0.019 0.106 0.026 0.313 0.223 0.002 0.018 0.006]
 [0.144 0.012 0.017 0.226 0.023 0.496 0.046 0.009 0.022 0.005]
 [0.146 0.002 0.011 0.197 0.155 0.109 0.345 0.013 0.017 0.005]
 [0.094 0.005 0.008 0.1   0.028 0.699 0.05  0.009 0.005 0.002]
 [0.057 0.004 0.055 0.529 0.007 0.106 0.225 0.004 0.012 0.001]
 [0.148 0.01  0.009 0.035 0.488 0.194 0.033 0.066 0.012 0.005]
 [0.528 0.063 0.037 0.008 0.006 0.016 0.006 0.    0.326 0.01 ]
 [0.247 0.537 0.009 0.017 0.03  0.022 0.008 0.012 0.026 0.092]]
[2025-06-11 09:29:54,076 INFO] 9400 iteration, USE_EMA: True, {'train/sup_loss': tensor(0.1082, device='cuda:0'), 'train/unsup_loss': tensor(0.0071, device='cuda:0'), 'train/total_loss': tensor(0.8173, device='cuda:0'), 'lr': 0.0239538847013121, 'train/prefecth_time': 0.09098854064941406, 'train/run_time': 0.12054783630371094, 'eval/loss': tensor(3.0133, device='cuda:0'), 'eval/top-1-acc': 0.3003, 'eval/top-5-acc': 0.8118}, BEST_EVAL_ACC: 0.3063, at 9100 iters
[2025-06-11 09:30:20,299 INFO] confusion matrix:
[[0.721 0.041 0.019 0.004 0.014 0.052 0.017 0.    0.12  0.012]
 [0.117 0.481 0.028 0.01  0.014 0.057 0.01  0.016 0.149 0.118]
 [0.291 0.003 0.018 0.112 0.025 0.31  0.216 0.002 0.017 0.006]
 [0.145 0.013 0.017 0.216 0.024 0.506 0.043 0.009 0.022 0.005]
 [0.147 0.003 0.01  0.199 0.161 0.108 0.338 0.012 0.017 0.005]
 [0.098 0.006 0.008 0.092 0.028 0.706 0.048 0.007 0.005 0.002]
 [0.057 0.004 0.047 0.549 0.006 0.11  0.21  0.004 0.012 0.001]
 [0.151 0.01  0.009 0.03  0.493 0.197 0.032 0.061 0.011 0.006]
 [0.531 0.062 0.038 0.007 0.005 0.016 0.006 0.    0.325 0.01 ]
 [0.247 0.54  0.008 0.016 0.027 0.02  0.006 0.011 0.026 0.099]]
[2025-06-11 09:30:20,304 INFO] 9500 iteration, USE_EMA: True, {'train/sup_loss': tensor(0.3418, device='cuda:0'), 'train/unsup_loss': tensor(0.0044, device='cuda:0'), 'train/total_loss': tensor(0.7794, device='cuda:0'), 'lr': 0.02382919839790743, 'train/prefecth_time': 0.09711862182617187, 'train/run_time': 0.1204769287109375, 'eval/loss': tensor(3.0451, device='cuda:0'), 'eval/top-1-acc': 0.2998, 'eval/top-5-acc': 0.8134}, BEST_EVAL_ACC: 0.3063, at 9100 iters
[2025-06-11 09:30:46,344 INFO] confusion matrix:
[[0.712 0.042 0.022 0.004 0.014 0.051 0.017 0.    0.126 0.012]
 [0.114 0.468 0.036 0.009 0.012 0.052 0.012 0.015 0.159 0.123]
 [0.294 0.004 0.025 0.112 0.025 0.302 0.211 0.002 0.017 0.008]
 [0.147 0.011 0.019 0.216 0.025 0.504 0.043 0.008 0.023 0.004]
 [0.154 0.003 0.01  0.203 0.162 0.111 0.322 0.011 0.018 0.006]
 [0.098 0.006 0.008 0.088 0.029 0.71  0.048 0.006 0.005 0.002]
 [0.058 0.004 0.047 0.559 0.008 0.109 0.198 0.004 0.012 0.001]
 [0.154 0.009 0.013 0.031 0.496 0.191 0.027 0.062 0.011 0.006]
 [0.519 0.061 0.042 0.007 0.005 0.015 0.003 0.    0.336 0.012]
 [0.25  0.526 0.008 0.015 0.027 0.018 0.005 0.011 0.029 0.111]]
[2025-06-11 09:30:46,349 INFO] 9600 iteration, USE_EMA: True, {'train/sup_loss': tensor(0.3296, device='cuda:0'), 'train/unsup_loss': tensor(0.0042, device='cuda:0'), 'train/total_loss': tensor(0.7541, device='cuda:0'), 'lr': 0.023703386703101053, 'train/prefecth_time': 0.09611625671386718, 'train/run_time': 0.1213337631225586, 'eval/loss': tensor(3.0337, device='cuda:0'), 'eval/top-1-acc': 0.3, 'eval/top-5-acc': 0.8151}, BEST_EVAL_ACC: 0.3063, at 9100 iters
[2025-06-11 09:31:12,180 INFO] confusion matrix:
[[0.718 0.038 0.024 0.004 0.014 0.047 0.017 0.    0.126 0.012]
 [0.128 0.443 0.039 0.009 0.013 0.046 0.012 0.017 0.17  0.123]
 [0.302 0.004 0.027 0.119 0.024 0.287 0.206 0.001 0.022 0.008]
 [0.161 0.014 0.02  0.213 0.025 0.49  0.043 0.008 0.023 0.003]
 [0.159 0.002 0.009 0.214 0.165 0.108 0.309 0.01  0.019 0.005]
 [0.108 0.007 0.01  0.087 0.031 0.696 0.046 0.008 0.005 0.002]
 [0.061 0.004 0.047 0.572 0.008 0.107 0.181 0.004 0.015 0.001]
 [0.159 0.008 0.017 0.031 0.499 0.185 0.026 0.059 0.01  0.006]
 [0.517 0.058 0.044 0.009 0.004 0.013 0.003 0.    0.34  0.012]
 [0.258 0.512 0.009 0.015 0.027 0.018 0.006 0.011 0.03  0.114]]
[2025-06-11 09:31:12,185 INFO] 9700 iteration, USE_EMA: True, {'train/sup_loss': tensor(1.3175, device='cuda:0'), 'train/unsup_loss': tensor(0.0162, device='cuda:0'), 'train/total_loss': tensor(2.9401, device='cuda:0'), 'lr': 0.023576455558653897, 'train/prefecth_time': 0.09035740661621093, 'train/run_time': 0.12072966766357422, 'eval/loss': tensor(3.0468, device='cuda:0'), 'eval/top-1-acc': 0.2956, 'eval/top-5-acc': 0.816}, BEST_EVAL_ACC: 0.3063, at 9100 iters
[2025-06-11 09:31:38,182 INFO] confusion matrix:
[[0.709 0.035 0.023 0.004 0.014 0.047 0.017 0.001 0.137 0.013]
 [0.119 0.433 0.039 0.009 0.012 0.048 0.011 0.014 0.178 0.137]
 [0.298 0.004 0.027 0.124 0.023 0.287 0.205 0.001 0.023 0.008]
 [0.161 0.013 0.017 0.211 0.025 0.494 0.044 0.007 0.024 0.004]
 [0.153 0.003 0.009 0.217 0.165 0.118 0.301 0.01  0.019 0.005]
 [0.107 0.007 0.01  0.088 0.032 0.695 0.044 0.01  0.005 0.002]
 [0.058 0.004 0.039 0.585 0.006 0.112 0.177 0.004 0.014 0.001]
 [0.159 0.008 0.012 0.032 0.508 0.182 0.025 0.057 0.011 0.006]
 [0.492 0.057 0.041 0.009 0.004 0.011 0.003 0.    0.37  0.013]
 [0.25  0.512 0.008 0.018 0.028 0.016 0.007 0.009 0.031 0.121]]
[2025-06-11 09:31:38,187 INFO] 9800 iteration, USE_EMA: True, {'train/sup_loss': tensor(0.1462, device='cuda:0'), 'train/unsup_loss': tensor(0.0052, device='cuda:0'), 'train/total_loss': tensor(0.6624, device='cuda:0'), 'lr': 0.023448410959195577, 'train/prefecth_time': 0.09365878295898437, 'train/run_time': 0.12120867156982422, 'eval/loss': tensor(3.0590, device='cuda:0'), 'eval/top-1-acc': 0.2965, 'eval/top-5-acc': 0.8164}, BEST_EVAL_ACC: 0.3063, at 9100 iters
[2025-06-11 09:32:04,571 INFO] confusion matrix:
[[0.7   0.033 0.024 0.004 0.016 0.047 0.018 0.001 0.144 0.013]
 [0.11  0.417 0.042 0.009 0.013 0.045 0.011 0.015 0.184 0.154]
 [0.294 0.004 0.024 0.124 0.023 0.292 0.207 0.001 0.022 0.009]
 [0.163 0.013 0.015 0.214 0.025 0.496 0.042 0.006 0.023 0.003]
 [0.151 0.002 0.01  0.216 0.173 0.11  0.304 0.011 0.018 0.005]
 [0.111 0.007 0.011 0.089 0.033 0.685 0.045 0.009 0.007 0.003]
 [0.057 0.004 0.037 0.59  0.006 0.114 0.173 0.003 0.015 0.001]
 [0.157 0.009 0.012 0.032 0.511 0.178 0.025 0.059 0.011 0.006]
 [0.477 0.059 0.038 0.01  0.004 0.011 0.002 0.    0.385 0.014]
 [0.246 0.505 0.009 0.015 0.029 0.016 0.007 0.009 0.033 0.131]]
[2025-06-11 09:32:04,576 INFO] 9900 iteration, USE_EMA: True, {'train/sup_loss': tensor(0.5913, device='cuda:0'), 'train/unsup_loss': tensor(0.0067, device='cuda:0'), 'train/total_loss': tensor(1.2572, device='cuda:0'), 'lr': 0.02331925895194131, 'train/prefecth_time': 0.10163177490234375, 'train/run_time': 0.12033270263671875, 'eval/loss': tensor(3.0729, device='cuda:0'), 'eval/top-1-acc': 0.2961, 'eval/top-5-acc': 0.8167}, BEST_EVAL_ACC: 0.3063, at 9100 iters
[2025-06-11 09:32:30,414 INFO] confusion matrix:
[[0.69  0.033 0.023 0.004 0.015 0.047 0.015 0.001 0.158 0.014]
 [0.097 0.399 0.041 0.009 0.012 0.048 0.011 0.016 0.204 0.163]
 [0.291 0.004 0.021 0.128 0.021 0.304 0.196 0.001 0.025 0.009]
 [0.168 0.014 0.015 0.214 0.025 0.493 0.04  0.005 0.023 0.003]
 [0.148 0.003 0.01  0.215 0.174 0.117 0.3   0.011 0.017 0.005]
 [0.11  0.007 0.01  0.086 0.036 0.687 0.044 0.009 0.008 0.003]
 [0.057 0.004 0.038 0.6   0.006 0.119 0.158 0.002 0.015 0.001]
 [0.161 0.009 0.013 0.033 0.51  0.176 0.023 0.057 0.012 0.006]
 [0.46  0.058 0.035 0.011 0.004 0.012 0.003 0.    0.403 0.014]
 [0.244 0.497 0.008 0.017 0.026 0.018 0.006 0.008 0.042 0.134]]
[2025-06-11 09:32:30,420 INFO] 10000 iteration, USE_EMA: True, {'train/sup_loss': tensor(1.1044, device='cuda:0'), 'train/unsup_loss': tensor(0.0124, device='cuda:0'), 'train/total_loss': tensor(2.3447, device='cuda:0'), 'lr': 0.023189005636406333, 'train/prefecth_time': 0.08952384185791015, 'train/run_time': 0.1212113265991211, 'eval/loss': tensor(3.0916, device='cuda:0'), 'eval/top-1-acc': 0.2937, 'eval/top-5-acc': 0.8195}, BEST_EVAL_ACC: 0.3063, at 9100 iters
[2025-06-11 09:32:56,048 INFO] confusion matrix:
[[0.684 0.033 0.021 0.005 0.015 0.047 0.015 0.002 0.163 0.015]
 [0.1   0.367 0.04  0.011 0.012 0.049 0.014 0.016 0.201 0.19 ]
 [0.292 0.003 0.019 0.127 0.024 0.308 0.191 0.001 0.025 0.01 ]
 [0.171 0.013 0.013 0.212 0.025 0.497 0.038 0.005 0.023 0.003]
 [0.148 0.002 0.009 0.207 0.178 0.118 0.305 0.011 0.017 0.005]
 [0.112 0.007 0.009 0.08  0.04  0.687 0.045 0.008 0.007 0.005]
 [0.058 0.004 0.032 0.599 0.006 0.123 0.16  0.002 0.014 0.002]
 [0.159 0.006 0.01  0.031 0.519 0.169 0.023 0.062 0.014 0.007]
 [0.452 0.051 0.037 0.009 0.005 0.012 0.001 0.    0.413 0.02 ]
 [0.243 0.475 0.008 0.017 0.026 0.017 0.007 0.008 0.045 0.154]]
[2025-06-11 09:32:56,053 INFO] 10100 iteration, USE_EMA: True, {'train/sup_loss': tensor(1.2746, device='cuda:0'), 'train/unsup_loss': tensor(0.0168, device='cuda:0'), 'train/total_loss': tensor(2.9583, device='cuda:0'), 'lr': 0.023057657164117805, 'train/prefecth_time': 0.140046142578125, 'train/run_time': 0.12048588562011718, 'eval/loss': tensor(3.0744, device='cuda:0'), 'eval/top-1-acc': 0.2936, 'eval/top-5-acc': 0.8213}, BEST_EVAL_ACC: 0.3063, at 9100 iters
[2025-06-11 09:33:21,765 INFO] confusion matrix:
[[0.695 0.032 0.018 0.005 0.015 0.04  0.015 0.005 0.159 0.016]
 [0.1   0.371 0.035 0.011 0.014 0.046 0.012 0.016 0.197 0.198]
 [0.301 0.003 0.016 0.126 0.024 0.302 0.189 0.002 0.027 0.01 ]
 [0.177 0.013 0.013 0.211 0.026 0.492 0.035 0.007 0.023 0.003]
 [0.151 0.001 0.009 0.212 0.181 0.115 0.298 0.011 0.017 0.005]
 [0.114 0.008 0.008 0.076 0.043 0.685 0.044 0.009 0.007 0.006]
 [0.059 0.004 0.029 0.607 0.008 0.121 0.153 0.003 0.014 0.002]
 [0.164 0.005 0.009 0.029 0.525 0.163 0.021 0.065 0.012 0.007]
 [0.456 0.058 0.035 0.008 0.004 0.012 0.001 0.    0.407 0.019]
 [0.244 0.479 0.008 0.015 0.029 0.017 0.006 0.009 0.041 0.152]]
[2025-06-11 09:33:21,772 INFO] 10200 iteration, USE_EMA: True, {'train/sup_loss': tensor(0.2059, device='cuda:0'), 'train/unsup_loss': tensor(0.0078, device='cuda:0'), 'train/total_loss': tensor(0.9825, device='cuda:0'), 'lr': 0.02292521973832432, 'train/prefecth_time': 0.13387532043457032, 'train/run_time': 0.12802665710449218, 'eval/loss': tensor(3.0936, device='cuda:0'), 'eval/top-1-acc': 0.2936, 'eval/top-5-acc': 0.8214}, BEST_EVAL_ACC: 0.3063, at 9100 iters
[2025-06-11 09:33:47,744 INFO] confusion matrix:
[[0.696 0.036 0.018 0.005 0.015 0.041 0.017 0.005 0.151 0.016]
 [0.097 0.389 0.037 0.011 0.011 0.043 0.011 0.013 0.206 0.182]
 [0.297 0.003 0.017 0.122 0.025 0.305 0.191 0.001 0.029 0.01 ]
 [0.175 0.013 0.014 0.204 0.026 0.498 0.036 0.007 0.024 0.003]
 [0.154 0.001 0.008 0.202 0.183 0.121 0.296 0.012 0.02  0.003]
 [0.114 0.008 0.009 0.07  0.043 0.69  0.043 0.011 0.007 0.005]
 [0.057 0.005 0.025 0.602 0.007 0.127 0.156 0.003 0.016 0.002]
 [0.162 0.007 0.009 0.029 0.526 0.164 0.021 0.063 0.013 0.006]
 [0.467 0.061 0.032 0.008 0.005 0.012 0.001 0.    0.4   0.014]
 [0.231 0.503 0.008 0.016 0.028 0.017 0.006 0.009 0.041 0.141]]
[2025-06-11 09:33:47,749 INFO] 10300 iteration, USE_EMA: True, {'train/sup_loss': tensor(0.9543, device='cuda:0'), 'train/unsup_loss': tensor(0.0101, device='cuda:0'), 'train/total_loss': tensor(1.9630, device='cuda:0'), 'lr': 0.02279169961370292, 'train/prefecth_time': 0.16058367919921876, 'train/run_time': 0.12042671966552734, 'eval/loss': tensor(3.0888, device='cuda:0'), 'eval/top-1-acc': 0.2939, 'eval/top-5-acc': 0.8215}, BEST_EVAL_ACC: 0.3063, at 9100 iters
[2025-06-11 09:34:14,029 INFO] confusion matrix:
[[0.706 0.036 0.019 0.005 0.015 0.039 0.016 0.004 0.145 0.015]
 [0.096 0.389 0.037 0.012 0.012 0.045 0.009 0.011 0.203 0.186]
 [0.302 0.003 0.017 0.122 0.024 0.302 0.189 0.002 0.029 0.01 ]
 [0.18  0.011 0.013 0.207 0.025 0.494 0.035 0.008 0.024 0.003]
 [0.162 0.001 0.009 0.196 0.185 0.114 0.298 0.013 0.019 0.003]
 [0.121 0.007 0.008 0.071 0.041 0.688 0.043 0.009 0.007 0.005]
 [0.058 0.004 0.025 0.602 0.007 0.128 0.153 0.003 0.017 0.003]
 [0.162 0.009 0.009 0.029 0.521 0.159 0.022 0.07  0.012 0.007]
 [0.485 0.06  0.034 0.007 0.004 0.012 0.002 0.    0.381 0.015]
 [0.227 0.511 0.008 0.018 0.026 0.015 0.005 0.009 0.039 0.142]]
[2025-06-11 09:34:14,034 INFO] 10400 iteration, USE_EMA: True, {'train/sup_loss': tensor(0.1893, device='cuda:0'), 'train/unsup_loss': tensor(0.0049, device='cuda:0'), 'train/total_loss': tensor(0.6788, device='cuda:0'), 'lr': 0.022657103096063724, 'train/prefecth_time': 0.1350287322998047, 'train/run_time': 0.12161897277832032, 'eval/loss': tensor(3.1095, device='cuda:0'), 'eval/top-1-acc': 0.2938, 'eval/top-5-acc': 0.8205}, BEST_EVAL_ACC: 0.3063, at 9100 iters
[2025-06-11 09:34:40,061 INFO] confusion matrix:
[[0.709 0.038 0.023 0.004 0.015 0.039 0.016 0.003 0.138 0.015]
 [0.089 0.402 0.039 0.012 0.013 0.044 0.009 0.01  0.199 0.183]
 [0.303 0.003 0.019 0.111 0.031 0.307 0.187 0.001 0.029 0.009]
 [0.18  0.012 0.013 0.199 0.027 0.5   0.036 0.007 0.022 0.004]
 [0.161 0.001 0.008 0.185 0.194 0.124 0.293 0.014 0.017 0.003]
 [0.12  0.006 0.011 0.07  0.042 0.687 0.044 0.01  0.006 0.004]
 [0.058 0.004 0.031 0.597 0.007 0.13  0.154 0.003 0.014 0.002]
 [0.16  0.009 0.009 0.029 0.523 0.158 0.023 0.072 0.01  0.007]
 [0.489 0.058 0.035 0.006 0.004 0.013 0.002 0.    0.376 0.017]
 [0.217 0.527 0.01  0.017 0.029 0.016 0.005 0.007 0.033 0.139]]
[2025-06-11 09:34:40,066 INFO] 10500 iteration, USE_EMA: True, {'train/sup_loss': tensor(0.9517, device='cuda:0'), 'train/unsup_loss': tensor(0.0090, device='cuda:0'), 'train/total_loss': tensor(1.8493, device='cuda:0'), 'lr': 0.022521436542052096, 'train/prefecth_time': 0.12686822509765625, 'train/run_time': 0.12900877380371092, 'eval/loss': tensor(3.0948, device='cuda:0'), 'eval/top-1-acc': 0.2951, 'eval/top-5-acc': 0.823}, BEST_EVAL_ACC: 0.3063, at 9100 iters
[2025-06-11 09:35:05,898 INFO] confusion matrix:
[[0.711 0.04  0.024 0.003 0.015 0.038 0.015 0.003 0.137 0.014]
 [0.082 0.405 0.044 0.012 0.013 0.043 0.007 0.008 0.204 0.182]
 [0.306 0.003 0.023 0.109 0.034 0.303 0.184 0.001 0.028 0.009]
 [0.182 0.012 0.014 0.198 0.028 0.495 0.036 0.008 0.022 0.005]
 [0.166 0.001 0.009 0.185 0.195 0.118 0.291 0.017 0.015 0.003]
 [0.123 0.006 0.012 0.069 0.042 0.684 0.043 0.011 0.006 0.004]
 [0.056 0.004 0.033 0.598 0.006 0.13  0.153 0.003 0.015 0.002]
 [0.16  0.008 0.014 0.028 0.521 0.153 0.02  0.076 0.013 0.007]
 [0.484 0.062 0.038 0.006 0.004 0.013 0.002 0.    0.374 0.017]
 [0.212 0.544 0.011 0.018 0.029 0.014 0.003 0.006 0.034 0.129]]
[2025-06-11 09:35:05,903 INFO] 10600 iteration, USE_EMA: True, {'train/sup_loss': tensor(0.3397, device='cuda:0'), 'train/unsup_loss': tensor(0.0046, device='cuda:0'), 'train/total_loss': tensor(0.7952, device='cuda:0'), 'lr': 0.022384706358848455, 'train/prefecth_time': 0.11769446563720704, 'train/run_time': 0.1199945297241211, 'eval/loss': tensor(3.0953, device='cuda:0'), 'eval/top-1-acc': 0.2948, 'eval/top-5-acc': 0.8249}, BEST_EVAL_ACC: 0.3063, at 9100 iters
[2025-06-11 09:35:31,793 INFO] confusion matrix:
[[0.708 0.041 0.027 0.003 0.016 0.038 0.012 0.002 0.137 0.016]
 [0.071 0.406 0.054 0.01  0.013 0.046 0.006 0.008 0.213 0.173]
 [0.312 0.003 0.027 0.105 0.036 0.298 0.183 0.002 0.025 0.009]
 [0.184 0.012 0.016 0.194 0.028 0.495 0.036 0.007 0.022 0.006]
 [0.172 0.001 0.011 0.183 0.194 0.111 0.29  0.018 0.017 0.003]
 [0.125 0.006 0.013 0.069 0.044 0.68  0.043 0.011 0.005 0.004]
 [0.055 0.004 0.037 0.592 0.007 0.13  0.157 0.003 0.014 0.001]
 [0.159 0.007 0.012 0.028 0.523 0.153 0.02  0.076 0.016 0.006]
 [0.483 0.062 0.042 0.006 0.004 0.013 0.002 0.    0.373 0.015]
 [0.195 0.564 0.012 0.016 0.03  0.014 0.002 0.006 0.036 0.125]]
[2025-06-11 09:35:31,798 INFO] 10700 iteration, USE_EMA: True, {'train/sup_loss': tensor(0.0621, device='cuda:0'), 'train/unsup_loss': tensor(0.0056, device='cuda:0'), 'train/total_loss': tensor(0.6227, device='cuda:0'), 'lr': 0.02224691900386568, 'train/prefecth_time': 0.13556736755371093, 'train/run_time': 0.1227344970703125, 'eval/loss': tensor(3.0771, device='cuda:0'), 'eval/top-1-acc': 0.294, 'eval/top-5-acc': 0.8234}, BEST_EVAL_ACC: 0.3063, at 9100 iters
[2025-06-11 09:35:57,881 INFO] confusion matrix:
[[0.694 0.045 0.031 0.004 0.022 0.039 0.013 0.002 0.138 0.012]
 [0.066 0.409 0.058 0.008 0.015 0.047 0.006 0.008 0.223 0.16 ]
 [0.312 0.004 0.029 0.093 0.038 0.3   0.187 0.002 0.027 0.008]
 [0.18  0.013 0.017 0.185 0.032 0.5   0.04  0.007 0.021 0.005]
 [0.178 0.001 0.012 0.159 0.195 0.111 0.305 0.019 0.017 0.003]
 [0.127 0.006 0.014 0.062 0.048 0.68  0.044 0.012 0.004 0.003]
 [0.055 0.004 0.04  0.558 0.007 0.131 0.187 0.003 0.014 0.001]
 [0.151 0.007 0.012 0.026 0.53  0.15  0.022 0.08  0.016 0.006]
 [0.478 0.071 0.045 0.006 0.004 0.011 0.002 0.    0.37  0.013]
 [0.194 0.58  0.011 0.014 0.03  0.013 0.004 0.006 0.036 0.112]]
[2025-06-11 09:35:57,886 INFO] 10800 iteration, USE_EMA: True, {'train/sup_loss': tensor(0.4692, device='cuda:0'), 'train/unsup_loss': tensor(0.0065, device='cuda:0'), 'train/total_loss': tensor(1.1175, device='cuda:0'), 'lr': 0.022108080984444126, 'train/prefecth_time': 0.09803628540039062, 'train/run_time': 0.1195601577758789, 'eval/loss': tensor(3.0250, device='cuda:0'), 'eval/top-1-acc': 0.2941, 'eval/top-5-acc': 0.8288}, BEST_EVAL_ACC: 0.3063, at 9100 iters
[2025-06-11 09:36:23,954 INFO] confusion matrix:
[[0.692 0.048 0.034 0.004 0.021 0.039 0.013 0.002 0.136 0.011]
 [0.067 0.416 0.062 0.007 0.014 0.046 0.007 0.006 0.222 0.153]
 [0.311 0.004 0.034 0.087 0.037 0.299 0.193 0.002 0.026 0.007]
 [0.182 0.013 0.022 0.179 0.033 0.498 0.041 0.006 0.021 0.005]
 [0.177 0.001 0.012 0.151 0.199 0.109 0.313 0.02  0.015 0.003]
 [0.13  0.005 0.015 0.059 0.049 0.677 0.046 0.013 0.004 0.002]
 [0.054 0.005 0.043 0.539 0.006 0.133 0.202 0.003 0.014 0.001]
 [0.154 0.008 0.015 0.025 0.528 0.147 0.023 0.08  0.014 0.006]
 [0.474 0.077 0.048 0.006 0.004 0.011 0.001 0.    0.366 0.013]
 [0.191 0.595 0.011 0.012 0.025 0.011 0.005 0.005 0.036 0.109]]
[2025-06-11 09:36:23,960 INFO] 10900 iteration, USE_EMA: True, {'train/sup_loss': tensor(0.8359, device='cuda:0'), 'train/unsup_loss': tensor(0.0085, device='cuda:0'), 'train/total_loss': tensor(1.6834, device='cuda:0'), 'lr': 0.02196819885754433, 'train/prefecth_time': 0.09193484497070313, 'train/run_time': 0.12099158477783203, 'eval/loss': tensor(3.0088, device='cuda:0'), 'eval/top-1-acc': 0.2954, 'eval/top-5-acc': 0.829}, BEST_EVAL_ACC: 0.3063, at 9100 iters
[2025-06-11 09:36:50,191 INFO] confusion matrix:
[[0.696 0.051 0.035 0.004 0.023 0.04  0.013 0.002 0.125 0.011]
 [0.068 0.417 0.064 0.006 0.016 0.044 0.005 0.006 0.221 0.153]
 [0.317 0.004 0.032 0.087 0.043 0.296 0.187 0.002 0.025 0.007]
 [0.188 0.013 0.02  0.18  0.035 0.493 0.038 0.007 0.021 0.005]
 [0.187 0.001 0.012 0.15  0.202 0.105 0.303 0.022 0.015 0.003]
 [0.14  0.005 0.014 0.056 0.049 0.673 0.043 0.013 0.004 0.003]
 [0.055 0.004 0.041 0.538 0.008 0.142 0.194 0.003 0.014 0.001]
 [0.159 0.008 0.013 0.023 0.529 0.143 0.022 0.082 0.015 0.006]
 [0.48  0.081 0.049 0.006 0.003 0.011 0.    0.    0.357 0.013]
 [0.181 0.608 0.011 0.011 0.025 0.013 0.002 0.005 0.032 0.112]]
[2025-06-11 09:36:50,196 INFO] 11000 iteration, USE_EMA: True, {'train/sup_loss': tensor(0.0373, device='cuda:0'), 'train/unsup_loss': tensor(0.0069, device='cuda:0'), 'train/total_loss': tensor(0.7304, device='cuda:0'), 'lr': 0.021827279229437307, 'train/prefecth_time': 0.0897609634399414, 'train/run_time': 0.11970867156982422, 'eval/loss': tensor(3.0231, device='cuda:0'), 'eval/top-1-acc': 0.2945, 'eval/top-5-acc': 0.8248}, BEST_EVAL_ACC: 0.3063, at 9100 iters
[2025-06-11 09:37:16,488 INFO] confusion matrix:
[[0.698 0.053 0.036 0.003 0.025 0.039 0.013 0.002 0.118 0.013]
 [0.066 0.397 0.064 0.006 0.017 0.041 0.007 0.008 0.22  0.174]
 [0.325 0.004 0.034 0.087 0.044 0.281 0.189 0.004 0.026 0.006]
 [0.188 0.012 0.021 0.181 0.036 0.488 0.039 0.009 0.021 0.005]
 [0.189 0.002 0.012 0.143 0.203 0.103 0.307 0.023 0.015 0.003]
 [0.144 0.003 0.012 0.058 0.052 0.664 0.043 0.015 0.005 0.004]
 [0.054 0.004 0.041 0.536 0.008 0.138 0.203 0.003 0.013 0.   ]
 [0.156 0.007 0.013 0.023 0.532 0.14  0.022 0.087 0.014 0.006]
 [0.483 0.079 0.049 0.005 0.003 0.011 0.002 0.    0.353 0.015]
 [0.172 0.593 0.011 0.01  0.029 0.013 0.002 0.008 0.03  0.132]]
[2025-06-11 09:37:16,493 INFO] 11100 iteration, USE_EMA: True, {'train/sup_loss': tensor(0.8464, device='cuda:0'), 'train/unsup_loss': tensor(0.0094, device='cuda:0'), 'train/total_loss': tensor(1.7848, device='cuda:0'), 'lr': 0.021685328755392582, 'train/prefecth_time': 0.09245753479003906, 'train/run_time': 0.11964396667480469, 'eval/loss': tensor(3.0043, device='cuda:0'), 'eval/top-1-acc': 0.2952, 'eval/top-5-acc': 0.8259}, BEST_EVAL_ACC: 0.3063, at 9100 iters
[2025-06-11 09:37:42,662 INFO] confusion matrix:
[[0.695 0.056 0.037 0.003 0.028 0.039 0.013 0.002 0.114 0.013]
 [0.063 0.405 0.061 0.006 0.017 0.038 0.007 0.008 0.225 0.17 ]
 [0.341 0.004 0.037 0.09  0.042 0.27  0.182 0.004 0.024 0.006]
 [0.191 0.013 0.021 0.187 0.037 0.479 0.038 0.009 0.02  0.005]
 [0.199 0.002 0.012 0.145 0.199 0.101 0.301 0.022 0.016 0.003]
 [0.15  0.003 0.013 0.063 0.053 0.654 0.041 0.016 0.004 0.003]
 [0.055 0.004 0.04  0.538 0.008 0.141 0.197 0.003 0.013 0.001]
 [0.159 0.008 0.013 0.023 0.53  0.132 0.023 0.093 0.013 0.006]
 [0.476 0.08  0.049 0.006 0.003 0.011 0.002 0.    0.358 0.015]
 [0.166 0.603 0.01  0.011 0.026 0.011 0.002 0.006 0.035 0.13 ]]
[2025-06-11 09:37:42,667 INFO] 11200 iteration, USE_EMA: True, {'train/sup_loss': tensor(1.3060, device='cuda:0'), 'train/unsup_loss': tensor(0.0161, device='cuda:0'), 'train/total_loss': tensor(2.9186, device='cuda:0'), 'lr': 0.02154235413936386, 'train/prefecth_time': 0.0955736312866211, 'train/run_time': 0.12012339019775391, 'eval/loss': tensor(3.0297, device='cuda:0'), 'eval/top-1-acc': 0.2955, 'eval/top-5-acc': 0.8246}, BEST_EVAL_ACC: 0.3063, at 9100 iters
[2025-06-11 09:38:08,708 INFO] confusion matrix:
[[0.684 0.062 0.04  0.004 0.028 0.036 0.013 0.003 0.114 0.016]
 [0.06  0.402 0.056 0.01  0.015 0.037 0.006 0.009 0.225 0.18 ]
 [0.338 0.004 0.038 0.093 0.041 0.271 0.179 0.004 0.025 0.007]
 [0.186 0.012 0.019 0.201 0.037 0.47  0.039 0.011 0.02  0.005]
 [0.202 0.001 0.013 0.149 0.198 0.09  0.307 0.022 0.015 0.003]
 [0.156 0.003 0.01  0.068 0.05  0.646 0.042 0.016 0.005 0.004]
 [0.059 0.003 0.038 0.54  0.008 0.134 0.201 0.003 0.014 0.   ]
 [0.163 0.008 0.011 0.024 0.527 0.13  0.022 0.096 0.013 0.006]
 [0.466 0.087 0.046 0.007 0.003 0.01  0.002 0.    0.364 0.015]
 [0.156 0.605 0.011 0.017 0.024 0.008 0.003 0.007 0.034 0.135]]
[2025-06-11 09:38:08,713 INFO] 11300 iteration, USE_EMA: True, {'train/sup_loss': tensor(0.8348, device='cuda:0'), 'train/unsup_loss': tensor(0.0066, device='cuda:0'), 'train/total_loss': tensor(1.4905, device='cuda:0'), 'lr': 0.021398362133672428, 'train/prefecth_time': 0.0956292495727539, 'train/run_time': 0.12039778900146485, 'eval/loss': tensor(3.0040, device='cuda:0'), 'eval/top-1-acc': 0.2965, 'eval/top-5-acc': 0.8275}, BEST_EVAL_ACC: 0.3063, at 9100 iters
[2025-06-11 09:38:34,969 INFO] confusion matrix:
[[0.674 0.067 0.039 0.004 0.029 0.04  0.012 0.003 0.113 0.019]
 [0.053 0.411 0.053 0.011 0.015 0.036 0.005 0.008 0.209 0.199]
 [0.33  0.005 0.035 0.088 0.047 0.273 0.183 0.007 0.025 0.007]
 [0.18  0.012 0.017 0.204 0.038 0.472 0.039 0.011 0.023 0.004]
 [0.203 0.001 0.011 0.147 0.195 0.091 0.309 0.023 0.017 0.003]
 [0.146 0.003 0.01  0.069 0.052 0.652 0.041 0.018 0.004 0.005]
 [0.057 0.002 0.036 0.537 0.008 0.131 0.209 0.004 0.015 0.001]
 [0.155 0.008 0.011 0.024 0.527 0.133 0.022 0.101 0.012 0.007]
 [0.455 0.092 0.042 0.007 0.003 0.01  0.003 0.    0.372 0.016]
 [0.147 0.611 0.01  0.016 0.021 0.01  0.003 0.007 0.027 0.148]]
[2025-06-11 09:38:34,976 INFO] 11400 iteration, USE_EMA: True, {'train/sup_loss': tensor(1.0242, device='cuda:0'), 'train/unsup_loss': tensor(0.0137, device='cuda:0'), 'train/total_loss': tensor(2.3923, device='cuda:0'), 'lr': 0.021253359538688253, 'train/prefecth_time': 0.09790662384033202, 'train/run_time': 0.11943164825439453, 'eval/loss': tensor(2.9788, device='cuda:0'), 'eval/top-1-acc': 0.3001, 'eval/top-5-acc': 0.8294}, BEST_EVAL_ACC: 0.3063, at 9100 iters
[2025-06-11 09:39:01,075 INFO] confusion matrix:
[[0.663 0.071 0.044 0.004 0.03  0.041 0.011 0.004 0.113 0.019]
 [0.05  0.409 0.052 0.011 0.014 0.035 0.005 0.008 0.211 0.205]
 [0.333 0.004 0.037 0.082 0.05  0.278 0.179 0.006 0.024 0.007]
 [0.176 0.012 0.02  0.203 0.041 0.468 0.042 0.011 0.023 0.004]
 [0.199 0.001 0.013 0.136 0.199 0.091 0.316 0.025 0.017 0.003]
 [0.136 0.004 0.009 0.068 0.049 0.663 0.044 0.018 0.004 0.005]
 [0.054 0.002 0.037 0.525 0.009 0.131 0.22  0.004 0.017 0.001]
 [0.148 0.008 0.012 0.023 0.529 0.137 0.023 0.101 0.012 0.007]
 [0.445 0.09  0.044 0.007 0.003 0.01  0.003 0.    0.384 0.014]
 [0.141 0.622 0.009 0.015 0.024 0.011 0.003 0.007 0.03  0.138]]
[2025-06-11 09:39:01,083 INFO] 11500 iteration, USE_EMA: True, {'train/sup_loss': tensor(1.1276, device='cuda:0'), 'train/unsup_loss': tensor(0.0127, device='cuda:0'), 'train/total_loss': tensor(2.3963, device='cuda:0'), 'lr': 0.021107353202508818, 'train/prefecth_time': 0.10628304290771484, 'train/run_time': 0.11998178863525391, 'eval/loss': tensor(2.9634, device='cuda:0'), 'eval/top-1-acc': 0.3017, 'eval/top-5-acc': 0.8328}, BEST_EVAL_ACC: 0.3063, at 9100 iters
[2025-06-11 09:39:27,018 INFO] confusion matrix:
[[0.651 0.074 0.05  0.003 0.034 0.039 0.01  0.005 0.116 0.018]
 [0.049 0.413 0.058 0.008 0.014 0.035 0.005 0.008 0.211 0.199]
 [0.332 0.004 0.045 0.08  0.048 0.276 0.178 0.005 0.025 0.007]
 [0.171 0.012 0.021 0.206 0.045 0.464 0.043 0.011 0.023 0.004]
 [0.193 0.001 0.013 0.134 0.201 0.093 0.322 0.024 0.016 0.003]
 [0.132 0.004 0.01  0.07  0.049 0.665 0.043 0.018 0.004 0.005]
 [0.055 0.002 0.042 0.505 0.009 0.129 0.235 0.004 0.018 0.001]
 [0.14  0.01  0.012 0.024 0.534 0.138 0.022 0.104 0.012 0.004]
 [0.438 0.09  0.048 0.008 0.004 0.009 0.004 0.    0.389 0.01 ]
 [0.138 0.643 0.01  0.015 0.025 0.011 0.002 0.007 0.029 0.12 ]]
[2025-06-11 09:39:27,025 INFO] 11600 iteration, USE_EMA: True, {'train/sup_loss': tensor(0.0695, device='cuda:0'), 'train/unsup_loss': tensor(0.0051, device='cuda:0'), 'train/total_loss': tensor(0.5755, device='cuda:0'), 'lr': 0.020960350020635704, 'train/prefecth_time': 0.08994406127929687, 'train/run_time': 0.12172492980957031, 'eval/loss': tensor(2.9506, device='cuda:0'), 'eval/top-1-acc': 0.3029, 'eval/top-5-acc': 0.8332}, BEST_EVAL_ACC: 0.3063, at 9100 iters
[2025-06-11 09:39:52,999 INFO] confusion matrix:
[[0.656 0.068 0.052 0.003 0.034 0.038 0.009 0.005 0.116 0.019]
 [0.054 0.395 0.054 0.009 0.013 0.034 0.004 0.015 0.215 0.207]
 [0.332 0.003 0.051 0.084 0.046 0.265 0.178 0.005 0.029 0.007]
 [0.172 0.01  0.022 0.213 0.045 0.455 0.043 0.012 0.024 0.004]
 [0.193 0.001 0.014 0.136 0.2   0.089 0.322 0.024 0.018 0.003]
 [0.13  0.003 0.011 0.076 0.048 0.66  0.044 0.019 0.004 0.005]
 [0.055 0.002 0.044 0.513 0.008 0.128 0.227 0.004 0.019 0.   ]
 [0.138 0.007 0.012 0.026 0.537 0.134 0.024 0.106 0.01  0.006]
 [0.446 0.082 0.047 0.007 0.003 0.009 0.005 0.    0.39  0.011]
 [0.139 0.624 0.01  0.015 0.024 0.01  0.002 0.008 0.032 0.136]]
[2025-06-11 09:39:53,006 INFO] 11700 iteration, USE_EMA: True, {'train/sup_loss': tensor(0.9893, device='cuda:0'), 'train/unsup_loss': tensor(0.0136, device='cuda:0'), 'train/total_loss': tensor(2.3537, device='cuda:0'), 'lr': 0.02081235693564895, 'train/prefecth_time': 0.11078601837158203, 'train/run_time': 0.12098582458496093, 'eval/loss': tensor(2.9645, device='cuda:0'), 'eval/top-1-acc': 0.3034, 'eval/top-5-acc': 0.8325}, BEST_EVAL_ACC: 0.3063, at 9100 iters
[2025-06-11 09:40:18,934 INFO] confusion matrix:
[[0.653 0.068 0.057 0.004 0.035 0.039 0.009 0.006 0.111 0.018]
 [0.057 0.385 0.06  0.008 0.014 0.033 0.004 0.017 0.215 0.207]
 [0.338 0.002 0.057 0.085 0.047 0.256 0.177 0.003 0.03  0.005]
 [0.167 0.009 0.025 0.213 0.045 0.455 0.044 0.012 0.026 0.004]
 [0.191 0.001 0.015 0.135 0.202 0.087 0.326 0.023 0.017 0.003]
 [0.123 0.003 0.012 0.078 0.045 0.66  0.05  0.02  0.004 0.005]
 [0.056 0.002 0.048 0.51  0.008 0.123 0.227 0.004 0.021 0.001]
 [0.132 0.008 0.014 0.026 0.543 0.135 0.024 0.104 0.01  0.004]
 [0.451 0.082 0.047 0.007 0.003 0.008 0.005 0.    0.386 0.011]
 [0.14  0.615 0.013 0.016 0.023 0.01  0.004 0.008 0.031 0.14 ]]
[2025-06-11 09:40:18,941 INFO] 11800 iteration, USE_EMA: True, {'train/sup_loss': tensor(0.1858, device='cuda:0'), 'train/unsup_loss': tensor(0.0048, device='cuda:0'), 'train/total_loss': tensor(0.6657, device='cuda:0'), 'lr': 0.020663380936879146, 'train/prefecth_time': 0.10131340789794922, 'train/run_time': 0.12279177856445313, 'eval/loss': tensor(2.9457, device='cuda:0'), 'eval/top-1-acc': 0.3027, 'eval/top-5-acc': 0.8332}, BEST_EVAL_ACC: 0.3063, at 9100 iters
[2025-06-11 09:40:44,900 INFO] confusion matrix:
[[0.648 0.068 0.059 0.003 0.035 0.039 0.008 0.006 0.116 0.018]
 [0.056 0.4   0.05  0.008 0.014 0.032 0.004 0.022 0.206 0.208]
 [0.318 0.002 0.061 0.084 0.044 0.265 0.186 0.003 0.032 0.005]
 [0.151 0.01  0.023 0.213 0.044 0.466 0.044 0.012 0.032 0.005]
 [0.188 0.001 0.015 0.132 0.208 0.087 0.325 0.021 0.02  0.003]
 [0.114 0.003 0.012 0.076 0.044 0.669 0.053 0.02  0.005 0.004]
 [0.048 0.003 0.05  0.507 0.008 0.124 0.23  0.004 0.025 0.001]
 [0.132 0.008 0.017 0.026 0.546 0.133 0.021 0.102 0.011 0.004]
 [0.451 0.082 0.042 0.006 0.003 0.007 0.005 0.    0.392 0.012]
 [0.133 0.628 0.011 0.014 0.02  0.011 0.003 0.007 0.031 0.142]]
[2025-06-11 09:40:44,907 INFO] 11900 iteration, USE_EMA: True, {'train/sup_loss': tensor(0.4856, device='cuda:0'), 'train/unsup_loss': tensor(0.0062, device='cuda:0'), 'train/total_loss': tensor(1.1029, device='cuda:0'), 'lr': 0.020513429060077353, 'train/prefecth_time': 0.0893050537109375, 'train/run_time': 0.11944854736328125, 'eval/loss': tensor(2.9236, device='cuda:0'), 'eval/top-1-acc': 0.3065, 'eval/top-5-acc': 0.8322}, BEST_EVAL_ACC: 0.3065, at 11900 iters
[2025-06-11 09:41:10,941 INFO] confusion matrix:
[[0.651 0.067 0.064 0.003 0.031 0.036 0.007 0.005 0.12  0.016]
 [0.058 0.404 0.047 0.009 0.013 0.03  0.003 0.027 0.21  0.199]
 [0.309 0.002 0.067 0.079 0.042 0.276 0.183 0.003 0.034 0.005]
 [0.149 0.009 0.021 0.216 0.041 0.464 0.044 0.013 0.037 0.006]
 [0.185 0.001 0.016 0.131 0.203 0.086 0.332 0.023 0.02  0.003]
 [0.109 0.004 0.017 0.079 0.041 0.666 0.054 0.02  0.006 0.004]
 [0.047 0.003 0.049 0.496 0.006 0.123 0.243 0.004 0.028 0.001]
 [0.132 0.009 0.02  0.026 0.541 0.13  0.021 0.105 0.012 0.004]
 [0.456 0.082 0.036 0.007 0.003 0.007 0.004 0.    0.393 0.012]
 [0.133 0.637 0.01  0.014 0.019 0.012 0.002 0.007 0.034 0.132]]
[2025-06-11 09:41:10,946 INFO] 12000 iteration, USE_EMA: True, {'train/sup_loss': tensor(0.0589, device='cuda:0'), 'train/unsup_loss': tensor(0.0050, device='cuda:0'), 'train/total_loss': tensor(0.5620, device='cuda:0'), 'lr': 0.02036250838708284, 'train/prefecth_time': 0.0977179183959961, 'train/run_time': 0.12305462646484375, 'eval/loss': tensor(2.9171, device='cuda:0'), 'eval/top-1-acc': 0.308, 'eval/top-5-acc': 0.8315}, BEST_EVAL_ACC: 0.308, at 12000 iters
[2025-06-11 09:41:37,462 INFO] confusion matrix:
[[0.649 0.064 0.07  0.003 0.03  0.036 0.007 0.006 0.119 0.016]
 [0.06  0.396 0.044 0.008 0.014 0.031 0.003 0.029 0.217 0.198]
 [0.299 0.002 0.071 0.078 0.041 0.277 0.185 0.004 0.038 0.005]
 [0.147 0.008 0.02  0.203 0.039 0.478 0.048 0.012 0.04  0.005]
 [0.176 0.001 0.014 0.129 0.208 0.093 0.335 0.021 0.02  0.003]
 [0.105 0.004 0.016 0.074 0.041 0.676 0.053 0.019 0.008 0.004]
 [0.045 0.003 0.046 0.486 0.005 0.125 0.252 0.004 0.032 0.002]
 [0.127 0.01  0.022 0.026 0.538 0.136 0.021 0.103 0.013 0.004]
 [0.465 0.082 0.032 0.007 0.003 0.008 0.003 0.    0.388 0.012]
 [0.138 0.635 0.01  0.013 0.019 0.013 0.002 0.007 0.035 0.128]]
[2025-06-11 09:41:37,467 INFO] 12100 iteration, USE_EMA: True, {'train/sup_loss': tensor(0.1520, device='cuda:0'), 'train/unsup_loss': tensor(0.0036, device='cuda:0'), 'train/total_loss': tensor(0.5169, device='cuda:0'), 'lr': 0.020210626045488605, 'train/prefecth_time': 0.12692652893066406, 'train/run_time': 0.12050227355957031, 'eval/loss': tensor(2.9289, device='cuda:0'), 'eval/top-1-acc': 0.3074, 'eval/top-5-acc': 0.8316}, BEST_EVAL_ACC: 0.308, at 12000 iters
[2025-06-11 09:42:03,741 INFO] confusion matrix:
[[0.649 0.064 0.074 0.002 0.03  0.035 0.007 0.006 0.117 0.016]
 [0.064 0.422 0.043 0.007 0.013 0.032 0.003 0.033 0.213 0.17 ]
 [0.303 0.003 0.074 0.077 0.044 0.27  0.176 0.005 0.043 0.005]
 [0.149 0.008 0.019 0.2   0.04  0.48  0.046 0.012 0.041 0.005]
 [0.176 0.001 0.015 0.132 0.213 0.091 0.328 0.021 0.02  0.003]
 [0.105 0.002 0.015 0.071 0.04  0.684 0.051 0.019 0.008 0.005]
 [0.044 0.003 0.048 0.494 0.005 0.127 0.24  0.004 0.034 0.001]
 [0.129 0.007 0.021 0.026 0.538 0.138 0.022 0.103 0.012 0.004]
 [0.481 0.082 0.03  0.008 0.002 0.007 0.003 0.    0.377 0.01 ]
 [0.142 0.639 0.01  0.012 0.02  0.015 0.003 0.007 0.036 0.116]]
[2025-06-11 09:42:03,747 INFO] 12200 iteration, USE_EMA: True, {'train/sup_loss': tensor(1.0863, device='cuda:0'), 'train/unsup_loss': tensor(0.0125, device='cuda:0'), 'train/total_loss': tensor(2.3330, device='cuda:0'), 'lr': 0.02005778920830477, 'train/prefecth_time': 0.09497798156738281, 'train/run_time': 0.12106336212158203, 'eval/loss': tensor(2.9671, device='cuda:0'), 'eval/top-1-acc': 0.3078, 'eval/top-5-acc': 0.8291}, BEST_EVAL_ACC: 0.308, at 12000 iters
[2025-06-11 09:42:30,057 INFO] confusion matrix:
[[0.645 0.061 0.083 0.002 0.029 0.035 0.007 0.005 0.117 0.016]
 [0.064 0.415 0.048 0.007 0.012 0.032 0.004 0.034 0.218 0.166]
 [0.309 0.002 0.081 0.081 0.042 0.264 0.169 0.005 0.042 0.005]
 [0.148 0.011 0.022 0.198 0.038 0.482 0.04  0.011 0.045 0.005]
 [0.176 0.001 0.017 0.136 0.213 0.09  0.321 0.023 0.02  0.003]
 [0.107 0.002 0.017 0.072 0.04  0.679 0.05  0.019 0.009 0.005]
 [0.045 0.003 0.047 0.507 0.005 0.128 0.222 0.004 0.037 0.002]
 [0.129 0.008 0.022 0.026 0.537 0.139 0.021 0.102 0.012 0.004]
 [0.495 0.083 0.029 0.008 0.002 0.008 0.003 0.    0.361 0.011]
 [0.147 0.624 0.012 0.012 0.021 0.015 0.003 0.007 0.037 0.122]]
[2025-06-11 09:42:30,062 INFO] 12300 iteration, USE_EMA: True, {'train/sup_loss': tensor(0.1068, device='cuda:0'), 'train/unsup_loss': tensor(0.0064, device='cuda:0'), 'train/total_loss': tensor(0.7478, device='cuda:0'), 'lr': 0.01990400509361982, 'train/prefecth_time': 0.10316998291015625, 'train/run_time': 0.1197109146118164, 'eval/loss': tensor(2.9937, device='cuda:0'), 'eval/top-1-acc': 0.3038, 'eval/top-5-acc': 0.8276}, BEST_EVAL_ACC: 0.308, at 12000 iters
[2025-06-11 09:42:56,318 INFO] confusion matrix:
[[0.636 0.067 0.082 0.003 0.029 0.04  0.006 0.004 0.118 0.015]
 [0.057 0.431 0.047 0.008 0.012 0.032 0.004 0.032 0.214 0.163]
 [0.31  0.003 0.082 0.077 0.041 0.266 0.17  0.005 0.041 0.005]
 [0.147 0.012 0.021 0.196 0.038 0.485 0.04  0.011 0.044 0.006]
 [0.177 0.001 0.017 0.133 0.21  0.094 0.322 0.023 0.019 0.004]
 [0.107 0.004 0.016 0.07  0.04  0.683 0.05  0.018 0.007 0.005]
 [0.046 0.004 0.041 0.501 0.006 0.134 0.225 0.004 0.037 0.002]
 [0.126 0.008 0.023 0.027 0.538 0.143 0.02  0.1   0.011 0.004]
 [0.485 0.092 0.024 0.009 0.002 0.007 0.004 0.    0.367 0.01 ]
 [0.131 0.642 0.012 0.013 0.021 0.016 0.003 0.007 0.037 0.118]]
[2025-06-11 09:42:56,323 INFO] 12400 iteration, USE_EMA: True, {'train/sup_loss': tensor(1.2736, device='cuda:0'), 'train/unsup_loss': tensor(0.0178, device='cuda:0'), 'train/total_loss': tensor(3.0571, device='cuda:0'), 'lr': 0.01974928096425969, 'train/prefecth_time': 0.09213398742675781, 'train/run_time': 0.12080387115478515, 'eval/loss': tensor(2.9883, device='cuda:0'), 'eval/top-1-acc': 0.3048, 'eval/top-5-acc': 0.8275}, BEST_EVAL_ACC: 0.308, at 12000 iters
[2025-06-11 09:43:22,476 INFO] confusion matrix:
[[0.629 0.068 0.091 0.002 0.031 0.036 0.007 0.005 0.114 0.017]
 [0.058 0.419 0.047 0.009 0.011 0.032 0.003 0.035 0.212 0.174]
 [0.308 0.002 0.085 0.072 0.045 0.271 0.166 0.005 0.04  0.006]
 [0.139 0.012 0.024 0.188 0.038 0.496 0.043 0.011 0.043 0.006]
 [0.181 0.001 0.019 0.116 0.217 0.095 0.324 0.025 0.017 0.005]
 [0.098 0.003 0.019 0.069 0.041 0.689 0.049 0.019 0.008 0.005]
 [0.046 0.004 0.04  0.467 0.005 0.134 0.261 0.005 0.036 0.002]
 [0.12  0.006 0.027 0.027 0.537 0.142 0.02  0.104 0.011 0.006]
 [0.492 0.09  0.025 0.01  0.002 0.008 0.004 0.    0.356 0.013]
 [0.125 0.64  0.012 0.012 0.022 0.017 0.003 0.006 0.033 0.13 ]]
[2025-06-11 09:43:22,481 INFO] 12500 iteration, USE_EMA: True, {'train/sup_loss': tensor(0.2317, device='cuda:0'), 'train/unsup_loss': tensor(0.0050, device='cuda:0'), 'train/total_loss': tensor(0.7356, device='cuda:0'), 'lr': 0.019593624127444798, 'train/prefecth_time': 0.08993014526367188, 'train/run_time': 0.12013568115234376, 'eval/loss': tensor(2.9492, device='cuda:0'), 'eval/top-1-acc': 0.3078, 'eval/top-5-acc': 0.834}, BEST_EVAL_ACC: 0.308, at 12000 iters
[2025-06-11 09:43:48,316 INFO] confusion matrix:
[[0.621 0.07  0.094 0.001 0.03  0.042 0.005 0.003 0.118 0.016]
 [0.053 0.423 0.044 0.008 0.01  0.035 0.004 0.036 0.223 0.164]
 [0.301 0.003 0.093 0.06  0.045 0.279 0.167 0.003 0.043 0.006]
 [0.131 0.014 0.028 0.17  0.037 0.514 0.045 0.01  0.046 0.005]
 [0.181 0.001 0.018 0.098 0.216 0.105 0.334 0.025 0.018 0.004]
 [0.091 0.003 0.018 0.065 0.041 0.7   0.048 0.02  0.009 0.005]
 [0.045 0.004 0.04  0.426 0.005 0.144 0.291 0.003 0.04  0.002]
 [0.111 0.006 0.025 0.024 0.54  0.156 0.02  0.104 0.01  0.004]
 [0.488 0.092 0.023 0.007 0.002 0.008 0.004 0.    0.365 0.011]
 [0.119 0.652 0.013 0.011 0.021 0.019 0.003 0.006 0.037 0.119]]
[2025-06-11 09:43:48,321 INFO] 12600 iteration, USE_EMA: True, {'train/sup_loss': tensor(0.3114, device='cuda:0'), 'train/unsup_loss': tensor(0.0037, device='cuda:0'), 'train/total_loss': tensor(0.6815, device='cuda:0'), 'lr': 0.019437041934444902, 'train/prefecth_time': 0.09082717132568359, 'train/run_time': 0.11991187286376953, 'eval/loss': tensor(2.9389, device='cuda:0'), 'eval/top-1-acc': 0.3102, 'eval/top-5-acc': 0.8345}, BEST_EVAL_ACC: 0.3102, at 12600 iters
[2025-06-11 09:44:14,156 INFO] confusion matrix:
[[0.614 0.069 0.104 0.001 0.03  0.037 0.007 0.004 0.117 0.017]
 [0.055 0.424 0.049 0.007 0.01  0.032 0.004 0.037 0.221 0.161]
 [0.314 0.004 0.095 0.053 0.045 0.264 0.171 0.005 0.043 0.006]
 [0.133 0.016 0.033 0.157 0.037 0.503 0.059 0.01  0.045 0.007]
 [0.186 0.002 0.022 0.077 0.218 0.098 0.356 0.021 0.016 0.004]
 [0.093 0.003 0.022 0.056 0.041 0.694 0.055 0.022 0.009 0.005]
 [0.046 0.004 0.046 0.376 0.005 0.139 0.336 0.004 0.043 0.001]
 [0.113 0.005 0.03  0.022 0.54  0.142 0.024 0.11  0.009 0.005]
 [0.49  0.093 0.022 0.005 0.002 0.008 0.004 0.    0.362 0.014]
 [0.117 0.66  0.014 0.009 0.02  0.019 0.003 0.008 0.031 0.119]]
[2025-06-11 09:44:14,161 INFO] 12700 iteration, USE_EMA: True, {'train/sup_loss': tensor(0.4974, device='cuda:0'), 'train/unsup_loss': tensor(0.0049, device='cuda:0'), 'train/total_loss': tensor(0.9884, device='cuda:0'), 'lr': 0.019279541780231963, 'train/prefecth_time': 0.09134483337402344, 'train/run_time': 0.12005801391601563, 'eval/loss': tensor(2.9116, device='cuda:0'), 'eval/top-1-acc': 0.3129, 'eval/top-5-acc': 0.8363}, BEST_EVAL_ACC: 0.3129, at 12700 iters
[2025-06-11 09:44:40,174 INFO] confusion matrix:
[[0.603 0.074 0.112 0.002 0.03  0.031 0.007 0.005 0.12  0.016]
 [0.051 0.444 0.054 0.006 0.01  0.025 0.003 0.032 0.216 0.159]
 [0.321 0.004 0.112 0.053 0.046 0.234 0.169 0.006 0.049 0.006]
 [0.14  0.016 0.037 0.159 0.037 0.492 0.058 0.01  0.045 0.006]
 [0.186 0.002 0.021 0.077 0.227 0.088 0.352 0.025 0.017 0.005]
 [0.097 0.003 0.028 0.057 0.043 0.679 0.052 0.027 0.008 0.006]
 [0.049 0.004 0.052 0.366 0.006 0.132 0.342 0.006 0.042 0.001]
 [0.111 0.005 0.034 0.02  0.545 0.133 0.023 0.113 0.01  0.006]
 [0.471 0.096 0.025 0.006 0.002 0.005 0.005 0.    0.375 0.015]
 [0.111 0.672 0.015 0.009 0.02  0.02  0.003 0.007 0.029 0.114]]
[2025-06-11 09:44:40,179 INFO] 12800 iteration, USE_EMA: True, {'train/sup_loss': tensor(0.9681, device='cuda:0'), 'train/unsup_loss': tensor(0.0143, device='cuda:0'), 'train/total_loss': tensor(2.3974, device='cuda:0'), 'lr': 0.019121131103130844, 'train/prefecth_time': 0.09285420989990234, 'train/run_time': 0.12140041351318359, 'eval/loss': tensor(2.8779, device='cuda:0'), 'eval/top-1-acc': 0.3168, 'eval/top-5-acc': 0.8373}, BEST_EVAL_ACC: 0.3168, at 12800 iters
[2025-06-11 09:45:05,997 INFO] confusion matrix:
[[0.602 0.071 0.117 0.002 0.028 0.031 0.007 0.004 0.122 0.016]
 [0.05  0.448 0.052 0.005 0.008 0.024 0.003 0.029 0.224 0.157]
 [0.325 0.004 0.119 0.048 0.047 0.224 0.171 0.007 0.049 0.006]
 [0.146 0.018 0.039 0.153 0.037 0.484 0.061 0.01  0.046 0.006]
 [0.192 0.003 0.021 0.068 0.228 0.085 0.356 0.025 0.018 0.004]
 [0.103 0.003 0.031 0.051 0.046 0.669 0.055 0.028 0.009 0.005]
 [0.054 0.004 0.049 0.349 0.006 0.128 0.363 0.006 0.04  0.001]
 [0.112 0.005 0.036 0.017 0.545 0.13  0.024 0.116 0.009 0.006]
 [0.47  0.093 0.025 0.005 0.002 0.005 0.005 0.    0.38  0.015]
 [0.108 0.675 0.015 0.009 0.019 0.02  0.003 0.008 0.031 0.112]]
[2025-06-11 09:45:06,002 INFO] 12900 iteration, USE_EMA: True, {'train/sup_loss': tensor(0.2402, device='cuda:0'), 'train/unsup_loss': tensor(0.0062, device='cuda:0'), 'train/total_loss': tensor(0.8607, device='cuda:0'), 'lr': 0.018961817384468074, 'train/prefecth_time': 0.10070419311523438, 'train/run_time': 0.1227674560546875, 'eval/loss': tensor(2.8777, device='cuda:0'), 'eval/top-1-acc': 0.319, 'eval/top-5-acc': 0.838}, BEST_EVAL_ACC: 0.319, at 12900 iters
[2025-06-11 09:45:31,987 INFO] confusion matrix:
[[0.598 0.076 0.122 0.003 0.027 0.029 0.006 0.004 0.119 0.016]
 [0.051 0.454 0.048 0.005 0.004 0.025 0.003 0.031 0.229 0.15 ]
 [0.317 0.005 0.128 0.044 0.047 0.226 0.174 0.008 0.045 0.006]
 [0.148 0.017 0.042 0.147 0.033 0.484 0.064 0.011 0.047 0.007]
 [0.191 0.004 0.023 0.062 0.226 0.087 0.355 0.029 0.019 0.004]
 [0.098 0.002 0.033 0.052 0.039 0.68  0.055 0.029 0.008 0.004]
 [0.055 0.003 0.05  0.323 0.006 0.126 0.39  0.006 0.041 0.   ]
 [0.106 0.004 0.039 0.018 0.538 0.131 0.023 0.125 0.01  0.006]
 [0.483 0.094 0.025 0.004 0.002 0.005 0.004 0.    0.37  0.013]
 [0.105 0.685 0.015 0.008 0.015 0.02  0.003 0.006 0.034 0.109]]
[2025-06-11 09:45:31,993 INFO] 13000 iteration, USE_EMA: True, {'train/sup_loss': tensor(0.1223, device='cuda:0'), 'train/unsup_loss': tensor(0.0045, device='cuda:0'), 'train/total_loss': tensor(0.5702, device='cuda:0'), 'lr': 0.018801608148218487, 'train/prefecth_time': 0.09807647705078125, 'train/run_time': 0.11976537322998047, 'eval/loss': tensor(2.8555, device='cuda:0'), 'eval/top-1-acc': 0.3227, 'eval/top-5-acc': 0.8393}, BEST_EVAL_ACC: 0.3227, at 13000 iters
[2025-06-11 09:45:57,774 INFO] confusion matrix:
[[0.587 0.078 0.133 0.004 0.028 0.027 0.006 0.005 0.115 0.017]
 [0.047 0.455 0.049 0.005 0.005 0.028 0.003 0.027 0.223 0.158]
 [0.313 0.004 0.144 0.05  0.048 0.217 0.165 0.009 0.044 0.006]
 [0.142 0.018 0.048 0.165 0.033 0.475 0.056 0.011 0.045 0.007]
 [0.183 0.003 0.025 0.081 0.229 0.08  0.347 0.03  0.018 0.004]
 [0.101 0.002 0.033 0.062 0.041 0.665 0.053 0.03  0.008 0.005]
 [0.054 0.003 0.052 0.352 0.006 0.126 0.361 0.006 0.04  0.   ]
 [0.098 0.006 0.041 0.021 0.537 0.129 0.021 0.132 0.009 0.006]
 [0.472 0.095 0.028 0.006 0.002 0.006 0.004 0.    0.373 0.014]
 [0.106 0.681 0.015 0.01  0.016 0.019 0.001 0.005 0.031 0.116]]
[2025-06-11 09:45:57,784 INFO] 13100 iteration, USE_EMA: True, {'train/sup_loss': tensor(0.7710, device='cuda:0'), 'train/unsup_loss': tensor(0.0078, device='cuda:0'), 'train/total_loss': tensor(1.5551, device='cuda:0'), 'lr': 0.01864051096064991, 'train/prefecth_time': 0.09136649322509766, 'train/run_time': 0.11946444702148437, 'eval/loss': tensor(2.8353, device='cuda:0'), 'eval/top-1-acc': 0.3227, 'eval/top-5-acc': 0.8412}, BEST_EVAL_ACC: 0.3227, at 13000 iters
[2025-06-11 09:46:24,344 INFO] confusion matrix:
[[0.573 0.072 0.151 0.004 0.03  0.028 0.007 0.003 0.115 0.017]
 [0.046 0.456 0.051 0.006 0.006 0.031 0.003 0.022 0.218 0.161]
 [0.277 0.005 0.168 0.054 0.05  0.229 0.159 0.01  0.042 0.006]
 [0.131 0.017 0.051 0.182 0.033 0.479 0.047 0.012 0.042 0.006]
 [0.173 0.003 0.025 0.092 0.225 0.086 0.343 0.032 0.017 0.004]
 [0.096 0.002 0.032 0.069 0.036 0.678 0.048 0.03  0.006 0.003]
 [0.049 0.002 0.057 0.381 0.006 0.136 0.326 0.006 0.037 0.   ]
 [0.09  0.007 0.044 0.022 0.54  0.132 0.017 0.134 0.008 0.006]
 [0.465 0.092 0.033 0.008 0.002 0.006 0.003 0.    0.376 0.015]
 [0.104 0.68  0.017 0.012 0.016 0.018 0.001 0.005 0.031 0.116]]
[2025-06-11 09:46:24,349 INFO] 13200 iteration, USE_EMA: True, {'train/sup_loss': tensor(1.3023, device='cuda:0'), 'train/unsup_loss': tensor(0.0164, device='cuda:0'), 'train/total_loss': tensor(2.9459, device='cuda:0'), 'lr': 0.01847853342996579, 'train/prefecth_time': 0.10456563568115235, 'train/run_time': 0.12069136047363281, 'eval/loss': tensor(2.8285, device='cuda:0'), 'eval/top-1-acc': 0.3234, 'eval/top-5-acc': 0.8423}, BEST_EVAL_ACC: 0.3234, at 13200 iters
[2025-06-11 09:46:51,108 INFO] confusion matrix:
[[0.553 0.071 0.176 0.004 0.031 0.024 0.008 0.005 0.11  0.018]
 [0.047 0.463 0.048 0.005 0.007 0.032 0.003 0.024 0.208 0.163]
 [0.251 0.005 0.183 0.065 0.052 0.23  0.16  0.009 0.039 0.006]
 [0.124 0.014 0.058 0.189 0.034 0.48  0.043 0.014 0.038 0.006]
 [0.16  0.003 0.027 0.109 0.226 0.082 0.342 0.031 0.016 0.004]
 [0.088 0.002 0.036 0.073 0.04  0.673 0.045 0.031 0.007 0.005]
 [0.047 0.002 0.052 0.42  0.006 0.13  0.3   0.007 0.035 0.001]
 [0.084 0.007 0.044 0.024 0.544 0.133 0.016 0.134 0.008 0.006]
 [0.459 0.088 0.034 0.008 0.002 0.006 0.004 0.    0.382 0.017]
 [0.102 0.682 0.016 0.012 0.016 0.016 0.002 0.005 0.03  0.119]]
[2025-06-11 09:46:51,113 INFO] 13300 iteration, USE_EMA: True, {'train/sup_loss': tensor(1.0286, device='cuda:0'), 'train/unsup_loss': tensor(0.0120, device='cuda:0'), 'train/total_loss': tensor(2.2318, device='cuda:0'), 'lr': 0.018315683205945926, 'train/prefecth_time': 0.10441603088378906, 'train/run_time': 0.11968102264404297, 'eval/loss': tensor(2.8240, device='cuda:0'), 'eval/top-1-acc': 0.3222, 'eval/top-5-acc': 0.8418}, BEST_EVAL_ACC: 0.3234, at 13200 iters
[2025-06-11 09:47:17,246 INFO] confusion matrix:
[[0.528 0.072 0.186 0.004 0.033 0.027 0.008 0.005 0.118 0.019]
 [0.041 0.47  0.044 0.004 0.008 0.032 0.003 0.019 0.2   0.179]
 [0.217 0.004 0.201 0.067 0.052 0.237 0.166 0.01  0.04  0.006]
 [0.104 0.017 0.066 0.193 0.035 0.482 0.044 0.015 0.038 0.006]
 [0.142 0.003 0.031 0.118 0.235 0.085 0.334 0.033 0.015 0.004]
 [0.082 0.003 0.035 0.076 0.041 0.671 0.044 0.035 0.008 0.005]
 [0.034 0.003 0.048 0.452 0.008 0.134 0.28  0.007 0.033 0.001]
 [0.077 0.005 0.041 0.025 0.552 0.135 0.017 0.132 0.01  0.006]
 [0.446 0.091 0.031 0.007 0.002 0.007 0.004 0.    0.394 0.018]
 [0.094 0.685 0.016 0.011 0.017 0.014 0.003 0.005 0.023 0.132]]
[2025-06-11 09:47:17,250 INFO] 13400 iteration, USE_EMA: True, {'train/sup_loss': tensor(1.2353, device='cuda:0'), 'train/unsup_loss': tensor(0.0151, device='cuda:0'), 'train/total_loss': tensor(2.7441, device='cuda:0'), 'lr': 0.018151967979585158, 'train/prefecth_time': 0.09757488250732421, 'train/run_time': 0.12087091064453125, 'eval/loss': tensor(2.7870, device='cuda:0'), 'eval/top-1-acc': 0.3236, 'eval/top-5-acc': 0.8444}, BEST_EVAL_ACC: 0.3236, at 13400 iters
[2025-06-11 09:47:43,009 INFO] confusion matrix:
[[0.494 0.083 0.206 0.004 0.034 0.027 0.009 0.006 0.114 0.023]
 [0.028 0.49  0.042 0.004 0.008 0.031 0.003 0.02  0.185 0.189]
 [0.187 0.005 0.228 0.072 0.052 0.232 0.166 0.013 0.038 0.007]
 [0.099 0.019 0.074 0.201 0.037 0.463 0.045 0.018 0.037 0.007]
 [0.133 0.003 0.032 0.118 0.239 0.085 0.339 0.033 0.014 0.004]
 [0.079 0.004 0.039 0.082 0.042 0.664 0.043 0.036 0.006 0.005]
 [0.03  0.003 0.05  0.478 0.009 0.124 0.264 0.011 0.029 0.002]
 [0.069 0.006 0.046 0.026 0.557 0.129 0.017 0.135 0.009 0.006]
 [0.416 0.102 0.03  0.008 0.002 0.006 0.004 0.001 0.405 0.026]
 [0.086 0.692 0.015 0.012 0.017 0.014 0.003 0.005 0.023 0.133]]
[2025-06-11 09:47:43,015 INFO] 13500 iteration, USE_EMA: True, {'train/sup_loss': tensor(0.1012, device='cuda:0'), 'train/unsup_loss': tensor(0.0044, device='cuda:0'), 'train/total_loss': tensor(0.5371, device='cuda:0'), 'lr': 0.01798739548273014, 'train/prefecth_time': 0.09278844451904297, 'train/run_time': 0.12003062438964844, 'eval/loss': tensor(2.7598, device='cuda:0'), 'eval/top-1-acc': 0.3253, 'eval/top-5-acc': 0.8462}, BEST_EVAL_ACC: 0.3253, at 13500 iters
[2025-06-11 09:48:08,667 INFO] confusion matrix:
[[0.477 0.077 0.223 0.005 0.034 0.026 0.007 0.006 0.119 0.026]
 [0.023 0.473 0.042 0.004 0.009 0.031 0.003 0.019 0.187 0.209]
 [0.164 0.002 0.26  0.083 0.048 0.224 0.159 0.016 0.037 0.007]
 [0.089 0.02  0.083 0.22  0.037 0.449 0.045 0.018 0.033 0.006]
 [0.123 0.004 0.035 0.128 0.239 0.083 0.334 0.035 0.014 0.005]
 [0.074 0.004 0.047 0.088 0.043 0.653 0.041 0.038 0.005 0.007]
 [0.029 0.002 0.05  0.504 0.009 0.116 0.247 0.012 0.029 0.002]
 [0.064 0.005 0.053 0.026 0.561 0.126 0.017 0.133 0.009 0.006]
 [0.393 0.095 0.04  0.008 0.002 0.005 0.004 0.002 0.423 0.028]
 [0.086 0.676 0.015 0.013 0.017 0.014 0.002 0.006 0.024 0.147]]
[2025-06-11 09:48:08,672 INFO] 13600 iteration, USE_EMA: True, {'train/sup_loss': tensor(0.0912, device='cuda:0'), 'train/unsup_loss': tensor(0.0059, device='cuda:0'), 'train/total_loss': tensor(0.6764, device='cuda:0'), 'lr': 0.017821973487714207, 'train/prefecth_time': 0.14209429931640624, 'train/run_time': 0.1252343063354492, 'eval/loss': tensor(2.7172, device='cuda:0'), 'eval/top-1-acc': 0.3272, 'eval/top-5-acc': 0.8472}, BEST_EVAL_ACC: 0.3272, at 13600 iters
[2025-06-11 09:48:34,419 INFO] confusion matrix:
[[0.476 0.075 0.225 0.006 0.032 0.027 0.007 0.006 0.12  0.026]
 [0.022 0.461 0.038 0.004 0.006 0.033 0.003 0.018 0.186 0.229]
 [0.146 0.003 0.278 0.087 0.044 0.225 0.157 0.016 0.036 0.008]
 [0.083 0.02  0.091 0.224 0.037 0.443 0.043 0.02  0.033 0.006]
 [0.11  0.002 0.041 0.14  0.234 0.082 0.338 0.036 0.013 0.004]
 [0.065 0.004 0.055 0.09  0.041 0.643 0.047 0.044 0.005 0.006]
 [0.03  0.003 0.047 0.528 0.008 0.115 0.23  0.011 0.026 0.002]
 [0.058 0.005 0.055 0.029 0.557 0.128 0.017 0.136 0.01  0.005]
 [0.381 0.091 0.046 0.01  0.002 0.005 0.004 0.002 0.43  0.029]
 [0.081 0.673 0.015 0.012 0.015 0.014 0.003 0.006 0.025 0.156]]
[2025-06-11 09:48:34,425 INFO] 13700 iteration, USE_EMA: True, {'train/sup_loss': tensor(0.1391, device='cuda:0'), 'train/unsup_loss': tensor(0.0053, device='cuda:0'), 'train/total_loss': tensor(0.6682, device='cuda:0'), 'lr': 0.017655709806990286, 'train/prefecth_time': 0.11765618896484376, 'train/run_time': 0.12062515258789062, 'eval/loss': tensor(2.7113, device='cuda:0'), 'eval/top-1-acc': 0.3268, 'eval/top-5-acc': 0.8475}, BEST_EVAL_ACC: 0.3272, at 13600 iters
[2025-06-11 09:49:00,275 INFO] confusion matrix:
[[0.487 0.082 0.212 0.005 0.031 0.026 0.007 0.007 0.12  0.023]
 [0.023 0.462 0.036 0.004 0.005 0.033 0.003 0.018 0.183 0.233]
 [0.147 0.003 0.278 0.094 0.042 0.222 0.151 0.017 0.038 0.008]
 [0.081 0.023 0.095 0.228 0.035 0.437 0.042 0.021 0.033 0.005]
 [0.113 0.004 0.041 0.148 0.233 0.077 0.333 0.037 0.012 0.002]
 [0.061 0.005 0.057 0.094 0.04  0.643 0.045 0.046 0.006 0.003]
 [0.029 0.003 0.046 0.551 0.008 0.111 0.213 0.013 0.024 0.002]
 [0.057 0.009 0.052 0.029 0.549 0.128 0.017 0.144 0.01  0.005]
 [0.385 0.101 0.04  0.007 0.002 0.005 0.003 0.003 0.429 0.025]
 [0.082 0.677 0.014 0.012 0.014 0.014 0.002 0.005 0.024 0.156]]
[2025-06-11 09:49:00,280 INFO] 13800 iteration, USE_EMA: True, {'train/sup_loss': tensor(0.2115, device='cuda:0'), 'train/unsup_loss': tensor(0.0065, device='cuda:0'), 'train/total_loss': tensor(0.8577, device='cuda:0'), 'lr': 0.017488612292761947, 'train/prefecth_time': 0.1313771209716797, 'train/run_time': 0.12461251068115234, 'eval/loss': tensor(2.7236, device='cuda:0'), 'eval/top-1-acc': 0.3273, 'eval/top-5-acc': 0.849}, BEST_EVAL_ACC: 0.3273, at 13800 iters
[2025-06-11 09:49:26,276 INFO] confusion matrix:
[[0.48  0.079 0.221 0.005 0.031 0.026 0.008 0.007 0.12  0.023]
 [0.026 0.46  0.037 0.005 0.007 0.031 0.003 0.018 0.183 0.23 ]
 [0.14  0.002 0.293 0.095 0.041 0.217 0.15  0.02  0.036 0.006]
 [0.08  0.021 0.098 0.233 0.035 0.436 0.04  0.021 0.032 0.004]
 [0.117 0.004 0.04  0.153 0.235 0.07  0.33  0.036 0.013 0.002]
 [0.058 0.005 0.059 0.093 0.039 0.644 0.046 0.048 0.006 0.002]
 [0.03  0.002 0.052 0.562 0.009 0.106 0.203 0.012 0.022 0.002]
 [0.057 0.008 0.055 0.028 0.546 0.128 0.017 0.146 0.011 0.004]
 [0.382 0.096 0.042 0.009 0.002 0.005 0.004 0.003 0.437 0.02 ]
 [0.085 0.682 0.015 0.012 0.013 0.015 0.002 0.005 0.023 0.148]]
[2025-06-11 09:49:26,281 INFO] 13900 iteration, USE_EMA: True, {'train/sup_loss': tensor(1.3893, device='cuda:0'), 'train/unsup_loss': tensor(0.0231, device='cuda:0'), 'train/total_loss': tensor(3.6951, device='cuda:0'), 'lr': 0.017320688836612558, 'train/prefecth_time': 0.12638400268554686, 'train/run_time': 0.12077820587158203, 'eval/loss': tensor(2.7351, device='cuda:0'), 'eval/top-1-acc': 0.3279, 'eval/top-5-acc': 0.8506}, BEST_EVAL_ACC: 0.3279, at 13900 iters
[2025-06-11 09:49:52,171 INFO] confusion matrix:
[[0.465 0.078 0.236 0.005 0.029 0.025 0.007 0.007 0.126 0.022]
 [0.025 0.47  0.039 0.006 0.007 0.031 0.003 0.018 0.182 0.219]
 [0.129 0.003 0.303 0.092 0.044 0.221 0.148 0.017 0.037 0.006]
 [0.076 0.022 0.1   0.22  0.036 0.448 0.045 0.017 0.032 0.004]
 [0.12  0.004 0.041 0.143 0.235 0.072 0.333 0.036 0.014 0.002]
 [0.058 0.006 0.06  0.09  0.039 0.652 0.045 0.043 0.005 0.002]
 [0.028 0.003 0.057 0.542 0.01  0.107 0.216 0.011 0.024 0.002]
 [0.052 0.008 0.056 0.026 0.542 0.133 0.017 0.15  0.012 0.004]
 [0.375 0.105 0.039 0.009 0.003 0.005 0.004 0.003 0.44  0.017]
 [0.082 0.695 0.013 0.012 0.015 0.016 0.002 0.005 0.023 0.137]]
[2025-06-11 09:49:52,176 INFO] 14000 iteration, USE_EMA: True, {'train/sup_loss': tensor(0.0770, device='cuda:0'), 'train/unsup_loss': tensor(0.0064, device='cuda:0'), 'train/total_loss': tensor(0.7144, device='cuda:0'), 'lr': 0.017151947369132583, 'train/prefecth_time': 0.09121177673339843, 'train/run_time': 0.12711526489257813, 'eval/loss': tensor(2.7346, device='cuda:0'), 'eval/top-1-acc': 0.3288, 'eval/top-5-acc': 0.8518}, BEST_EVAL_ACC: 0.3288, at 14000 iters
[2025-06-11 09:50:18,213 INFO] confusion matrix:
[[0.456 0.077 0.244 0.005 0.028 0.028 0.007 0.007 0.126 0.022]
 [0.028 0.468 0.037 0.006 0.008 0.028 0.003 0.017 0.176 0.229]
 [0.127 0.003 0.312 0.084 0.043 0.222 0.148 0.017 0.037 0.007]
 [0.073 0.022 0.107 0.218 0.035 0.446 0.045 0.018 0.032 0.004]
 [0.125 0.004 0.042 0.141 0.23  0.071 0.334 0.037 0.014 0.002]
 [0.054 0.007 0.065 0.09  0.038 0.651 0.044 0.044 0.005 0.002]
 [0.026 0.003 0.063 0.53  0.01  0.106 0.226 0.012 0.022 0.002]
 [0.053 0.008 0.057 0.026 0.539 0.134 0.018 0.15  0.011 0.004]
 [0.373 0.102 0.041 0.007 0.003 0.005 0.005 0.004 0.443 0.017]
 [0.082 0.7   0.012 0.012 0.015 0.016 0.002 0.004 0.023 0.134]]
[2025-06-11 09:50:18,218 INFO] 14100 iteration, USE_EMA: True, {'train/sup_loss': tensor(0.6243, device='cuda:0'), 'train/unsup_loss': tensor(0.0066, device='cuda:0'), 'train/total_loss': tensor(1.2887, device='cuda:0'), 'lr': 0.016982395859545057, 'train/prefecth_time': 0.10064076995849609, 'train/run_time': 0.11984690856933594, 'eval/loss': tensor(2.7242, device='cuda:0'), 'eval/top-1-acc': 0.3288, 'eval/top-5-acc': 0.8546}, BEST_EVAL_ACC: 0.3288, at 14000 iters
[2025-06-11 09:50:44,242 INFO] confusion matrix:
[[0.457 0.075 0.246 0.005 0.029 0.025 0.007 0.007 0.128 0.021]
 [0.035 0.47  0.038 0.005 0.009 0.028 0.003 0.018 0.173 0.221]
 [0.126 0.002 0.311 0.077 0.043 0.228 0.154 0.015 0.038 0.006]
 [0.068 0.021 0.109 0.214 0.037 0.451 0.049 0.016 0.031 0.004]
 [0.124 0.004 0.044 0.129 0.225 0.074 0.348 0.036 0.014 0.002]
 [0.05  0.007 0.067 0.082 0.039 0.656 0.047 0.043 0.006 0.003]
 [0.025 0.001 0.069 0.51  0.01  0.106 0.246 0.011 0.02  0.002]
 [0.053 0.009 0.057 0.027 0.538 0.133 0.019 0.149 0.011 0.004]
 [0.375 0.094 0.042 0.007 0.003 0.005 0.005 0.004 0.448 0.017]
 [0.084 0.698 0.012 0.013 0.02  0.014 0.004 0.004 0.023 0.128]]
[2025-06-11 09:50:44,247 INFO] 14200 iteration, USE_EMA: True, {'train/sup_loss': tensor(1.2065, device='cuda:0'), 'train/unsup_loss': tensor(0.0168, device='cuda:0'), 'train/total_loss': tensor(2.8829, device='cuda:0'), 'lr': 0.016812042315329196, 'train/prefecth_time': 0.09277378845214844, 'train/run_time': 0.1194559326171875, 'eval/loss': tensor(2.7203, device='cuda:0'), 'eval/top-1-acc': 0.3304, 'eval/top-5-acc': 0.8545}, BEST_EVAL_ACC: 0.3304, at 14200 iters
[2025-06-11 09:51:10,140 INFO] confusion matrix:
[[0.468 0.08  0.239 0.004 0.029 0.023 0.007 0.007 0.124 0.019]
 [0.038 0.49  0.04  0.007 0.009 0.026 0.003 0.016 0.162 0.209]
 [0.124 0.002 0.312 0.078 0.046 0.232 0.154 0.011 0.036 0.005]
 [0.068 0.024 0.115 0.218 0.038 0.443 0.049 0.013 0.028 0.004]
 [0.123 0.004 0.043 0.134 0.226 0.078 0.344 0.033 0.012 0.003]
 [0.048 0.008 0.069 0.085 0.043 0.655 0.045 0.039 0.005 0.003]
 [0.02  0.001 0.07  0.506 0.01  0.106 0.255 0.011 0.019 0.002]
 [0.053 0.009 0.058 0.028 0.542 0.131 0.019 0.145 0.011 0.004]
 [0.377 0.098 0.041 0.008 0.003 0.005 0.005 0.003 0.446 0.014]
 [0.084 0.706 0.015 0.013 0.019 0.011 0.004 0.004 0.021 0.123]]
[2025-06-11 09:51:10,148 INFO] 14300 iteration, USE_EMA: True, {'train/sup_loss': tensor(0.9057, device='cuda:0'), 'train/unsup_loss': tensor(0.0106, device='cuda:0'), 'train/total_loss': tensor(1.9625, device='cuda:0'), 'lr': 0.016640894781842247, 'train/prefecth_time': 0.08882582092285156, 'train/run_time': 0.11929923248291016, 'eval/loss': tensor(2.7237, device='cuda:0'), 'eval/top-1-acc': 0.3338, 'eval/top-5-acc': 0.8546}, BEST_EVAL_ACC: 0.3338, at 14300 iters
[2025-06-11 09:51:36,021 INFO] confusion matrix:
[[0.47  0.078 0.227 0.003 0.029 0.024 0.009 0.006 0.135 0.019]
 [0.033 0.509 0.037 0.007 0.009 0.024 0.003 0.013 0.155 0.21 ]
 [0.129 0.002 0.303 0.079 0.044 0.234 0.159 0.009 0.036 0.005]
 [0.069 0.021 0.118 0.218 0.038 0.44  0.049 0.014 0.029 0.004]
 [0.118 0.004 0.043 0.137 0.221 0.079 0.354 0.031 0.011 0.002]
 [0.052 0.006 0.068 0.084 0.044 0.649 0.05  0.038 0.006 0.003]
 [0.021 0.001 0.073 0.506 0.007 0.109 0.252 0.011 0.018 0.002]
 [0.06  0.009 0.06  0.027 0.539 0.126 0.022 0.142 0.011 0.004]
 [0.36  0.096 0.038 0.008 0.003 0.006 0.004 0.001 0.468 0.016]
 [0.086 0.703 0.014 0.013 0.018 0.007 0.004 0.004 0.023 0.128]]
[2025-06-11 09:51:36,029 INFO] 14400 iteration, USE_EMA: True, {'train/sup_loss': tensor(0.9360, device='cuda:0'), 'train/unsup_loss': tensor(0.0115, device='cuda:0'), 'train/total_loss': tensor(2.0841, device='cuda:0'), 'lr': 0.016468961341939516, 'train/prefecth_time': 0.08971673583984376, 'train/run_time': 0.12038553619384766, 'eval/loss': tensor(2.7327, device='cuda:0'), 'eval/top-1-acc': 0.336, 'eval/top-5-acc': 0.8542}, BEST_EVAL_ACC: 0.336, at 14400 iters
[2025-06-11 09:52:01,932 INFO] confusion matrix:
[[0.484 0.076 0.218 0.003 0.03  0.022 0.009 0.006 0.131 0.021]
 [0.038 0.512 0.039 0.006 0.009 0.024 0.003 0.012 0.141 0.216]
 [0.14  0.002 0.282 0.075 0.041 0.239 0.17  0.009 0.036 0.006]
 [0.072 0.019 0.119 0.212 0.037 0.44  0.05  0.016 0.029 0.006]
 [0.12  0.004 0.044 0.128 0.218 0.078 0.361 0.033 0.011 0.003]
 [0.055 0.006 0.067 0.078 0.045 0.65  0.052 0.038 0.006 0.003]
 [0.022 0.001 0.077 0.479 0.007 0.107 0.275 0.012 0.017 0.003]
 [0.066 0.007 0.058 0.026 0.535 0.126 0.024 0.143 0.009 0.006]
 [0.369 0.09  0.036 0.008 0.003 0.005 0.005 0.001 0.468 0.015]
 [0.09  0.694 0.015 0.013 0.017 0.006 0.005 0.006 0.023 0.131]]
[2025-06-11 09:52:01,939 INFO] 14500 iteration, USE_EMA: True, {'train/sup_loss': tensor(0.9788, device='cuda:0'), 'train/unsup_loss': tensor(0.0116, device='cuda:0'), 'train/total_loss': tensor(2.1347, device='cuda:0'), 'lr': 0.016296250115592617, 'train/prefecth_time': 0.09374105834960937, 'train/run_time': 0.12029952239990234, 'eval/loss': tensor(2.7258, device='cuda:0'), 'eval/top-1-acc': 0.3375, 'eval/top-5-acc': 0.8538}, BEST_EVAL_ACC: 0.3375, at 14500 iters
[2025-06-11 09:52:27,861 INFO] confusion matrix:
[[0.503 0.078 0.197 0.003 0.032 0.021 0.008 0.006 0.131 0.021]
 [0.037 0.518 0.036 0.006 0.009 0.02  0.003 0.011 0.132 0.228]
 [0.15  0.002 0.267 0.072 0.045 0.236 0.174 0.011 0.037 0.006]
 [0.076 0.017 0.12  0.209 0.038 0.434 0.052 0.019 0.029 0.006]
 [0.121 0.003 0.039 0.124 0.22  0.082 0.362 0.033 0.012 0.004]
 [0.057 0.006 0.066 0.077 0.044 0.643 0.053 0.045 0.006 0.003]
 [0.023 0.002 0.072 0.464 0.006 0.105 0.293 0.013 0.019 0.003]
 [0.067 0.008 0.059 0.026 0.533 0.125 0.024 0.143 0.009 0.006]
 [0.372 0.088 0.033 0.008 0.003 0.005 0.005 0.001 0.468 0.017]
 [0.087 0.689 0.014 0.013 0.019 0.005 0.004 0.006 0.022 0.141]]
[2025-06-11 09:52:27,870 INFO] 14600 iteration, USE_EMA: True, {'train/sup_loss': tensor(0.2087, device='cuda:0'), 'train/unsup_loss': tensor(0.0041, device='cuda:0'), 'train/total_loss': tensor(0.6140, device='cuda:0'), 'lr': 0.01612276925950603, 'train/prefecth_time': 0.09114419555664062, 'train/run_time': 0.12107161712646484, 'eval/loss': tensor(2.7114, device='cuda:0'), 'eval/top-1-acc': 0.3405, 'eval/top-5-acc': 0.8533}, BEST_EVAL_ACC: 0.3405, at 14600 iters
[2025-06-11 09:52:54,096 INFO] confusion matrix:
[[0.51  0.075 0.192 0.003 0.034 0.021 0.011 0.006 0.127 0.021]
 [0.038 0.506 0.038 0.006 0.01  0.02  0.003 0.011 0.135 0.233]
 [0.165 0.002 0.26  0.064 0.043 0.235 0.179 0.01  0.036 0.006]
 [0.082 0.015 0.123 0.2   0.038 0.433 0.056 0.016 0.032 0.005]
 [0.129 0.003 0.037 0.113 0.218 0.075 0.377 0.034 0.01  0.004]
 [0.068 0.004 0.071 0.074 0.044 0.631 0.057 0.042 0.006 0.003]
 [0.024 0.002 0.073 0.443 0.005 0.104 0.312 0.013 0.021 0.003]
 [0.073 0.006 0.06  0.025 0.533 0.122 0.024 0.141 0.01  0.006]
 [0.388 0.082 0.027 0.008 0.003 0.005 0.005 0.001 0.464 0.017]
 [0.092 0.679 0.014 0.013 0.021 0.006 0.005 0.006 0.021 0.143]]
[2025-06-11 09:52:54,102 INFO] 14700 iteration, USE_EMA: True, {'train/sup_loss': tensor(0.1603, device='cuda:0'), 'train/unsup_loss': tensor(0.0056, device='cuda:0'), 'train/total_loss': tensor(0.7233, device='cuda:0'), 'lr': 0.01594852696673185, 'train/prefecth_time': 0.08660979461669922, 'train/run_time': 0.12009961700439453, 'eval/loss': tensor(2.7242, device='cuda:0'), 'eval/top-1-acc': 0.3385, 'eval/top-5-acc': 0.8519}, BEST_EVAL_ACC: 0.3405, at 14600 iters
[2025-06-11 09:53:19,983 INFO] confusion matrix:
[[0.513 0.075 0.188 0.003 0.034 0.02  0.011 0.006 0.13  0.02 ]
 [0.037 0.527 0.038 0.006 0.01  0.019 0.003 0.011 0.127 0.222]
 [0.179 0.003 0.247 0.063 0.044 0.226 0.185 0.011 0.037 0.005]
 [0.085 0.015 0.126 0.194 0.039 0.427 0.057 0.02  0.032 0.005]
 [0.134 0.003 0.035 0.111 0.217 0.076 0.379 0.033 0.009 0.003]
 [0.072 0.004 0.074 0.074 0.044 0.624 0.056 0.045 0.004 0.003]
 [0.024 0.002 0.076 0.428 0.005 0.106 0.323 0.014 0.02  0.002]
 [0.074 0.008 0.06  0.027 0.528 0.121 0.024 0.143 0.009 0.006]
 [0.389 0.088 0.026 0.008 0.003 0.004 0.007 0.001 0.459 0.015]
 [0.093 0.684 0.014 0.014 0.021 0.006 0.005 0.006 0.02  0.137]]
[2025-06-11 09:53:19,990 INFO] 14800 iteration, USE_EMA: True, {'train/sup_loss': tensor(1.2080, device='cuda:0'), 'train/unsup_loss': tensor(0.0157, device='cuda:0'), 'train/total_loss': tensor(2.7736, device='cuda:0'), 'lr': 0.01577353146628285, 'train/prefecth_time': 0.0892107162475586, 'train/run_time': 0.12015606689453125, 'eval/loss': tensor(2.7276, device='cuda:0'), 'eval/top-1-acc': 0.3384, 'eval/top-5-acc': 0.8513}, BEST_EVAL_ACC: 0.3405, at 14600 iters
[2025-06-11 09:53:45,968 INFO] confusion matrix:
[[0.523 0.079 0.187 0.003 0.03  0.02  0.01  0.007 0.121 0.02 ]
 [0.038 0.534 0.038 0.006 0.01  0.019 0.003 0.011 0.118 0.223]
 [0.18  0.003 0.248 0.061 0.044 0.231 0.186 0.009 0.033 0.005]
 [0.086 0.015 0.13  0.181 0.038 0.437 0.057 0.019 0.032 0.005]
 [0.136 0.004 0.036 0.111 0.217 0.077 0.375 0.033 0.009 0.002]
 [0.073 0.004 0.075 0.067 0.045 0.628 0.056 0.045 0.004 0.003]
 [0.025 0.001 0.079 0.432 0.005 0.105 0.319 0.015 0.017 0.002]
 [0.075 0.007 0.06  0.027 0.525 0.123 0.024 0.147 0.006 0.006]
 [0.395 0.097 0.025 0.009 0.003 0.003 0.007 0.001 0.445 0.015]
 [0.096 0.687 0.014 0.012 0.021 0.006 0.004 0.006 0.02  0.134]]
[2025-06-11 09:53:45,976 INFO] 14900 iteration, USE_EMA: True, {'train/sup_loss': tensor(0.1720, device='cuda:0'), 'train/unsup_loss': tensor(0.0070, device='cuda:0'), 'train/total_loss': tensor(0.8722, device='cuda:0'), 'lr': 0.015597791022743857, 'train/prefecth_time': 0.08990541076660157, 'train/run_time': 0.12073609924316406, 'eval/loss': tensor(2.7424, device='cuda:0'), 'eval/top-1-acc': 0.3376, 'eval/top-5-acc': 0.8504}, BEST_EVAL_ACC: 0.3405, at 14600 iters
[2025-06-11 09:54:13,031 INFO] confusion matrix:
[[0.532 0.085 0.188 0.003 0.029 0.018 0.01  0.007 0.107 0.021]
 [0.035 0.565 0.036 0.006 0.01  0.017 0.003 0.011 0.105 0.212]
 [0.178 0.004 0.252 0.065 0.046 0.231 0.175 0.01  0.034 0.005]
 [0.085 0.018 0.132 0.179 0.039 0.435 0.053 0.023 0.031 0.005]
 [0.13  0.004 0.039 0.112 0.216 0.08  0.372 0.036 0.008 0.003]
 [0.071 0.004 0.083 0.065 0.045 0.622 0.054 0.049 0.004 0.003]
 [0.024 0.001 0.082 0.458 0.005 0.104 0.289 0.016 0.019 0.002]
 [0.071 0.008 0.064 0.025 0.525 0.123 0.024 0.148 0.006 0.006]
 [0.413 0.105 0.024 0.01  0.003 0.003 0.006 0.001 0.422 0.013]
 [0.093 0.704 0.014 0.01  0.019 0.006 0.003 0.005 0.019 0.127]]
[2025-06-11 09:54:13,039 INFO] 15000 iteration, USE_EMA: True, {'train/sup_loss': tensor(0.1025, device='cuda:0'), 'train/unsup_loss': tensor(0.0036, device='cuda:0'), 'train/total_loss': tensor(0.4642, device='cuda:0'), 'lr': 0.015421313935881444, 'train/prefecth_time': 0.09158451080322266, 'train/run_time': 0.12073113250732422, 'eval/loss': tensor(2.7592, device='cuda:0'), 'eval/top-1-acc': 0.3352, 'eval/top-5-acc': 0.8509}, BEST_EVAL_ACC: 0.3405, at 14600 iters
[2025-06-11 09:54:39,108 INFO] confusion matrix:
[[0.537 0.085 0.193 0.003 0.026 0.019 0.01  0.007 0.1   0.02 ]
 [0.039 0.575 0.036 0.006 0.009 0.016 0.003 0.012 0.089 0.215]
 [0.176 0.003 0.255 0.065 0.048 0.231 0.175 0.009 0.033 0.005]
 [0.085 0.021 0.134 0.173 0.036 0.439 0.058 0.02  0.028 0.006]
 [0.131 0.003 0.039 0.109 0.216 0.079 0.376 0.035 0.008 0.004]
 [0.071 0.004 0.085 0.057 0.041 0.63  0.057 0.048 0.004 0.003]
 [0.023 0.    0.086 0.446 0.006 0.11  0.29  0.016 0.021 0.002]
 [0.071 0.009 0.067 0.023 0.526 0.125 0.023 0.145 0.005 0.006]
 [0.426 0.113 0.024 0.008 0.003 0.002 0.006 0.001 0.404 0.013]
 [0.096 0.699 0.015 0.01  0.019 0.005 0.003 0.006 0.016 0.131]]
[2025-06-11 09:54:39,116 INFO] 15100 iteration, USE_EMA: True, {'train/sup_loss': tensor(0.5065, device='cuda:0'), 'train/unsup_loss': tensor(0.0043, device='cuda:0'), 'train/total_loss': tensor(0.9325, device='cuda:0'), 'lr': 0.015244108540251926, 'train/prefecth_time': 0.0961360626220703, 'train/run_time': 0.11967440032958984, 'eval/loss': tensor(2.7821, device='cuda:0'), 'eval/top-1-acc': 0.3356, 'eval/top-5-acc': 0.8479}, BEST_EVAL_ACC: 0.3405, at 14600 iters
[2025-06-11 09:55:05,252 INFO] confusion matrix:
[[0.549 0.087 0.184 0.002 0.026 0.02  0.01  0.007 0.097 0.018]
 [0.045 0.577 0.032 0.006 0.008 0.016 0.004 0.012 0.09  0.21 ]
 [0.184 0.004 0.244 0.064 0.048 0.237 0.17  0.01  0.034 0.005]
 [0.098 0.02  0.124 0.173 0.034 0.444 0.058 0.02  0.024 0.005]
 [0.135 0.004 0.037 0.114 0.215 0.082 0.368 0.033 0.008 0.004]
 [0.076 0.003 0.083 0.057 0.039 0.63  0.06  0.045 0.004 0.003]
 [0.023 0.    0.088 0.446 0.006 0.112 0.286 0.015 0.022 0.002]
 [0.08  0.009 0.063 0.022 0.524 0.126 0.023 0.142 0.005 0.006]
 [0.433 0.114 0.021 0.008 0.003 0.003 0.006 0.002 0.396 0.014]
 [0.102 0.696 0.016 0.01  0.018 0.006 0.002 0.006 0.017 0.127]]
[2025-06-11 09:55:05,258 INFO] 15200 iteration, USE_EMA: True, {'train/sup_loss': tensor(0.9210, device='cuda:0'), 'train/unsup_loss': tensor(0.0115, device='cuda:0'), 'train/total_loss': tensor(2.0740, device='cuda:0'), 'lr': 0.015066183204807756, 'train/prefecth_time': 0.087766845703125, 'train/run_time': 0.11846975708007812, 'eval/loss': tensor(2.7930, device='cuda:0'), 'eval/top-1-acc': 0.3339, 'eval/top-5-acc': 0.8473}, BEST_EVAL_ACC: 0.3405, at 14600 iters
[2025-06-11 09:55:30,871 INFO] confusion matrix:
[[0.541 0.084 0.193 0.002 0.026 0.02  0.01  0.008 0.098 0.018]
 [0.047 0.57  0.03  0.006 0.008 0.016 0.004 0.012 0.087 0.22 ]
 [0.18  0.004 0.248 0.067 0.045 0.235 0.171 0.012 0.034 0.004]
 [0.093 0.02  0.126 0.179 0.033 0.447 0.056 0.019 0.023 0.004]
 [0.137 0.005 0.037 0.117 0.219 0.082 0.361 0.031 0.008 0.003]
 [0.076 0.003 0.084 0.06  0.036 0.631 0.06  0.043 0.004 0.003]
 [0.023 0.    0.088 0.461 0.006 0.112 0.273 0.013 0.022 0.002]
 [0.079 0.008 0.065 0.022 0.522 0.127 0.024 0.142 0.005 0.006]
 [0.427 0.112 0.024 0.008 0.002 0.003 0.005 0.002 0.402 0.015]
 [0.101 0.694 0.016 0.01  0.018 0.006 0.002 0.006 0.017 0.13 ]]
[2025-06-11 09:55:30,876 INFO] 15300 iteration, USE_EMA: True, {'train/sup_loss': tensor(0.1039, device='cuda:0'), 'train/unsup_loss': tensor(0.0026, device='cuda:0'), 'train/total_loss': tensor(0.3682, device='cuda:0'), 'lr': 0.014887546332502303, 'train/prefecth_time': 0.09733744049072265, 'train/run_time': 0.12044255828857423, 'eval/loss': tensor(2.7948, device='cuda:0'), 'eval/top-1-acc': 0.3335, 'eval/top-5-acc': 0.8482}, BEST_EVAL_ACC: 0.3405, at 14600 iters
[2025-06-11 09:55:56,472 INFO] confusion matrix:
[[0.542 0.084 0.194 0.002 0.026 0.021 0.009 0.008 0.097 0.017]
 [0.045 0.564 0.031 0.006 0.007 0.018 0.003 0.012 0.082 0.232]
 [0.18  0.004 0.239 0.07  0.044 0.24  0.171 0.013 0.034 0.005]
 [0.098 0.02  0.122 0.18  0.031 0.447 0.055 0.019 0.024 0.004]
 [0.139 0.005 0.035 0.122 0.211 0.081 0.362 0.034 0.008 0.003]
 [0.08  0.004 0.079 0.061 0.033 0.634 0.059 0.043 0.004 0.003]
 [0.028 0.    0.085 0.464 0.005 0.11  0.273 0.013 0.019 0.003]
 [0.08  0.009 0.065 0.023 0.516 0.125 0.024 0.147 0.004 0.007]
 [0.419 0.112 0.021 0.007 0.002 0.004 0.005 0.002 0.412 0.016]
 [0.096 0.7   0.016 0.01  0.018 0.005 0.003 0.006 0.016 0.13 ]]
[2025-06-11 09:55:56,477 INFO] 15400 iteration, USE_EMA: True, {'train/sup_loss': tensor(0.2297, device='cuda:0'), 'train/unsup_loss': tensor(0.0047, device='cuda:0'), 'train/total_loss': tensor(0.6975, device='cuda:0'), 'lr': 0.014708206359892959, 'train/prefecth_time': 0.08711443328857423, 'train/run_time': 0.12036662292480468, 'eval/loss': tensor(2.7934, device='cuda:0'), 'eval/top-1-acc': 0.3332, 'eval/top-5-acc': 0.8472}, BEST_EVAL_ACC: 0.3405, at 14600 iters
[2025-06-11 09:56:22,155 INFO] confusion matrix:
[[0.532 0.083 0.203 0.002 0.026 0.022 0.011 0.007 0.098 0.016]
 [0.045 0.566 0.033 0.006 0.008 0.017 0.003 0.012 0.079 0.231]
 [0.17  0.004 0.244 0.072 0.047 0.244 0.169 0.012 0.033 0.005]
 [0.092 0.019 0.123 0.185 0.032 0.449 0.053 0.019 0.024 0.004]
 [0.129 0.004 0.036 0.128 0.218 0.082 0.358 0.033 0.009 0.003]
 [0.076 0.004 0.079 0.065 0.036 0.634 0.057 0.042 0.004 0.003]
 [0.024 0.    0.088 0.472 0.005 0.113 0.265 0.012 0.019 0.002]
 [0.075 0.007 0.068 0.026 0.516 0.125 0.024 0.149 0.004 0.006]
 [0.417 0.114 0.023 0.007 0.004 0.004 0.005 0.002 0.411 0.013]
 [0.094 0.707 0.016 0.008 0.018 0.005 0.003 0.006 0.016 0.127]]
[2025-06-11 09:56:22,160 INFO] 15500 iteration, USE_EMA: True, {'train/sup_loss': tensor(0.3772, device='cuda:0'), 'train/unsup_loss': tensor(0.0045, device='cuda:0'), 'train/total_loss': tensor(0.8241, device='cuda:0'), 'lr': 0.014528171756742743, 'train/prefecth_time': 0.09583065795898438, 'train/run_time': 0.11958067321777344, 'eval/loss': tensor(2.7973, device='cuda:0'), 'eval/top-1-acc': 0.3331, 'eval/top-5-acc': 0.8467}, BEST_EVAL_ACC: 0.3405, at 14600 iters
[2025-06-11 09:56:48,143 INFO] confusion matrix:
[[0.536 0.08  0.203 0.002 0.025 0.02  0.011 0.008 0.098 0.017]
 [0.044 0.544 0.032 0.006 0.007 0.017 0.003 0.016 0.081 0.25 ]
 [0.169 0.004 0.249 0.075 0.05  0.238 0.167 0.013 0.031 0.004]
 [0.092 0.019 0.124 0.191 0.034 0.443 0.049 0.019 0.025 0.004]
 [0.128 0.004 0.036 0.134 0.22  0.079 0.355 0.034 0.008 0.002]
 [0.076 0.004 0.081 0.069 0.036 0.626 0.056 0.045 0.004 0.003]
 [0.026 0.    0.087 0.485 0.005 0.108 0.257 0.013 0.017 0.002]
 [0.075 0.007 0.067 0.026 0.516 0.122 0.022 0.155 0.004 0.006]
 [0.416 0.108 0.025 0.008 0.004 0.004 0.004 0.002 0.416 0.013]
 [0.099 0.694 0.016 0.012 0.017 0.006 0.003 0.007 0.016 0.13 ]]
[2025-06-11 09:56:48,148 INFO] 15600 iteration, USE_EMA: True, {'train/sup_loss': tensor(1.2683, device='cuda:0'), 'train/unsup_loss': tensor(0.0205, device='cuda:0'), 'train/total_loss': tensor(3.3183, device='cuda:0'), 'lr': 0.014347451025620262, 'train/prefecth_time': 0.09978441619873046, 'train/run_time': 0.12054252624511719, 'eval/loss': tensor(2.7879, device='cuda:0'), 'eval/top-1-acc': 0.3324, 'eval/top-5-acc': 0.8488}, BEST_EVAL_ACC: 0.3405, at 14600 iters
[2025-06-11 09:57:14,136 INFO] confusion matrix:
[[0.54  0.076 0.202 0.003 0.025 0.022 0.009 0.009 0.098 0.016]
 [0.047 0.528 0.031 0.006 0.006 0.017 0.003 0.02  0.082 0.26 ]
 [0.159 0.003 0.261 0.078 0.047 0.239 0.165 0.014 0.03  0.004]
 [0.086 0.02  0.128 0.193 0.033 0.442 0.05  0.019 0.025 0.004]
 [0.126 0.004 0.034 0.138 0.218 0.084 0.352 0.034 0.008 0.002]
 [0.072 0.004 0.081 0.069 0.036 0.63  0.056 0.045 0.004 0.003]
 [0.02  0.    0.09  0.495 0.005 0.106 0.252 0.012 0.018 0.002]
 [0.075 0.007 0.067 0.028 0.516 0.124 0.022 0.152 0.003 0.006]
 [0.412 0.104 0.027 0.008 0.003 0.004 0.004 0.003 0.421 0.014]
 [0.1   0.698 0.016 0.011 0.017 0.006 0.003 0.007 0.015 0.127]]
[2025-06-11 09:57:14,141 INFO] 15700 iteration, USE_EMA: True, {'train/sup_loss': tensor(0.2724, device='cuda:0'), 'train/unsup_loss': tensor(0.0037, device='cuda:0'), 'train/total_loss': tensor(0.6400, device='cuda:0'), 'lr': 0.014166052701498184, 'train/prefecth_time': 0.09642950439453125, 'train/run_time': 0.1196418228149414, 'eval/loss': tensor(2.7876, device='cuda:0'), 'eval/top-1-acc': 0.3322, 'eval/top-5-acc': 0.8477}, BEST_EVAL_ACC: 0.3405, at 14600 iters
[2025-06-11 09:57:40,339 INFO] confusion matrix:
[[0.555 0.073 0.194 0.002 0.023 0.022 0.009 0.01  0.097 0.015]
 [0.05  0.529 0.026 0.007 0.007 0.017 0.003 0.013 0.079 0.269]
 [0.154 0.004 0.273 0.077 0.045 0.236 0.164 0.014 0.029 0.004]
 [0.085 0.02  0.125 0.197 0.03  0.445 0.051 0.019 0.023 0.005]
 [0.123 0.004 0.036 0.139 0.213 0.085 0.357 0.032 0.009 0.002]
 [0.074 0.002 0.078 0.071 0.035 0.633 0.056 0.044 0.004 0.003]
 [0.02  0.    0.089 0.492 0.005 0.105 0.257 0.012 0.018 0.002]
 [0.076 0.008 0.065 0.029 0.513 0.124 0.022 0.154 0.003 0.006]
 [0.424 0.102 0.023 0.009 0.003 0.004 0.004 0.002 0.415 0.014]
 [0.102 0.701 0.016 0.012 0.016 0.006 0.003 0.007 0.017 0.12 ]]
[2025-06-11 09:57:40,344 INFO] 15800 iteration, USE_EMA: True, {'train/sup_loss': tensor(0.0751, device='cuda:0'), 'train/unsup_loss': tensor(0.0041, device='cuda:0'), 'train/total_loss': tensor(0.4851, device='cuda:0'), 'lr': 0.013983985351350132, 'train/prefecth_time': 0.09936486053466796, 'train/run_time': 0.12033644866943359, 'eval/loss': tensor(2.7916, device='cuda:0'), 'eval/top-1-acc': 0.3346, 'eval/top-5-acc': 0.8488}, BEST_EVAL_ACC: 0.3405, at 14600 iters
[2025-06-11 09:58:06,510 INFO] confusion matrix:
[[0.575 0.07  0.175 0.002 0.023 0.022 0.009 0.01  0.1   0.014]
 [0.051 0.519 0.024 0.007 0.007 0.019 0.004 0.014 0.085 0.27 ]
 [0.161 0.003 0.258 0.078 0.048 0.243 0.162 0.013 0.03  0.004]
 [0.09  0.018 0.115 0.199 0.033 0.45  0.05  0.017 0.024 0.004]
 [0.126 0.004 0.032 0.141 0.215 0.087 0.352 0.034 0.008 0.001]
 [0.073 0.002 0.07  0.071 0.037 0.645 0.054 0.041 0.004 0.003]
 [0.022 0.001 0.082 0.502 0.006 0.107 0.25  0.011 0.017 0.002]
 [0.08  0.01  0.06  0.027 0.513 0.125 0.022 0.154 0.003 0.006]
 [0.43  0.092 0.019 0.009 0.003 0.004 0.004 0.002 0.423 0.014]
 [0.102 0.703 0.016 0.012 0.017 0.007 0.003 0.007 0.017 0.116]]
[2025-06-11 09:58:06,515 INFO] 15900 iteration, USE_EMA: True, {'train/sup_loss': tensor(1.0648, device='cuda:0'), 'train/unsup_loss': tensor(0.0188, device='cuda:0'), 'train/total_loss': tensor(2.9414, device='cuda:0'), 'lr': 0.013801257573746109, 'train/prefecth_time': 0.09098751831054687, 'train/run_time': 0.12468428802490235, 'eval/loss': tensor(2.7880, device='cuda:0'), 'eval/top-1-acc': 0.3354, 'eval/top-5-acc': 0.8463}, BEST_EVAL_ACC: 0.3405, at 14600 iters
[2025-06-11 09:58:32,921 INFO] confusion matrix:
[[0.585 0.07  0.164 0.002 0.022 0.023 0.009 0.009 0.101 0.015]
 [0.053 0.512 0.025 0.007 0.007 0.019 0.004 0.012 0.088 0.273]
 [0.159 0.004 0.255 0.078 0.047 0.246 0.166 0.013 0.027 0.005]
 [0.091 0.018 0.106 0.201 0.033 0.457 0.053 0.015 0.022 0.004]
 [0.127 0.004 0.03  0.143 0.216 0.088 0.35  0.031 0.009 0.002]
 [0.073 0.002 0.064 0.074 0.037 0.65  0.055 0.038 0.004 0.003]
 [0.022 0.001 0.076 0.504 0.006 0.112 0.25  0.01  0.017 0.002]
 [0.084 0.011 0.057 0.027 0.511 0.123 0.022 0.155 0.004 0.006]
 [0.431 0.088 0.019 0.01  0.003 0.007 0.004 0.001 0.423 0.014]
 [0.105 0.709 0.013 0.012 0.016 0.008 0.003 0.004 0.017 0.113]]
[2025-06-11 09:58:32,926 INFO] 16000 iteration, USE_EMA: True, {'train/sup_loss': tensor(0.4041, device='cuda:0'), 'train/unsup_loss': tensor(0.0051, device='cuda:0'), 'train/total_loss': tensor(0.9172, device='cuda:0'), 'lr': 0.013617877998446389, 'train/prefecth_time': 0.09377916717529297, 'train/run_time': 0.11940006256103515, 'eval/loss': tensor(2.7884, device='cuda:0'), 'eval/top-1-acc': 0.336, 'eval/top-5-acc': 0.8461}, BEST_EVAL_ACC: 0.3405, at 14600 iters
[2025-06-11 10:02:22,199 INFO] confusion matrix:
[[0.626 0.061 0.159 0.002 0.021 0.024 0.009 0.002 0.079 0.017]
 [0.067 0.399 0.016 0.006 0.004 0.031 0.003 0.004 0.07  0.4  ]
 [0.141 0.003 0.321 0.068 0.041 0.228 0.163 0.008 0.02  0.007]
 [0.071 0.016 0.129 0.158 0.026 0.502 0.056 0.014 0.025 0.003]
 [0.114 0.005 0.043 0.112 0.216 0.096 0.365 0.038 0.009 0.002]
 [0.06  0.002 0.076 0.051 0.029 0.682 0.056 0.036 0.005 0.003]
 [0.019 0.001 0.098 0.466 0.004 0.134 0.252 0.006 0.017 0.003]
 [0.068 0.011 0.063 0.025 0.505 0.138 0.023 0.158 0.003 0.006]
 [0.48  0.067 0.018 0.007 0.002 0.01  0.004 0.    0.398 0.014]
 [0.119 0.7   0.016 0.013 0.012 0.007 0.003 0.005 0.013 0.112]]
[2025-06-11 10:02:22,204 INFO] 17000 iteration, USE_EMA: True, {'train/sup_loss': tensor(0.0506, device='cuda:0'), 'train/unsup_loss': tensor(0.0048, device='cuda:0'), 'train/total_loss': tensor(0.5283, device='cuda:0'), 'lr': 0.011750153400260371, 'train/prefecth_time': 0.09734384155273437, 'train/run_time': 0.11923040008544922, 'eval/loss': tensor(2.8284, device='cuda:0'), 'eval/top-1-acc': 0.3322, 'eval/top-5-acc': 0.8408}, BEST_EVAL_ACC: 0.3405, at 14600 iters
[2025-06-11 10:06:14,894 INFO] confusion matrix:
[[0.485 0.074 0.228 0.003 0.019 0.043 0.01  0.005 0.115 0.018]
 [0.054 0.29  0.008 0.004 0.005 0.032 0.004 0.002 0.044 0.557]
 [0.086 0.006 0.346 0.054 0.036 0.264 0.165 0.012 0.021 0.01 ]
 [0.03  0.021 0.15  0.147 0.022 0.526 0.065 0.014 0.018 0.007]
 [0.079 0.007 0.049 0.092 0.218 0.122 0.379 0.042 0.008 0.004]
 [0.036 0.005 0.082 0.045 0.025 0.705 0.055 0.039 0.004 0.004]
 [0.01  0.001 0.073 0.447 0.005 0.162 0.273 0.009 0.015 0.005]
 [0.042 0.01  0.083 0.019 0.474 0.15  0.027 0.185 0.004 0.006]
 [0.321 0.082 0.036 0.011 0.002 0.015 0.003 0.001 0.508 0.021]
 [0.069 0.752 0.021 0.006 0.01  0.011 0.002 0.005 0.016 0.108]]
[2025-06-11 10:06:14,899 INFO] 18000 iteration, USE_EMA: True, {'train/sup_loss': tensor(0.2343, device='cuda:0'), 'train/unsup_loss': tensor(0.0045, device='cuda:0'), 'train/total_loss': tensor(0.6880, device='cuda:0'), 'lr': 0.009826957485191697, 'train/prefecth_time': 0.09698099517822266, 'train/run_time': 0.12108809661865234, 'eval/loss': tensor(2.8527, device='cuda:0'), 'eval/top-1-acc': 0.3265, 'eval/top-5-acc': 0.8355}, BEST_EVAL_ACC: 0.3405, at 14600 iters
[2025-06-11 10:10:04,333 INFO] confusion matrix:
[[0.22  0.08  0.212 0.001 0.027 0.046 0.011 0.005 0.376 0.022]
 [0.042 0.272 0.009 0.002 0.005 0.033 0.003 0.005 0.045 0.584]
 [0.057 0.006 0.349 0.043 0.039 0.266 0.185 0.009 0.038 0.008]
 [0.024 0.026 0.14  0.13  0.032 0.545 0.071 0.009 0.016 0.007]
 [0.051 0.005 0.055 0.076 0.226 0.116 0.418 0.031 0.019 0.003]
 [0.021 0.005 0.074 0.037 0.029 0.722 0.064 0.034 0.009 0.005]
 [0.008 0.    0.082 0.409 0.006 0.162 0.308 0.011 0.01  0.004]
 [0.028 0.011 0.07  0.016 0.515 0.142 0.03  0.179 0.007 0.002]
 [0.057 0.095 0.034 0.01  0.002 0.021 0.007 0.001 0.727 0.046]
 [0.039 0.774 0.022 0.004 0.013 0.015 0.003 0.004 0.042 0.084]]
[2025-06-11 10:10:04,339 INFO] 19000 iteration, USE_EMA: True, {'train/sup_loss': tensor(0.0466, device='cuda:0'), 'train/unsup_loss': tensor(0.0067, device='cuda:0'), 'train/total_loss': tensor(0.7144, device='cuda:0'), 'lr': 0.007857369471732094, 'train/prefecth_time': 0.0939335708618164, 'train/run_time': 0.120416259765625, 'eval/loss': tensor(2.9388, device='cuda:0'), 'eval/top-1-acc': 0.3217, 'eval/top-5-acc': 0.8284}, BEST_EVAL_ACC: 0.3405, at 14600 iters
[2025-06-11 10:13:54,457 INFO] confusion matrix:
[[0.09  0.098 0.213 0.004 0.033 0.046 0.007 0.003 0.478 0.028]
 [0.02  0.258 0.009 0.002 0.005 0.031 0.004 0.004 0.034 0.633]
 [0.03  0.009 0.373 0.05  0.044 0.25  0.172 0.009 0.054 0.009]
 [0.015 0.027 0.127 0.161 0.034 0.533 0.063 0.009 0.022 0.009]
 [0.026 0.007 0.064 0.076 0.242 0.11  0.404 0.033 0.036 0.002]
 [0.011 0.007 0.083 0.037 0.035 0.705 0.064 0.036 0.015 0.007]
 [0.006 0.    0.077 0.453 0.005 0.151 0.282 0.012 0.012 0.002]
 [0.018 0.018 0.07  0.016 0.52  0.139 0.03  0.175 0.01  0.004]
 [0.015 0.094 0.035 0.01  0.003 0.021 0.011 0.001 0.748 0.062]
 [0.019 0.809 0.021 0.004 0.011 0.012 0.002 0.003 0.035 0.084]]
