[2025-06-14 01:25:03,629 WARNING] USE GPU: 0 for training
[2025-06-14 01:25:04,720 INFO] Number of Trainable Params: 1469642
[2025-06-14 01:25:04,950 INFO] model_arch: <models.mixmatch.mixmatch.MixMatch object at 0x1192ace36310>
[2025-06-14 01:25:04,951 INFO] Arguments: Namespace(save_dir='./saved_models', save_name='mixmatch_cifar10_4000_0', resume=False, load_path='None', overwrite=False, use_tensorboard=True, epoch=1, num_train_iter=20000, num_eval_iter=100, num_labels=4000, batch_size=64, uratio=1, eval_batch_size=1024, alpha=0.5, T=0.5, ema_m=0.999, ulb_loss_ratio=100, ramp_up=0.4, optim='SGD', lr=0.03, momentum=0.9, weight_decay=0.0005, amp=False, clip=0, net='WideResNet', net_from_name=False, depth=28, widen_factor=2, leaky_slope=0.1, dropout=0.0, data_dir='./data', dataset='cifar10', train_sampler='RandomSampler', num_classes=10, num_workers=0, world_size=1, rank=0, dist_url='tcp://127.0.0.1:10027', dist_backend='nccl', seed=0, gpu=0, multiprocessing_distributed=False, c='config/mixmatch/mixmatch_cifar10_4000_0.yaml', alg='mixmatch', distributed=False, bn_momentum=0.0010000000000000009)
[2025-06-14 01:25:18,588 INFO] [!] data loader keys: dict_keys(['train_lb', 'train_ulb', 'eval'])
[2025-06-14 01:25:27,070 INFO] confusion matrix:
[[0.829 0.087 0.084 0.    0.    0.    0.    0.    0.    0.   ]
 [0.959 0.01  0.031 0.    0.    0.    0.    0.    0.    0.   ]
 [0.908 0.022 0.07  0.    0.    0.    0.    0.    0.    0.   ]
 [0.95  0.019 0.031 0.    0.    0.    0.    0.    0.    0.   ]
 [0.94  0.01  0.05  0.    0.    0.    0.    0.    0.    0.   ]
 [0.923 0.032 0.045 0.    0.    0.    0.    0.    0.    0.   ]
 [0.973 0.    0.027 0.    0.    0.    0.    0.    0.    0.   ]
 [0.944 0.009 0.047 0.    0.    0.    0.    0.    0.    0.   ]
 [0.867 0.065 0.068 0.    0.    0.    0.    0.    0.    0.   ]
 [0.97  0.009 0.021 0.    0.    0.    0.    0.    0.    0.   ]]
[2025-06-14 01:25:27,284 INFO] 0 iteration, USE_EMA: True, {'train/sup_loss': tensor(2.3410, device='cuda:0'), 'train/unsup_loss': tensor(0.0053, device='cuda:0'), 'train/total_loss': tensor(2.3410, device='cuda:0'), 'lr': 0.0299999999291586, 'train/prefecth_time': 0.562960693359375, 'train/run_time': 2.393860107421875, 'eval/loss': tensor(13.4915, device='cuda:0'), 'eval/top-1-acc': 0.0909, 'eval/top-5-acc': np.float64(0.5013)}, BEST_EVAL_ACC: 0.0909, at 0 iters
[2025-06-14 01:25:52,561 INFO] confusion matrix:
[[0.732 0.262 0.006 0.    0.    0.    0.    0.    0.    0.   ]
 [0.957 0.043 0.    0.    0.    0.    0.    0.    0.    0.   ]
 [0.9   0.067 0.023 0.01  0.    0.    0.    0.    0.    0.   ]
 [0.967 0.032 0.001 0.    0.    0.    0.    0.    0.    0.   ]
 [0.954 0.024 0.018 0.004 0.    0.    0.    0.    0.    0.   ]
 [0.941 0.053 0.005 0.001 0.    0.    0.    0.    0.    0.   ]
 [0.993 0.005 0.002 0.    0.    0.    0.    0.    0.    0.   ]
 [0.961 0.037 0.002 0.    0.    0.    0.    0.    0.    0.   ]
 [0.775 0.218 0.007 0.    0.    0.    0.    0.    0.    0.   ]
 [0.957 0.043 0.    0.    0.    0.    0.    0.    0.    0.   ]]
[2025-06-14 01:25:52,569 INFO] 100 iteration, USE_EMA: True, {'train/sup_loss': tensor(1.8436, device='cuda:0'), 'train/unsup_loss': tensor(0.0053, device='cuda:0'), 'train/total_loss': tensor(1.8502, device='cuda:0'), 'lr': 0.029999277349792332, 'train/prefecth_time': 0.10310246276855468, 'train/run_time': 0.11018521881103516, 'eval/loss': tensor(4.4140, device='cuda:0'), 'eval/top-1-acc': 0.0798, 'eval/top-5-acc': np.float64(0.4973)}, BEST_EVAL_ACC: 0.0909, at 0 iters
[2025-06-14 01:26:18,040 INFO] confusion matrix:
[[0.811 0.004 0.177 0.008 0.    0.    0.    0.    0.    0.   ]
 [0.996 0.    0.003 0.001 0.    0.    0.    0.    0.    0.   ]
 [0.827 0.    0.063 0.11  0.    0.    0.    0.    0.    0.   ]
 [0.963 0.    0.024 0.013 0.    0.    0.    0.    0.    0.   ]
 [0.853 0.    0.034 0.112 0.001 0.    0.    0.    0.    0.   ]
 [0.949 0.    0.037 0.014 0.    0.    0.    0.    0.    0.   ]
 [0.924 0.    0.005 0.07  0.    0.    0.    0.    0.    0.001]
 [0.973 0.    0.014 0.013 0.    0.    0.    0.    0.    0.   ]
 [0.908 0.    0.087 0.005 0.    0.    0.    0.    0.    0.   ]
 [0.992 0.    0.007 0.001 0.    0.    0.    0.    0.    0.   ]]
[2025-06-14 01:26:18,048 INFO] 200 iteration, USE_EMA: True, {'train/sup_loss': tensor(1.9031, device='cuda:0'), 'train/unsup_loss': tensor(0.0088, device='cuda:0'), 'train/total_loss': tensor(1.9251, device='cuda:0'), 'lr': 0.02999713798215552, 'train/prefecth_time': 0.10487763214111329, 'train/run_time': 0.11222838592529297, 'eval/loss': tensor(2.9061, device='cuda:0'), 'eval/top-1-acc': 0.0888, 'eval/top-5-acc': np.float64(0.5176)}, BEST_EVAL_ACC: 0.0909, at 0 iters
[2025-06-14 01:26:43,307 INFO] confusion matrix:
[[0.88  0.    0.086 0.034 0.    0.    0.    0.    0.    0.   ]
 [0.992 0.    0.001 0.007 0.    0.    0.    0.    0.    0.   ]
 [0.723 0.    0.034 0.22  0.023 0.    0.    0.    0.    0.   ]
 [0.898 0.    0.017 0.085 0.    0.    0.    0.    0.    0.   ]
 [0.708 0.    0.014 0.261 0.017 0.    0.    0.    0.    0.   ]
 [0.874 0.    0.026 0.098 0.002 0.    0.    0.    0.    0.   ]
 [0.737 0.    0.005 0.254 0.003 0.    0.    0.    0.    0.001]
 [0.918 0.    0.008 0.073 0.001 0.    0.    0.    0.    0.   ]
 [0.952 0.    0.028 0.02  0.    0.    0.    0.    0.    0.   ]
 [0.99  0.    0.001 0.009 0.    0.    0.    0.    0.    0.   ]]
[2025-06-14 01:26:43,314 INFO] 300 iteration, USE_EMA: True, {'train/sup_loss': tensor(2.2269, device='cuda:0'), 'train/unsup_loss': tensor(0.0131, device='cuda:0'), 'train/total_loss': tensor(2.2758, device='cuda:0'), 'lr': 0.02999358192728497, 'train/prefecth_time': 0.09224192047119141, 'train/run_time': 0.11249680328369141, 'eval/loss': tensor(2.5315, device='cuda:0'), 'eval/top-1-acc': 0.1016, 'eval/top-5-acc': np.float64(0.5554)}, BEST_EVAL_ACC: 0.1016, at 300 iters
[2025-06-14 01:27:08,483 INFO] confusion matrix:
[[0.896 0.    0.046 0.047 0.002 0.    0.    0.    0.009 0.   ]
 [0.978 0.    0.    0.022 0.    0.    0.    0.    0.    0.   ]
 [0.621 0.    0.033 0.283 0.059 0.    0.    0.    0.004 0.   ]
 [0.777 0.    0.016 0.206 0.    0.    0.    0.    0.001 0.   ]
 [0.53  0.    0.021 0.375 0.067 0.    0.    0.    0.007 0.   ]
 [0.734 0.    0.032 0.227 0.007 0.    0.    0.    0.    0.   ]
 [0.486 0.    0.009 0.478 0.025 0.    0.    0.    0.002 0.   ]
 [0.8   0.    0.009 0.185 0.005 0.    0.    0.    0.001 0.   ]
 [0.956 0.    0.009 0.027 0.    0.    0.    0.    0.008 0.   ]
 [0.967 0.    0.001 0.031 0.    0.    0.    0.    0.001 0.   ]]
[2025-06-14 01:27:08,488 INFO] 400 iteration, USE_EMA: True, {'train/sup_loss': tensor(1.8764, device='cuda:0'), 'train/unsup_loss': tensor(0.0149, device='cuda:0'), 'train/total_loss': tensor(1.9509, device='cuda:0'), 'lr': 0.02998860935312395, 'train/prefecth_time': 0.0952811508178711, 'train/run_time': 0.11336236572265625, 'eval/loss': tensor(2.3752, device='cuda:0'), 'eval/top-1-acc': 0.121, 'eval/top-5-acc': np.float64(0.5903)}, BEST_EVAL_ACC: 0.121, at 400 iters
[2025-06-14 01:27:34,083 INFO] confusion matrix:
[[0.824 0.    0.038 0.047 0.005 0.    0.    0.    0.086 0.   ]
 [0.874 0.    0.    0.073 0.    0.    0.    0.    0.053 0.   ]
 [0.464 0.    0.086 0.322 0.079 0.    0.    0.    0.049 0.   ]
 [0.526 0.    0.022 0.43  0.006 0.    0.    0.    0.016 0.   ]
 [0.295 0.    0.05  0.468 0.106 0.    0.    0.    0.081 0.   ]
 [0.486 0.    0.044 0.439 0.015 0.    0.    0.    0.016 0.   ]
 [0.242 0.    0.021 0.63  0.076 0.    0.    0.    0.031 0.   ]
 [0.58  0.    0.026 0.362 0.011 0.    0.    0.    0.021 0.   ]
 [0.822 0.    0.005 0.025 0.    0.    0.    0.    0.148 0.   ]
 [0.878 0.    0.001 0.092 0.    0.    0.    0.    0.029 0.   ]]
[2025-06-14 01:27:34,089 INFO] 500 iteration, USE_EMA: True, {'train/sup_loss': tensor(1.3687, device='cuda:0'), 'train/unsup_loss': tensor(0.0061, device='cuda:0'), 'train/total_loss': tensor(1.4068, device='cuda:0'), 'lr': 0.02998222049451428, 'train/prefecth_time': 0.09112371063232422, 'train/run_time': 0.11493452453613281, 'eval/loss': tensor(2.2803, device='cuda:0'), 'eval/top-1-acc': 0.1594, 'eval/top-5-acc': np.float64(0.6134)}, BEST_EVAL_ACC: 0.1594, at 500 iters
[2025-06-14 01:27:59,807 INFO] confusion matrix:
[[0.728 0.    0.036 0.032 0.004 0.    0.    0.    0.2   0.   ]
 [0.592 0.    0.    0.112 0.    0.    0.    0.    0.296 0.   ]
 [0.351 0.    0.186 0.265 0.052 0.    0.    0.    0.146 0.   ]
 [0.353 0.    0.03  0.527 0.008 0.    0.    0.    0.082 0.   ]
 [0.164 0.    0.145 0.393 0.091 0.    0.    0.    0.207 0.   ]
 [0.282 0.    0.08  0.564 0.012 0.    0.    0.    0.062 0.   ]
 [0.145 0.    0.071 0.597 0.096 0.    0.    0.    0.091 0.   ]
 [0.396 0.    0.051 0.414 0.02  0.    0.    0.    0.119 0.   ]
 [0.554 0.    0.006 0.022 0.    0.    0.    0.    0.418 0.   ]
 [0.615 0.    0.002 0.122 0.001 0.    0.    0.    0.259 0.001]]
[2025-06-14 01:27:59,812 INFO] 600 iteration, USE_EMA: True, {'train/sup_loss': tensor(1.3669, device='cuda:0'), 'train/unsup_loss': tensor(0.0073, device='cuda:0'), 'train/total_loss': tensor(1.4217, device='cuda:0'), 'lr': 0.029974415653185222, 'train/prefecth_time': 0.09446640014648437, 'train/run_time': 0.11523305511474609, 'eval/loss': tensor(2.2183, device='cuda:0'), 'eval/top-1-acc': 0.1951, 'eval/top-5-acc': np.float64(0.6313)}, BEST_EVAL_ACC: 0.1951, at 600 iters
[2025-06-14 01:28:25,360 INFO] confusion matrix:
[[0.629 0.    0.03  0.031 0.001 0.    0.    0.    0.309 0.   ]
 [0.342 0.    0.002 0.152 0.    0.    0.    0.    0.504 0.   ]
 [0.263 0.    0.284 0.247 0.027 0.    0.    0.    0.179 0.   ]
 [0.229 0.    0.052 0.584 0.011 0.    0.    0.    0.123 0.001]
 [0.098 0.    0.261 0.325 0.074 0.    0.    0.    0.242 0.   ]
 [0.179 0.    0.119 0.612 0.005 0.001 0.    0.    0.084 0.   ]
 [0.112 0.    0.131 0.541 0.116 0.    0.    0.    0.1   0.   ]
 [0.234 0.    0.092 0.444 0.029 0.    0.    0.    0.198 0.003]
 [0.309 0.    0.003 0.013 0.    0.    0.    0.    0.675 0.   ]
 [0.311 0.    0.004 0.14  0.002 0.    0.    0.    0.539 0.004]]
[2025-06-14 01:28:25,365 INFO] 700 iteration, USE_EMA: True, {'train/sup_loss': tensor(1.8842, device='cuda:0'), 'train/unsup_loss': tensor(0.0122, device='cuda:0'), 'train/total_loss': tensor(1.9906, device='cuda:0'), 'lr': 0.029965195197739245, 'train/prefecth_time': 0.09304370880126953, 'train/run_time': 0.11608204650878906, 'eval/loss': tensor(2.1632, device='cuda:0'), 'eval/top-1-acc': 0.2251, 'eval/top-5-acc': np.float64(0.6455)}, BEST_EVAL_ACC: 0.2251, at 700 iters
[2025-06-14 01:28:50,805 INFO] confusion matrix:
[[0.584 0.    0.032 0.028 0.001 0.    0.    0.    0.354 0.001]
 [0.227 0.001 0.007 0.159 0.002 0.    0.    0.    0.598 0.006]
 [0.22  0.    0.376 0.216 0.022 0.    0.    0.    0.166 0.   ]
 [0.18  0.    0.1   0.585 0.012 0.    0.    0.    0.122 0.001]
 [0.074 0.    0.36  0.274 0.08  0.    0.    0.    0.212 0.   ]
 [0.129 0.    0.165 0.602 0.006 0.002 0.    0.    0.096 0.   ]
 [0.088 0.    0.218 0.478 0.133 0.    0.    0.    0.083 0.   ]
 [0.16  0.    0.162 0.424 0.046 0.    0.    0.    0.201 0.007]
 [0.189 0.    0.007 0.015 0.    0.    0.    0.    0.789 0.   ]
 [0.184 0.001 0.01  0.145 0.003 0.    0.    0.    0.635 0.022]]
[2025-06-14 01:28:50,813 INFO] 800 iteration, USE_EMA: True, {'train/sup_loss': tensor(1.5732, device='cuda:0'), 'train/unsup_loss': tensor(0.0088, device='cuda:0'), 'train/total_loss': tensor(1.6609, device='cuda:0'), 'lr': 0.029954559563634613, 'train/prefecth_time': 0.08899356842041016, 'train/run_time': 0.11441049957275391, 'eval/loss': tensor(2.1014, device='cuda:0'), 'eval/top-1-acc': 0.2439, 'eval/top-5-acc': np.float64(0.6788)}, BEST_EVAL_ACC: 0.2439, at 800 iters
[2025-06-14 01:29:16,174 INFO] confusion matrix:
[[0.587 0.    0.037 0.028 0.001 0.    0.    0.    0.346 0.001]
 [0.197 0.012 0.013 0.191 0.002 0.    0.    0.    0.558 0.027]
 [0.203 0.    0.432 0.197 0.025 0.    0.    0.    0.143 0.   ]
 [0.143 0.    0.144 0.595 0.015 0.    0.    0.    0.101 0.002]
 [0.069 0.    0.422 0.25  0.113 0.    0.    0.    0.146 0.   ]
 [0.108 0.    0.206 0.597 0.011 0.006 0.    0.    0.072 0.   ]
 [0.068 0.    0.264 0.447 0.166 0.    0.002 0.    0.053 0.   ]
 [0.124 0.    0.221 0.403 0.084 0.    0.    0.002 0.157 0.009]
 [0.149 0.    0.009 0.02  0.    0.    0.    0.    0.822 0.   ]
 [0.133 0.003 0.015 0.176 0.003 0.    0.    0.    0.611 0.059]]
[2025-06-14 01:29:16,179 INFO] 900 iteration, USE_EMA: True, {'train/sup_loss': tensor(1.4495, device='cuda:0'), 'train/unsup_loss': tensor(0.0062, device='cuda:0'), 'train/total_loss': tensor(1.5188, device='cuda:0'), 'lr': 0.029942509253164804, 'train/prefecth_time': 0.09076121520996094, 'train/run_time': 0.11477926635742187, 'eval/loss': tensor(2.0271, device='cuda:0'), 'eval/top-1-acc': 0.263, 'eval/top-5-acc': np.float64(0.7245)}, BEST_EVAL_ACC: 0.263, at 900 iters
[2025-06-14 01:29:41,580 INFO] confusion matrix:
[[0.581 0.001 0.043 0.031 0.    0.    0.    0.    0.343 0.001]
 [0.18  0.039 0.015 0.189 0.003 0.    0.    0.    0.544 0.03 ]
 [0.192 0.    0.466 0.197 0.028 0.001 0.    0.    0.116 0.   ]
 [0.113 0.    0.15  0.628 0.02  0.001 0.    0.    0.086 0.002]
 [0.064 0.    0.417 0.239 0.169 0.    0.    0.    0.111 0.   ]
 [0.078 0.    0.215 0.618 0.017 0.014 0.    0.    0.058 0.   ]
 [0.052 0.    0.26  0.435 0.208 0.    0.007 0.    0.038 0.   ]
 [0.098 0.    0.215 0.387 0.133 0.005 0.    0.01  0.14  0.012]
 [0.134 0.    0.012 0.023 0.001 0.    0.    0.    0.83  0.   ]
 [0.096 0.01  0.015 0.188 0.005 0.    0.    0.    0.582 0.104]]
[2025-06-14 01:29:41,585 INFO] 1000 iteration, USE_EMA: True, {'train/sup_loss': tensor(1.6394, device='cuda:0'), 'train/unsup_loss': tensor(0.0098, device='cuda:0'), 'train/total_loss': tensor(1.7614, device='cuda:0'), 'lr': 0.029929044835434817, 'train/prefecth_time': 0.1479291229248047, 'train/run_time': 0.11797503662109375, 'eval/loss': tensor(1.9442, device='cuda:0'), 'eval/top-1-acc': 0.2848, 'eval/top-5-acc': np.float64(0.776)}, BEST_EVAL_ACC: 0.2848, at 1000 iters
[2025-06-14 01:30:07,322 INFO] confusion matrix:
[[0.586 0.001 0.049 0.03  0.001 0.    0.    0.    0.332 0.001]
 [0.16  0.079 0.014 0.19  0.003 0.    0.    0.    0.509 0.045]
 [0.174 0.    0.5   0.195 0.033 0.001 0.    0.    0.097 0.   ]
 [0.096 0.    0.152 0.656 0.023 0.001 0.001 0.    0.069 0.002]
 [0.059 0.    0.404 0.227 0.22  0.    0.    0.    0.09  0.   ]
 [0.059 0.    0.214 0.631 0.02  0.026 0.    0.    0.05  0.   ]
 [0.04  0.    0.264 0.425 0.225 0.    0.018 0.    0.027 0.001]
 [0.079 0.    0.217 0.378 0.167 0.013 0.    0.022 0.105 0.019]
 [0.117 0.    0.011 0.027 0.002 0.    0.    0.    0.843 0.   ]
 [0.068 0.011 0.016 0.187 0.01  0.    0.    0.    0.544 0.164]]
[2025-06-14 01:30:07,328 INFO] 1100 iteration, USE_EMA: True, {'train/sup_loss': tensor(1.5238, device='cuda:0'), 'train/unsup_loss': tensor(0.0082, device='cuda:0'), 'train/total_loss': tensor(1.6362, device='cuda:0'), 'lr': 0.029914166946334277, 'train/prefecth_time': 0.13941818237304687, 'train/run_time': 0.11776367950439454, 'eval/loss': tensor(1.8639, device='cuda:0'), 'eval/top-1-acc': 0.3114, 'eval/top-5-acc': np.float64(0.8157)}, BEST_EVAL_ACC: 0.3114, at 1100 iters
[2025-06-14 01:30:33,210 INFO] confusion matrix:
[[0.615 0.001 0.051 0.029 0.002 0.001 0.    0.    0.297 0.004]
 [0.142 0.15  0.012 0.183 0.006 0.    0.001 0.    0.447 0.059]
 [0.158 0.    0.526 0.201 0.04  0.001 0.    0.    0.073 0.001]
 [0.083 0.001 0.142 0.684 0.028 0.004 0.001 0.    0.054 0.003]
 [0.049 0.    0.361 0.219 0.296 0.    0.    0.    0.075 0.   ]
 [0.051 0.    0.198 0.637 0.022 0.053 0.    0.    0.039 0.   ]
 [0.034 0.    0.237 0.414 0.249 0.    0.045 0.    0.02  0.001]
 [0.064 0.    0.183 0.373 0.199 0.025 0.    0.055 0.079 0.022]
 [0.1   0.001 0.013 0.031 0.003 0.    0.    0.    0.852 0.   ]
 [0.061 0.013 0.012 0.192 0.014 0.    0.    0.    0.475 0.233]]
[2025-06-14 01:30:33,215 INFO] 1200 iteration, USE_EMA: True, {'train/sup_loss': tensor(1.3739, device='cuda:0'), 'train/unsup_loss': tensor(0.0053, device='cuda:0'), 'train/total_loss': tensor(1.4528, device='cuda:0'), 'lr': 0.029897876288507395, 'train/prefecth_time': 0.1391336669921875, 'train/run_time': 0.11586112213134765, 'eval/loss': tensor(1.7694, device='cuda:0'), 'eval/top-1-acc': 0.3509, 'eval/top-5-acc': np.float64(0.8576)}, BEST_EVAL_ACC: 0.3509, at 1200 iters
[2025-06-14 01:30:59,230 INFO] confusion matrix:
[[0.643 0.002 0.063 0.032 0.003 0.001 0.    0.    0.251 0.005]
 [0.129 0.252 0.012 0.168 0.009 0.    0.001 0.    0.362 0.067]
 [0.145 0.001 0.544 0.193 0.057 0.002 0.001 0.    0.056 0.001]
 [0.069 0.001 0.141 0.699 0.036 0.009 0.001 0.    0.04  0.004]
 [0.049 0.    0.31  0.204 0.382 0.    0.001 0.002 0.052 0.   ]
 [0.05  0.    0.173 0.625 0.035 0.088 0.001 0.    0.028 0.   ]
 [0.027 0.001 0.212 0.385 0.27  0.001 0.086 0.    0.017 0.001]
 [0.053 0.001 0.154 0.33  0.222 0.034 0.    0.128 0.053 0.025]
 [0.092 0.001 0.013 0.032 0.004 0.    0.    0.    0.858 0.   ]
 [0.051 0.02  0.012 0.171 0.018 0.    0.    0.    0.372 0.356]]
[2025-06-14 01:30:59,236 INFO] 1300 iteration, USE_EMA: True, {'train/sup_loss': tensor(1.2587, device='cuda:0'), 'train/unsup_loss': tensor(0.0079, device='cuda:0'), 'train/total_loss': tensor(1.3868, device='cuda:0'), 'lr': 0.029880173631319812, 'train/prefecth_time': 0.1000305938720703, 'train/run_time': 0.11558707427978515, 'eval/loss': tensor(1.6650, device='cuda:0'), 'eval/top-1-acc': 0.4036, 'eval/top-5-acc': np.float64(0.8952)}, BEST_EVAL_ACC: 0.4036, at 1300 iters
[2025-06-14 01:31:25,188 INFO] confusion matrix:
[[0.655 0.002 0.063 0.034 0.004 0.001 0.    0.001 0.234 0.006]
 [0.119 0.356 0.012 0.143 0.011 0.002 0.001 0.    0.284 0.072]
 [0.133 0.001 0.543 0.197 0.069 0.005 0.005 0.    0.046 0.001]
 [0.056 0.002 0.134 0.716 0.04  0.012 0.002 0.    0.034 0.004]
 [0.046 0.    0.264 0.197 0.441 0.002 0.003 0.002 0.045 0.   ]
 [0.039 0.    0.159 0.604 0.043 0.133 0.001 0.    0.021 0.   ]
 [0.02  0.001 0.198 0.367 0.259 0.001 0.14  0.    0.013 0.001]
 [0.042 0.001 0.115 0.294 0.244 0.051 0.    0.188 0.04  0.025]
 [0.081 0.003 0.011 0.036 0.006 0.001 0.    0.    0.861 0.001]
 [0.047 0.022 0.012 0.152 0.02  0.001 0.    0.    0.304 0.442]]
[2025-06-14 01:31:25,193 INFO] 1400 iteration, USE_EMA: True, {'train/sup_loss': tensor(0.8535, device='cuda:0'), 'train/unsup_loss': tensor(0.0074, device='cuda:0'), 'train/total_loss': tensor(0.9823, device='cuda:0'), 'lr': 0.02986105981082222, 'train/prefecth_time': 0.09662770843505859, 'train/run_time': 0.11515570831298828, 'eval/loss': tensor(1.5668, device='cuda:0'), 'eval/top-1-acc': 0.4475, 'eval/top-5-acc': np.float64(0.9195)}, BEST_EVAL_ACC: 0.4475, at 1400 iters
[2025-06-14 01:31:51,137 INFO] confusion matrix:
[[0.671 0.002 0.063 0.035 0.005 0.001 0.    0.002 0.212 0.009]
 [0.1   0.46  0.01  0.124 0.009 0.004 0.001 0.    0.211 0.081]
 [0.128 0.002 0.544 0.191 0.075 0.009 0.009 0.    0.04  0.002]
 [0.051 0.002 0.117 0.735 0.039 0.024 0.002 0.    0.026 0.004]
 [0.045 0.002 0.231 0.196 0.477 0.003 0.006 0.007 0.033 0.   ]
 [0.037 0.    0.144 0.56  0.046 0.192 0.003 0.    0.018 0.   ]
 [0.02  0.001 0.185 0.359 0.22  0.001 0.203 0.    0.011 0.   ]
 [0.039 0.002 0.096 0.262 0.231 0.063 0.    0.259 0.029 0.019]
 [0.068 0.004 0.01  0.038 0.006 0.001 0.    0.    0.872 0.001]
 [0.041 0.028 0.009 0.13  0.021 0.003 0.    0.    0.247 0.521]]
[2025-06-14 01:31:51,144 INFO] 1500 iteration, USE_EMA: True, {'train/sup_loss': tensor(0.9266, device='cuda:0'), 'train/unsup_loss': tensor(0.0064, device='cuda:0'), 'train/total_loss': tensor(1.0475, device='cuda:0'), 'lr': 0.02984053572971093, 'train/prefecth_time': 0.0945722885131836, 'train/run_time': 0.11478947448730469, 'eval/loss': tensor(1.4706, device='cuda:0'), 'eval/top-1-acc': 0.4934, 'eval/top-5-acc': np.float64(0.9357)}, BEST_EVAL_ACC: 0.4934, at 1500 iters
[2025-06-14 01:32:16,702 INFO] confusion matrix:
[[0.686 0.006 0.063 0.038 0.006 0.001 0.    0.002 0.183 0.015]
 [0.085 0.54  0.009 0.105 0.01  0.005 0.001 0.    0.161 0.084]
 [0.127 0.002 0.539 0.183 0.081 0.018 0.014 0.    0.034 0.002]
 [0.045 0.002 0.102 0.741 0.037 0.038 0.006 0.001 0.024 0.004]
 [0.04  0.003 0.192 0.197 0.517 0.004 0.008 0.01  0.029 0.   ]
 [0.031 0.    0.121 0.536 0.05  0.247 0.003 0.    0.012 0.   ]
 [0.015 0.001 0.161 0.336 0.193 0.001 0.284 0.    0.009 0.   ]
 [0.035 0.002 0.078 0.233 0.227 0.073 0.001 0.318 0.019 0.014]
 [0.059 0.006 0.011 0.038 0.006 0.003 0.001 0.    0.873 0.003]
 [0.035 0.035 0.01  0.109 0.019 0.005 0.    0.001 0.196 0.59 ]]
[2025-06-14 01:32:16,710 INFO] 1600 iteration, USE_EMA: True, {'train/sup_loss': tensor(1.0391, device='cuda:0'), 'train/unsup_loss': tensor(0.0064, device='cuda:0'), 'train/total_loss': tensor(1.1670, device='cuda:0'), 'lr': 0.029818602357285205, 'train/prefecth_time': 0.09336627197265625, 'train/run_time': 0.11521059417724609, 'eval/loss': tensor(1.3803, device='cuda:0'), 'eval/top-1-acc': 0.5335, 'eval/top-5-acc': np.float64(0.9481)}, BEST_EVAL_ACC: 0.5335, at 1600 iters
[2025-06-14 01:32:42,271 INFO] confusion matrix:
[[0.705 0.007 0.061 0.04  0.006 0.001 0.    0.002 0.162 0.016]
 [0.075 0.601 0.008 0.097 0.01  0.005 0.001 0.    0.127 0.076]
 [0.126 0.002 0.534 0.178 0.09  0.022 0.017 0.001 0.028 0.002]
 [0.043 0.002 0.092 0.739 0.038 0.052 0.01  0.001 0.019 0.004]
 [0.036 0.003 0.151 0.178 0.572 0.006 0.01  0.018 0.026 0.   ]
 [0.028 0.    0.101 0.493 0.052 0.309 0.003 0.004 0.01  0.   ]
 [0.015 0.001 0.143 0.3   0.184 0.002 0.346 0.    0.009 0.   ]
 [0.029 0.002 0.064 0.204 0.211 0.086 0.001 0.377 0.011 0.015]
 [0.059 0.006 0.011 0.037 0.006 0.004 0.001 0.    0.872 0.004]
 [0.036 0.034 0.009 0.1   0.015 0.006 0.001 0.001 0.152 0.646]]
[2025-06-14 01:32:42,278 INFO] 1700 iteration, USE_EMA: True, {'train/sup_loss': tensor(0.8566, device='cuda:0'), 'train/unsup_loss': tensor(0.0051, device='cuda:0'), 'train/total_loss': tensor(0.9655, device='cuda:0'), 'lr': 0.02979526072940148, 'train/prefecth_time': 0.09773049926757812, 'train/run_time': 0.11623628997802735, 'eval/loss': tensor(1.2996, device='cuda:0'), 'eval/top-1-acc': 0.5701, 'eval/top-5-acc': np.float64(0.9568)}, BEST_EVAL_ACC: 0.5701, at 1700 iters
[2025-06-14 01:33:07,898 INFO] confusion matrix:
[[0.715 0.011 0.062 0.037 0.006 0.001 0.002 0.003 0.145 0.018]
 [0.068 0.658 0.005 0.081 0.012 0.005 0.001 0.001 0.095 0.074]
 [0.118 0.002 0.532 0.172 0.1   0.026 0.021 0.001 0.026 0.002]
 [0.04  0.002 0.081 0.737 0.04  0.066 0.013 0.001 0.017 0.003]
 [0.033 0.003 0.136 0.169 0.591 0.011 0.014 0.02  0.023 0.   ]
 [0.024 0.    0.092 0.46  0.051 0.354 0.003 0.006 0.01  0.   ]
 [0.014 0.001 0.132 0.267 0.156 0.002 0.421 0.    0.007 0.   ]
 [0.022 0.002 0.056 0.186 0.195 0.09  0.001 0.424 0.01  0.014]
 [0.058 0.008 0.011 0.036 0.007 0.004 0.002 0.    0.87  0.004]
 [0.033 0.038 0.009 0.084 0.015 0.005 0.002 0.002 0.12  0.692]]
[2025-06-14 01:33:07,904 INFO] 1800 iteration, USE_EMA: True, {'train/sup_loss': tensor(0.8046, device='cuda:0'), 'train/unsup_loss': tensor(0.0072, device='cuda:0'), 'train/total_loss': tensor(0.9658, device='cuda:0'), 'lr': 0.029770511948424474, 'train/prefecth_time': 0.09796256256103515, 'train/run_time': 0.11514620971679687, 'eval/loss': tensor(1.2263, device='cuda:0'), 'eval/top-1-acc': 0.5994, 'eval/top-5-acc': np.float64(0.9625)}, BEST_EVAL_ACC: 0.5994, at 1800 iters
[2025-06-14 01:33:33,705 INFO] confusion matrix:
[[0.73  0.013 0.057 0.043 0.006 0.001 0.003 0.003 0.123 0.021]
 [0.055 0.704 0.005 0.071 0.011 0.005 0.002 0.001 0.076 0.07 ]
 [0.115 0.001 0.527 0.171 0.103 0.031 0.025 0.003 0.022 0.002]
 [0.037 0.002 0.073 0.736 0.039 0.074 0.02  0.002 0.013 0.004]
 [0.033 0.002 0.123 0.166 0.594 0.015 0.017 0.027 0.023 0.   ]
 [0.022 0.    0.082 0.442 0.05  0.386 0.004 0.006 0.007 0.001]
 [0.014 0.001 0.125 0.25  0.134 0.004 0.468 0.    0.004 0.   ]
 [0.029 0.002 0.045 0.162 0.167 0.09  0.001 0.482 0.008 0.014]
 [0.056 0.009 0.008 0.037 0.007 0.005 0.002 0.    0.872 0.004]
 [0.031 0.042 0.007 0.076 0.013 0.005 0.004 0.002 0.093 0.727]]
[2025-06-14 01:33:33,710 INFO] 1900 iteration, USE_EMA: True, {'train/sup_loss': tensor(1.6519, device='cuda:0'), 'train/unsup_loss': tensor(0.0093, device='cuda:0'), 'train/total_loss': tensor(1.8724, device='cuda:0'), 'lr': 0.02974435718317509, 'train/prefecth_time': 0.10278562927246093, 'train/run_time': 0.11962713623046875, 'eval/loss': tensor(1.1618, device='cuda:0'), 'eval/top-1-acc': 0.6226, 'eval/top-5-acc': np.float64(0.9672)}, BEST_EVAL_ACC: 0.6226, at 1900 iters
[2025-06-14 01:33:59,308 INFO] confusion matrix:
[[0.743 0.013 0.054 0.042 0.006 0.002 0.004 0.005 0.104 0.027]
 [0.045 0.735 0.004 0.063 0.009 0.008 0.003 0.001 0.06  0.072]
 [0.114 0.001 0.522 0.161 0.103 0.04  0.032 0.004 0.021 0.002]
 [0.036 0.002 0.063 0.729 0.035 0.09  0.026 0.003 0.011 0.005]
 [0.034 0.002 0.108 0.154 0.611 0.016 0.02  0.036 0.019 0.   ]
 [0.019 0.    0.073 0.41  0.049 0.429 0.004 0.008 0.007 0.001]
 [0.014 0.001 0.113 0.232 0.113 0.007 0.516 0.    0.004 0.   ]
 [0.029 0.001 0.042 0.144 0.155 0.095 0.001 0.512 0.007 0.014]
 [0.058 0.012 0.01  0.036 0.007 0.005 0.002 0.    0.865 0.005]
 [0.026 0.041 0.007 0.069 0.01  0.004 0.004 0.002 0.07  0.767]]
[2025-06-14 01:33:59,313 INFO] 2000 iteration, USE_EMA: True, {'train/sup_loss': tensor(1.8055, device='cuda:0'), 'train/unsup_loss': tensor(0.0157, device='cuda:0'), 'train/total_loss': tensor(2.1984, device='cuda:0'), 'lr': 0.029716797668875233, 'train/prefecth_time': 0.08981298828125, 'train/run_time': 0.11518624114990235, 'eval/loss': tensor(1.1048, device='cuda:0'), 'eval/top-1-acc': 0.6429, 'eval/top-5-acc': np.float64(0.9709)}, BEST_EVAL_ACC: 0.6429, at 2000 iters
[2025-06-14 01:34:25,027 INFO] confusion matrix:
[[0.755 0.015 0.052 0.04  0.007 0.002 0.003 0.006 0.09  0.03 ]
 [0.039 0.772 0.004 0.056 0.005 0.007 0.004 0.001 0.045 0.067]
 [0.113 0.001 0.526 0.154 0.099 0.042 0.037 0.006 0.019 0.003]
 [0.035 0.002 0.059 0.722 0.032 0.1   0.03  0.004 0.011 0.005]
 [0.036 0.002 0.095 0.155 0.613 0.014 0.028 0.044 0.013 0.   ]
 [0.019 0.    0.068 0.376 0.046 0.468 0.004 0.012 0.006 0.001]
 [0.012 0.    0.104 0.223 0.097 0.008 0.553 0.    0.003 0.   ]
 [0.028 0.001 0.044 0.134 0.13  0.091 0.002 0.55  0.007 0.013]
 [0.066 0.012 0.01  0.036 0.007 0.005 0.002 0.    0.856 0.006]
 [0.025 0.04  0.007 0.061 0.008 0.004 0.004 0.002 0.054 0.795]]
[2025-06-14 01:34:25,032 INFO] 2100 iteration, USE_EMA: True, {'train/sup_loss': tensor(0.9326, device='cuda:0'), 'train/unsup_loss': tensor(0.0068, device='cuda:0'), 'train/total_loss': tensor(1.1110, device='cuda:0'), 'lr': 0.02968783470708948, 'train/prefecth_time': 0.10642134094238281, 'train/run_time': 0.11513446044921875, 'eval/loss': tensor(1.0532, device='cuda:0'), 'eval/top-1-acc': 0.661, 'eval/top-5-acc': np.float64(0.9734)}, BEST_EVAL_ACC: 0.661, at 2100 iters
[2025-06-14 01:34:50,463 INFO] confusion matrix:
[[0.756 0.016 0.052 0.041 0.006 0.002 0.005 0.005 0.083 0.034]
 [0.037 0.789 0.004 0.042 0.005 0.008 0.006 0.001 0.041 0.067]
 [0.109 0.001 0.524 0.151 0.098 0.046 0.042 0.008 0.019 0.002]
 [0.03  0.002 0.055 0.715 0.031 0.115 0.032 0.004 0.01  0.006]
 [0.034 0.002 0.085 0.139 0.626 0.017 0.033 0.051 0.013 0.   ]
 [0.015 0.    0.061 0.346 0.044 0.506 0.005 0.016 0.006 0.001]
 [0.01  0.    0.092 0.202 0.076 0.009 0.609 0.    0.002 0.   ]
 [0.029 0.001 0.038 0.121 0.118 0.092 0.002 0.583 0.006 0.01 ]
 [0.064 0.01  0.008 0.034 0.005 0.006 0.004 0.    0.861 0.008]
 [0.025 0.04  0.007 0.055 0.007 0.004 0.005 0.002 0.05  0.805]]
[2025-06-14 01:34:50,469 INFO] 2200 iteration, USE_EMA: True, {'train/sup_loss': tensor(1.2733, device='cuda:0'), 'train/unsup_loss': tensor(0.0081, device='cuda:0'), 'train/total_loss': tensor(1.4948, device='cuda:0'), 'lr': 0.029657469665663596, 'train/prefecth_time': 0.09536406707763671, 'train/run_time': 0.11524931335449219, 'eval/loss': tensor(1.0036, device='cuda:0'), 'eval/top-1-acc': 0.6774, 'eval/top-5-acc': np.float64(0.9758)}, BEST_EVAL_ACC: 0.6774, at 2200 iters
[2025-06-14 01:35:16,012 INFO] confusion matrix:
[[0.762 0.018 0.049 0.034 0.006 0.003 0.006 0.006 0.075 0.041]
 [0.036 0.808 0.005 0.031 0.004 0.008 0.009 0.002 0.034 0.063]
 [0.108 0.001 0.529 0.142 0.094 0.049 0.048 0.011 0.014 0.004]
 [0.029 0.002 0.05  0.697 0.028 0.129 0.041 0.007 0.01  0.007]
 [0.033 0.002 0.08  0.13  0.627 0.019 0.044 0.053 0.012 0.   ]
 [0.013 0.    0.055 0.318 0.044 0.539 0.007 0.017 0.006 0.001]
 [0.01  0.    0.083 0.17  0.058 0.009 0.668 0.    0.002 0.   ]
 [0.03  0.001 0.035 0.106 0.102 0.097 0.005 0.607 0.006 0.011]
 [0.063 0.011 0.008 0.028 0.002 0.007 0.005 0.001 0.866 0.009]
 [0.025 0.042 0.006 0.044 0.007 0.003 0.005 0.004 0.043 0.821]]
[2025-06-14 01:35:16,018 INFO] 2300 iteration, USE_EMA: True, {'train/sup_loss': tensor(0.7958, device='cuda:0'), 'train/unsup_loss': tensor(0.0073, device='cuda:0'), 'train/total_loss': tensor(1.0047, device='cuda:0'), 'lr': 0.029625703978659948, 'train/prefecth_time': 0.09122905731201172, 'train/run_time': 0.11520355224609374, 'eval/loss': tensor(0.9564, device='cuda:0'), 'eval/top-1-acc': 0.6924, 'eval/top-5-acc': np.float64(0.9776)}, BEST_EVAL_ACC: 0.6924, at 2300 iters
[2025-06-14 01:35:41,405 INFO] confusion matrix:
[[0.764 0.018 0.048 0.032 0.007 0.004 0.007 0.007 0.071 0.042]
 [0.03  0.826 0.005 0.027 0.003 0.008 0.009 0.002 0.03  0.06 ]
 [0.103 0.    0.532 0.126 0.096 0.056 0.058 0.012 0.012 0.005]
 [0.028 0.003 0.048 0.685 0.029 0.136 0.047 0.007 0.01  0.007]
 [0.028 0.002 0.073 0.129 0.632 0.018 0.05  0.055 0.013 0.   ]
 [0.011 0.002 0.049 0.289 0.043 0.571 0.009 0.02  0.005 0.001]
 [0.01  0.    0.066 0.157 0.048 0.012 0.706 0.    0.001 0.   ]
 [0.024 0.001 0.031 0.096 0.092 0.101 0.007 0.631 0.006 0.011]
 [0.063 0.012 0.008 0.025 0.001 0.007 0.006 0.001 0.867 0.01 ]
 [0.024 0.044 0.007 0.035 0.005 0.003 0.006 0.004 0.041 0.831]]
[2025-06-14 01:35:41,410 INFO] 2400 iteration, USE_EMA: True, {'train/sup_loss': tensor(1.4487, device='cuda:0'), 'train/unsup_loss': tensor(0.0088, device='cuda:0'), 'train/total_loss': tensor(1.7119, device='cuda:0'), 'lr': 0.02959253914628976, 'train/prefecth_time': 0.10206774139404297, 'train/run_time': 0.11795222473144532, 'eval/loss': tensor(0.9171, device='cuda:0'), 'eval/top-1-acc': 0.7045, 'eval/top-5-acc': np.float64(0.9786)}, BEST_EVAL_ACC: 0.7045, at 2400 iters
[2025-06-14 01:36:06,794 INFO] confusion matrix:
[[0.769 0.019 0.047 0.03  0.007 0.004 0.01  0.008 0.065 0.041]
 [0.029 0.844 0.004 0.02  0.002 0.007 0.008 0.002 0.025 0.059]
 [0.103 0.    0.53  0.118 0.102 0.058 0.062 0.01  0.01  0.007]
 [0.029 0.003 0.048 0.678 0.03  0.138 0.048 0.009 0.01  0.007]
 [0.027 0.002 0.068 0.12  0.641 0.019 0.051 0.06  0.012 0.   ]
 [0.012 0.002 0.048 0.263 0.042 0.595 0.012 0.02  0.005 0.001]
 [0.01  0.    0.064 0.137 0.043 0.013 0.732 0.    0.001 0.   ]
 [0.026 0.001 0.032 0.086 0.083 0.101 0.008 0.646 0.006 0.011]
 [0.062 0.013 0.008 0.022 0.001 0.009 0.006 0.001 0.867 0.011]
 [0.023 0.045 0.006 0.027 0.005 0.003 0.006 0.004 0.037 0.844]]
[2025-06-14 01:36:06,799 INFO] 2500 iteration, USE_EMA: True, {'train/sup_loss': tensor(1.4989, device='cuda:0'), 'train/unsup_loss': tensor(0.0159, device='cuda:0'), 'train/total_loss': tensor(1.9973, device='cuda:0'), 'lr': 0.029557976734842277, 'train/prefecth_time': 0.1375599670410156, 'train/run_time': 0.11572761535644531, 'eval/loss': tensor(0.8839, device='cuda:0'), 'eval/top-1-acc': 0.7146, 'eval/top-5-acc': np.float64(0.9799)}, BEST_EVAL_ACC: 0.7146, at 2500 iters
[2025-06-14 01:36:32,388 INFO] confusion matrix:
[[0.766 0.02  0.047 0.029 0.007 0.004 0.01  0.009 0.065 0.043]
 [0.024 0.862 0.004 0.016 0.002 0.007 0.009 0.002 0.017 0.057]
 [0.1   0.    0.533 0.112 0.096 0.063 0.065 0.013 0.011 0.007]
 [0.028 0.003 0.05  0.668 0.028 0.144 0.053 0.009 0.009 0.008]
 [0.028 0.002 0.064 0.116 0.642 0.018 0.056 0.063 0.011 0.   ]
 [0.011 0.002 0.044 0.25  0.042 0.612 0.011 0.021 0.005 0.002]
 [0.01  0.    0.062 0.122 0.037 0.014 0.754 0.    0.001 0.   ]
 [0.024 0.001 0.028 0.082 0.074 0.098 0.008 0.668 0.005 0.012]
 [0.06  0.014 0.008 0.02  0.001 0.009 0.007 0.001 0.869 0.011]
 [0.022 0.047 0.006 0.02  0.002 0.003 0.006 0.004 0.032 0.858]]
[2025-06-14 01:36:32,393 INFO] 2600 iteration, USE_EMA: True, {'train/sup_loss': tensor(0.7034, device='cuda:0'), 'train/unsup_loss': tensor(0.0056, device='cuda:0'), 'train/total_loss': tensor(0.8841, device='cuda:0'), 'lr': 0.029522018376610795, 'train/prefecth_time': 0.12183817291259766, 'train/run_time': 0.11577970886230468, 'eval/loss': tensor(0.8554, device='cuda:0'), 'eval/top-1-acc': 0.7232, 'eval/top-5-acc': np.float64(0.9813)}, BEST_EVAL_ACC: 0.7232, at 2600 iters
[2025-06-14 01:36:57,937 INFO] confusion matrix:
[[0.773 0.02  0.046 0.025 0.007 0.007 0.007 0.009 0.062 0.044]
 [0.023 0.872 0.003 0.013 0.002 0.007 0.009 0.002 0.014 0.055]
 [0.099 0.    0.531 0.105 0.095 0.068 0.07  0.014 0.011 0.007]
 [0.028 0.003 0.046 0.661 0.029 0.152 0.057 0.011 0.006 0.007]
 [0.026 0.002 0.057 0.109 0.645 0.022 0.059 0.07  0.01  0.   ]
 [0.01  0.002 0.042 0.226 0.04  0.64  0.013 0.022 0.003 0.002]
 [0.01  0.001 0.058 0.111 0.035 0.017 0.766 0.001 0.001 0.   ]
 [0.021 0.001 0.022 0.075 0.059 0.103 0.01  0.694 0.004 0.011]
 [0.06  0.016 0.006 0.018 0.001 0.01  0.007 0.001 0.867 0.014]
 [0.021 0.046 0.006 0.02  0.002 0.003 0.006 0.005 0.029 0.862]]
[2025-06-14 01:36:57,942 INFO] 2700 iteration, USE_EMA: True, {'train/sup_loss': tensor(1.6307, device='cuda:0'), 'train/unsup_loss': tensor(0.0203, device='cuda:0'), 'train/total_loss': tensor(2.3147, device='cuda:0'), 'lr': 0.029484665769815555, 'train/prefecth_time': 0.09148918151855469, 'train/run_time': 0.11439814758300781, 'eval/loss': tensor(0.8288, device='cuda:0'), 'eval/top-1-acc': 0.7311, 'eval/top-5-acc': np.float64(0.9823)}, BEST_EVAL_ACC: 0.7311, at 2700 iters
[2025-06-14 01:37:23,580 INFO] confusion matrix:
[[0.778 0.021 0.043 0.023 0.007 0.007 0.008 0.009 0.061 0.043]
 [0.019 0.883 0.003 0.012 0.002 0.005 0.009 0.003 0.011 0.053]
 [0.098 0.    0.538 0.095 0.095 0.068 0.072 0.018 0.01  0.006]
 [0.029 0.003 0.042 0.651 0.029 0.159 0.062 0.012 0.006 0.007]
 [0.025 0.002 0.054 0.103 0.64  0.024 0.064 0.077 0.011 0.   ]
 [0.01  0.002 0.038 0.206 0.039 0.663 0.014 0.022 0.004 0.002]
 [0.01  0.001 0.055 0.1   0.031 0.016 0.784 0.002 0.001 0.   ]
 [0.02  0.002 0.02  0.068 0.051 0.096 0.01  0.719 0.004 0.01 ]
 [0.063 0.016 0.006 0.018 0.    0.01  0.007 0.001 0.865 0.014]
 [0.02  0.049 0.006 0.015 0.002 0.003 0.006 0.005 0.025 0.869]]
[2025-06-14 01:37:23,588 INFO] 2800 iteration, USE_EMA: True, {'train/sup_loss': tensor(1.6130, device='cuda:0'), 'train/unsup_loss': tensor(0.0228, device='cuda:0'), 'train/total_loss': tensor(2.4102, device='cuda:0'), 'lr': 0.02944592067852356, 'train/prefecth_time': 0.09579344177246094, 'train/run_time': 0.1149796142578125, 'eval/loss': tensor(0.8053, device='cuda:0'), 'eval/top-1-acc': 0.739, 'eval/top-5-acc': np.float64(0.9832)}, BEST_EVAL_ACC: 0.739, at 2800 iters
[2025-06-14 01:37:48,887 INFO] confusion matrix:
[[0.784 0.021 0.039 0.019 0.007 0.007 0.012 0.011 0.059 0.041]
 [0.017 0.892 0.003 0.011 0.002 0.004 0.007 0.003 0.011 0.05 ]
 [0.098 0.    0.537 0.089 0.09  0.072 0.078 0.02  0.01  0.006]
 [0.027 0.004 0.042 0.641 0.029 0.165 0.065 0.013 0.006 0.008]
 [0.028 0.002 0.053 0.098 0.64  0.024 0.067 0.079 0.009 0.   ]
 [0.011 0.002 0.035 0.195 0.039 0.674 0.014 0.023 0.003 0.004]
 [0.009 0.001 0.045 0.087 0.028 0.019 0.808 0.002 0.001 0.   ]
 [0.019 0.002 0.022 0.055 0.048 0.094 0.012 0.735 0.003 0.01 ]
 [0.062 0.017 0.006 0.019 0.    0.009 0.007 0.001 0.866 0.013]
 [0.019 0.051 0.006 0.015 0.002 0.003 0.005 0.005 0.022 0.872]]
[2025-06-14 01:37:48,894 INFO] 2900 iteration, USE_EMA: True, {'train/sup_loss': tensor(1.6756, device='cuda:0'), 'train/unsup_loss': tensor(0.0173, device='cuda:0'), 'train/total_loss': tensor(2.3034, device='cuda:0'), 'lr': 0.02940578493256525, 'train/prefecth_time': 0.09116697692871094, 'train/run_time': 0.11458179473876953, 'eval/loss': tensor(0.7843, device='cuda:0'), 'eval/top-1-acc': 0.7449, 'eval/top-5-acc': np.float64(0.9841)}, BEST_EVAL_ACC: 0.7449, at 2900 iters
[2025-06-14 01:38:14,264 INFO] confusion matrix:
[[0.789 0.019 0.037 0.017 0.006 0.007 0.012 0.011 0.057 0.045]
 [0.015 0.894 0.003 0.011 0.002 0.004 0.008 0.001 0.012 0.05 ]
 [0.099 0.    0.535 0.087 0.087 0.071 0.086 0.02  0.009 0.006]
 [0.03  0.004 0.041 0.634 0.028 0.166 0.072 0.013 0.004 0.008]
 [0.028 0.002 0.046 0.096 0.645 0.026 0.068 0.08  0.009 0.   ]
 [0.011 0.002 0.032 0.18  0.039 0.692 0.015 0.023 0.002 0.004]
 [0.01  0.002 0.041 0.073 0.026 0.022 0.823 0.002 0.001 0.   ]
 [0.019 0.002 0.019 0.047 0.043 0.092 0.013 0.752 0.003 0.01 ]
 [0.065 0.019 0.005 0.017 0.    0.009 0.008 0.001 0.863 0.013]
 [0.019 0.051 0.006 0.014 0.002 0.003 0.005 0.005 0.022 0.873]]
[2025-06-14 01:38:14,270 INFO] 3000 iteration, USE_EMA: True, {'train/sup_loss': tensor(0.6595, device='cuda:0'), 'train/unsup_loss': tensor(0.0063, device='cuda:0'), 'train/total_loss': tensor(0.8940, device='cuda:0'), 'lr': 0.029364260427448087, 'train/prefecth_time': 0.09234786987304687, 'train/run_time': 0.1152204818725586, 'eval/loss': tensor(0.7660, device='cuda:0'), 'eval/top-1-acc': 0.75, 'eval/top-5-acc': np.float64(0.9856)}, BEST_EVAL_ACC: 0.75, at 3000 iters
[2025-06-14 01:38:39,494 INFO] confusion matrix:
[[0.801 0.018 0.033 0.015 0.006 0.006 0.014 0.011 0.052 0.044]
 [0.012 0.909 0.003 0.007 0.002 0.004 0.005 0.001 0.011 0.046]
 [0.1   0.    0.537 0.082 0.085 0.072 0.088 0.022 0.008 0.006]
 [0.031 0.004 0.038 0.623 0.03  0.172 0.075 0.015 0.004 0.008]
 [0.027 0.002 0.044 0.094 0.646 0.026 0.069 0.083 0.009 0.   ]
 [0.011 0.002 0.031 0.167 0.034 0.707 0.017 0.025 0.002 0.004]
 [0.01  0.002 0.037 0.063 0.026 0.023 0.836 0.002 0.001 0.   ]
 [0.019 0.002 0.019 0.045 0.04  0.089 0.015 0.759 0.003 0.009]
 [0.068 0.019 0.005 0.017 0.    0.008 0.009 0.001 0.86  0.013]
 [0.018 0.05  0.006 0.013 0.002 0.003 0.004 0.005 0.022 0.877]]
[2025-06-14 01:38:39,499 INFO] 3100 iteration, USE_EMA: True, {'train/sup_loss': tensor(0.7685, device='cuda:0'), 'train/unsup_loss': tensor(0.0049, device='cuda:0'), 'train/total_loss': tensor(0.9573, device='cuda:0'), 'lr': 0.029321349124267034, 'train/prefecth_time': 0.0898070068359375, 'train/run_time': 0.1155440673828125, 'eval/loss': tensor(0.7493, device='cuda:0'), 'eval/top-1-acc': 0.7555, 'eval/top-5-acc': np.float64(0.9861)}, BEST_EVAL_ACC: 0.7555, at 3100 iters
[2025-06-14 01:39:04,948 INFO] confusion matrix:
[[0.805 0.018 0.032 0.014 0.006 0.007 0.015 0.011 0.051 0.041]
 [0.01  0.912 0.003 0.007 0.002 0.003 0.006 0.001 0.01  0.046]
 [0.093 0.    0.545 0.073 0.08  0.078 0.094 0.023 0.008 0.006]
 [0.029 0.004 0.034 0.62  0.027 0.176 0.08  0.017 0.004 0.009]
 [0.026 0.002 0.042 0.088 0.649 0.027 0.073 0.083 0.01  0.   ]
 [0.01  0.002 0.028 0.157 0.031 0.721 0.021 0.024 0.002 0.004]
 [0.009 0.002 0.035 0.061 0.021 0.024 0.846 0.001 0.001 0.   ]
 [0.019 0.003 0.019 0.038 0.038 0.091 0.015 0.763 0.003 0.011]
 [0.064 0.019 0.005 0.016 0.    0.008 0.009 0.001 0.864 0.014]
 [0.019 0.053 0.006 0.011 0.002 0.003 0.005 0.005 0.02  0.876]]
[2025-06-14 01:39:04,953 INFO] 3200 iteration, USE_EMA: True, {'train/sup_loss': tensor(0.8792, device='cuda:0'), 'train/unsup_loss': tensor(0.0062, device='cuda:0'), 'train/total_loss': tensor(1.1282, device='cuda:0'), 'lr': 0.029277053049611944, 'train/prefecth_time': 0.095531005859375, 'train/run_time': 0.11437366485595703, 'eval/loss': tensor(0.7346, device='cuda:0'), 'eval/top-1-acc': 0.7601, 'eval/top-5-acc': np.float64(0.9865)}, BEST_EVAL_ACC: 0.7601, at 3200 iters
[2025-06-14 01:39:30,514 INFO] confusion matrix:
[[0.806 0.018 0.032 0.015 0.006 0.007 0.015 0.011 0.049 0.041]
 [0.009 0.922 0.003 0.006 0.002 0.003 0.005 0.001 0.008 0.041]
 [0.089 0.    0.546 0.071 0.077 0.08  0.099 0.022 0.009 0.007]
 [0.029 0.004 0.034 0.611 0.025 0.184 0.083 0.017 0.004 0.009]
 [0.026 0.002 0.039 0.085 0.652 0.026 0.077 0.085 0.008 0.   ]
 [0.01  0.002 0.025 0.136 0.031 0.74  0.024 0.026 0.002 0.004]
 [0.009 0.002 0.034 0.054 0.02  0.024 0.854 0.002 0.001 0.   ]
 [0.018 0.002 0.018 0.035 0.034 0.091 0.015 0.774 0.002 0.011]
 [0.062 0.018 0.005 0.014 0.001 0.008 0.009 0.001 0.867 0.015]
 [0.019 0.054 0.006 0.01  0.002 0.003 0.005 0.005 0.018 0.878]]
[2025-06-14 01:39:30,519 INFO] 3300 iteration, USE_EMA: True, {'train/sup_loss': tensor(0.5661, device='cuda:0'), 'train/unsup_loss': tensor(0.0048, device='cuda:0'), 'train/total_loss': tensor(0.7657, device='cuda:0'), 'lr': 0.02923137429547185, 'train/prefecth_time': 0.09232969665527344, 'train/run_time': 0.11505388641357422, 'eval/loss': tensor(0.7200, device='cuda:0'), 'eval/top-1-acc': 0.765, 'eval/top-5-acc': np.float64(0.9862)}, BEST_EVAL_ACC: 0.765, at 3300 iters
[2025-06-14 01:39:55,834 INFO] confusion matrix:
[[0.808 0.019 0.031 0.015 0.006 0.007 0.015 0.011 0.048 0.04 ]
 [0.009 0.923 0.003 0.005 0.002 0.003 0.006 0.002 0.008 0.039]
 [0.088 0.    0.554 0.068 0.068 0.08  0.105 0.022 0.007 0.008]
 [0.03  0.005 0.033 0.61  0.023 0.187 0.081 0.017 0.004 0.01 ]
 [0.026 0.002 0.04  0.079 0.652 0.029 0.08  0.085 0.007 0.   ]
 [0.009 0.003 0.025 0.128 0.029 0.749 0.024 0.027 0.002 0.004]
 [0.009 0.002 0.031 0.051 0.017 0.024 0.863 0.002 0.001 0.   ]
 [0.019 0.002 0.017 0.032 0.031 0.088 0.015 0.783 0.002 0.011]
 [0.06  0.018 0.006 0.013 0.001 0.007 0.011 0.001 0.867 0.016]
 [0.021 0.053 0.006 0.01  0.001 0.003 0.005 0.005 0.015 0.881]]
[2025-06-14 01:39:55,841 INFO] 3400 iteration, USE_EMA: True, {'train/sup_loss': tensor(0.6338, device='cuda:0'), 'train/unsup_loss': tensor(0.0057, device='cuda:0'), 'train/total_loss': tensor(0.8771, device='cuda:0'), 'lr': 0.029184315019136143, 'train/prefecth_time': 0.09053600311279297, 'train/run_time': 0.11524111938476563, 'eval/loss': tensor(0.7068, device='cuda:0'), 'eval/top-1-acc': 0.769, 'eval/top-5-acc': np.float64(0.9867)}, BEST_EVAL_ACC: 0.769, at 3400 iters
[2025-06-14 01:40:21,148 INFO] confusion matrix:
[[0.812 0.019 0.031 0.014 0.002 0.007 0.017 0.012 0.048 0.038]
 [0.007 0.926 0.003 0.005 0.002 0.002 0.005 0.002 0.008 0.04 ]
 [0.089 0.    0.556 0.066 0.063 0.081 0.108 0.022 0.008 0.007]
 [0.029 0.005 0.034 0.603 0.023 0.188 0.085 0.017 0.005 0.011]
 [0.025 0.002 0.04  0.078 0.658 0.03  0.081 0.08  0.006 0.   ]
 [0.009 0.002 0.029 0.123 0.025 0.754 0.027 0.025 0.002 0.004]
 [0.009 0.002 0.029 0.044 0.013 0.022 0.878 0.002 0.001 0.   ]
 [0.019 0.002 0.017 0.03  0.03  0.089 0.015 0.785 0.002 0.011]
 [0.055 0.02  0.006 0.011 0.001 0.007 0.009 0.001 0.874 0.016]
 [0.02  0.054 0.006 0.008 0.001 0.003 0.005 0.005 0.014 0.884]]
[2025-06-14 01:40:21,153 INFO] 3500 iteration, USE_EMA: True, {'train/sup_loss': tensor(1.6946, device='cuda:0'), 'train/unsup_loss': tensor(0.0139, device='cuda:0'), 'train/total_loss': tensor(2.3014, device='cuda:0'), 'lr': 0.029135877443092723, 'train/prefecth_time': 0.09650377655029296, 'train/run_time': 0.11441267395019532, 'eval/loss': tensor(0.6943, device='cuda:0'), 'eval/top-1-acc': 0.773, 'eval/top-5-acc': np.float64(0.9873)}, BEST_EVAL_ACC: 0.773, at 3500 iters
[2025-06-14 01:40:46,590 INFO] confusion matrix:
[[0.807 0.018 0.034 0.014 0.002 0.007 0.015 0.013 0.05  0.04 ]
 [0.006 0.929 0.003 0.004 0.002 0.002 0.005 0.002 0.008 0.039]
 [0.086 0.    0.563 0.061 0.065 0.081 0.107 0.021 0.009 0.007]
 [0.029 0.005 0.033 0.6   0.024 0.189 0.085 0.019 0.005 0.011]
 [0.028 0.002 0.038 0.075 0.66  0.029 0.081 0.081 0.006 0.   ]
 [0.009 0.002 0.026 0.118 0.026 0.759 0.026 0.028 0.002 0.004]
 [0.008 0.002 0.029 0.044 0.013 0.022 0.879 0.002 0.001 0.   ]
 [0.016 0.002 0.017 0.028 0.028 0.084 0.015 0.797 0.002 0.011]
 [0.053 0.02  0.006 0.011 0.001 0.007 0.009 0.001 0.877 0.015]
 [0.022 0.05  0.006 0.007 0.002 0.003 0.005 0.005 0.011 0.889]]
[2025-06-14 01:40:46,595 INFO] 3600 iteration, USE_EMA: True, {'train/sup_loss': tensor(1.7551, device='cuda:0'), 'train/unsup_loss': tensor(0.0195, device='cuda:0'), 'train/total_loss': tensor(2.6344, device='cuda:0'), 'lr': 0.029086063854923013, 'train/prefecth_time': 0.10032521820068359, 'train/run_time': 0.1148579864501953, 'eval/loss': tensor(0.6822, device='cuda:0'), 'eval/top-1-acc': 0.776, 'eval/top-5-acc': np.float64(0.9877)}, BEST_EVAL_ACC: 0.776, at 3600 iters
[2025-06-14 01:41:11,943 INFO] confusion matrix:
[[0.809 0.018 0.033 0.013 0.003 0.007 0.015 0.013 0.047 0.042]
 [0.006 0.929 0.003 0.004 0.002 0.002 0.005 0.002 0.008 0.039]
 [0.08  0.    0.576 0.056 0.067 0.077 0.107 0.02  0.009 0.008]
 [0.026 0.004 0.039 0.601 0.024 0.183 0.088 0.019 0.004 0.012]
 [0.026 0.002 0.036 0.075 0.669 0.028 0.079 0.079 0.006 0.   ]
 [0.009 0.003 0.024 0.119 0.026 0.761 0.026 0.026 0.002 0.004]
 [0.008 0.002 0.028 0.039 0.012 0.021 0.885 0.003 0.001 0.001]
 [0.015 0.002 0.017 0.027 0.028 0.084 0.016 0.8   0.001 0.01 ]
 [0.052 0.019 0.009 0.009 0.001 0.007 0.009 0.001 0.878 0.015]
 [0.02  0.048 0.005 0.007 0.002 0.003 0.005 0.004 0.01  0.896]]
[2025-06-14 01:41:11,949 INFO] 3700 iteration, USE_EMA: True, {'train/sup_loss': tensor(0.8527, device='cuda:0'), 'train/unsup_loss': tensor(0.0059, device='cuda:0'), 'train/total_loss': tensor(1.1252, device='cuda:0'), 'lr': 0.029034876607193928, 'train/prefecth_time': 0.12441600036621094, 'train/run_time': 0.11568946838378906, 'eval/loss': tensor(0.6696, device='cuda:0'), 'eval/top-1-acc': 0.7804, 'eval/top-5-acc': np.float64(0.9883)}, BEST_EVAL_ACC: 0.7804, at 3700 iters
[2025-06-14 01:41:37,417 INFO] confusion matrix:
[[0.814 0.018 0.033 0.013 0.003 0.007 0.015 0.013 0.041 0.043]
 [0.005 0.931 0.003 0.004 0.002 0.002 0.005 0.002 0.008 0.038]
 [0.08  0.    0.576 0.052 0.068 0.078 0.109 0.021 0.009 0.007]
 [0.026 0.004 0.037 0.604 0.026 0.179 0.09  0.019 0.004 0.011]
 [0.025 0.002 0.036 0.072 0.677 0.029 0.076 0.078 0.005 0.   ]
 [0.009 0.003 0.02  0.119 0.026 0.767 0.025 0.025 0.002 0.004]
 [0.008 0.001 0.027 0.038 0.011 0.023 0.887 0.003 0.001 0.001]
 [0.015 0.002 0.017 0.025 0.026 0.082 0.016 0.805 0.001 0.011]
 [0.052 0.021 0.008 0.009 0.001 0.007 0.009 0.001 0.878 0.014]
 [0.018 0.048 0.005 0.006 0.002 0.003 0.006 0.004 0.01  0.898]]
[2025-06-14 01:41:37,422 INFO] 3800 iteration, USE_EMA: True, {'train/sup_loss': tensor(0.4157, device='cuda:0'), 'train/unsup_loss': tensor(0.0051, device='cuda:0'), 'train/total_loss': tensor(0.6577, device='cuda:0'), 'lr': 0.028982318117346775, 'train/prefecth_time': 0.14771766662597657, 'train/run_time': 0.11833753967285156, 'eval/loss': tensor(0.6589, device='cuda:0'), 'eval/top-1-acc': 0.7837, 'eval/top-5-acc': np.float64(0.989)}, BEST_EVAL_ACC: 0.7837, at 3800 iters
[2025-06-14 01:42:03,013 INFO] confusion matrix:
[[0.819 0.018 0.031 0.013 0.003 0.007 0.015 0.013 0.039 0.042]
 [0.005 0.93  0.003 0.004 0.002 0.002 0.005 0.002 0.008 0.039]
 [0.083 0.    0.575 0.049 0.069 0.077 0.111 0.02  0.009 0.007]
 [0.025 0.004 0.036 0.6   0.028 0.179 0.095 0.018 0.004 0.011]
 [0.024 0.002 0.036 0.067 0.687 0.029 0.072 0.076 0.007 0.   ]
 [0.008 0.003 0.019 0.117 0.027 0.769 0.026 0.025 0.002 0.004]
 [0.007 0.001 0.027 0.036 0.008 0.022 0.894 0.003 0.001 0.001]
 [0.014 0.002 0.016 0.025 0.024 0.077 0.018 0.812 0.001 0.011]
 [0.051 0.021 0.008 0.008 0.001 0.006 0.009 0.001 0.88  0.015]
 [0.017 0.049 0.005 0.006 0.002 0.003 0.006 0.004 0.01  0.898]]
[2025-06-14 01:42:03,018 INFO] 3900 iteration, USE_EMA: True, {'train/sup_loss': tensor(0.4975, device='cuda:0'), 'train/unsup_loss': tensor(0.0052, device='cuda:0'), 'train/total_loss': tensor(0.7506, device='cuda:0'), 'lr': 0.028928390867583073, 'train/prefecth_time': 0.12095600128173828, 'train/run_time': 0.12343705749511719, 'eval/loss': tensor(0.6483, device='cuda:0'), 'eval/top-1-acc': 0.7864, 'eval/top-5-acc': np.float64(0.9891)}, BEST_EVAL_ACC: 0.7864, at 3900 iters
[2025-06-14 01:42:28,657 INFO] confusion matrix:
[[0.823 0.019 0.03  0.012 0.003 0.006 0.016 0.013 0.039 0.039]
 [0.004 0.933 0.002 0.004 0.002 0.002 0.005 0.002 0.008 0.038]
 [0.082 0.    0.577 0.045 0.067 0.079 0.115 0.019 0.009 0.007]
 [0.025 0.004 0.038 0.59  0.028 0.186 0.096 0.017 0.004 0.012]
 [0.02  0.002 0.038 0.056 0.7   0.03  0.078 0.07  0.006 0.   ]
 [0.007 0.004 0.02  0.114 0.029 0.77  0.025 0.025 0.002 0.004]
 [0.007 0.001 0.027 0.029 0.008 0.021 0.902 0.003 0.001 0.001]
 [0.016 0.002 0.016 0.023 0.025 0.077 0.018 0.81  0.001 0.012]
 [0.052 0.022 0.006 0.007 0.001 0.006 0.009 0.002 0.88  0.015]
 [0.017 0.048 0.005 0.006 0.002 0.003 0.006 0.004 0.01  0.899]]
[2025-06-14 01:42:28,662 INFO] 4000 iteration, USE_EMA: True, {'train/sup_loss': tensor(1.0957, device='cuda:0'), 'train/unsup_loss': tensor(0.0067, device='cuda:0'), 'train/total_loss': tensor(1.4296, device='cuda:0'), 'lr': 0.028873097404747344, 'train/prefecth_time': 0.1122877426147461, 'train/run_time': 0.11516313934326172, 'eval/loss': tensor(0.6412, device='cuda:0'), 'eval/top-1-acc': 0.7884, 'eval/top-5-acc': np.float64(0.9894)}, BEST_EVAL_ACC: 0.7884, at 4000 iters
[2025-06-14 01:42:53,850 INFO] confusion matrix:
[[0.828 0.02  0.03  0.011 0.003 0.006 0.016 0.011 0.038 0.037]
 [0.004 0.934 0.003 0.003 0.002 0.001 0.005 0.002 0.008 0.038]
 [0.082 0.    0.577 0.038 0.071 0.078 0.117 0.02  0.01  0.007]
 [0.027 0.004 0.038 0.588 0.029 0.184 0.096 0.018 0.004 0.012]
 [0.02  0.002 0.039 0.054 0.705 0.031 0.076 0.067 0.006 0.   ]
 [0.007 0.004 0.019 0.113 0.028 0.775 0.025 0.024 0.002 0.003]
 [0.008 0.001 0.027 0.028 0.007 0.021 0.903 0.003 0.001 0.001]
 [0.015 0.002 0.016 0.023 0.022 0.076 0.017 0.817 0.001 0.011]
 [0.054 0.022 0.005 0.007 0.001 0.006 0.008 0.002 0.88  0.015]
 [0.017 0.049 0.005 0.005 0.001 0.002 0.005 0.004 0.01  0.902]]
[2025-06-14 01:42:53,857 INFO] 4100 iteration, USE_EMA: True, {'train/sup_loss': tensor(1.4016, device='cuda:0'), 'train/unsup_loss': tensor(0.0112, device='cuda:0'), 'train/total_loss': tensor(1.9739, device='cuda:0'), 'lr': 0.028816440340206802, 'train/prefecth_time': 0.09373577880859375, 'train/run_time': 0.11493190765380859, 'eval/loss': tensor(0.6327, device='cuda:0'), 'eval/top-1-acc': 0.7909, 'eval/top-5-acc': np.float64(0.9895)}, BEST_EVAL_ACC: 0.7909, at 4100 iters
[2025-06-14 01:43:19,175 INFO] confusion matrix:
[[0.827 0.02  0.031 0.01  0.003 0.006 0.015 0.011 0.041 0.036]
 [0.004 0.938 0.002 0.002 0.002 0.002 0.005 0.002 0.008 0.035]
 [0.081 0.    0.58  0.038 0.072 0.075 0.115 0.021 0.01  0.008]
 [0.027 0.004 0.038 0.597 0.03  0.175 0.097 0.018 0.004 0.01 ]
 [0.02  0.002 0.036 0.052 0.712 0.028 0.076 0.067 0.007 0.   ]
 [0.007 0.004 0.019 0.115 0.029 0.77  0.026 0.024 0.002 0.004]
 [0.008 0.002 0.026 0.025 0.007 0.019 0.907 0.003 0.002 0.001]
 [0.015 0.002 0.015 0.023 0.021 0.073 0.016 0.823 0.001 0.011]
 [0.053 0.02  0.005 0.007 0.    0.006 0.007 0.002 0.886 0.014]
 [0.017 0.049 0.006 0.005 0.002 0.002 0.006 0.004 0.01  0.899]]
[2025-06-14 01:43:19,184 INFO] 4200 iteration, USE_EMA: True, {'train/sup_loss': tensor(1.0178, device='cuda:0'), 'train/unsup_loss': tensor(0.0054, device='cuda:0'), 'train/total_loss': tensor(1.3032, device='cuda:0'), 'lr': 0.02875842234972806, 'train/prefecth_time': 0.10298947143554688, 'train/run_time': 0.11482579040527344, 'eval/loss': tensor(0.6241, device='cuda:0'), 'eval/top-1-acc': 0.7939, 'eval/top-5-acc': np.float64(0.9897)}, BEST_EVAL_ACC: 0.7939, at 4200 iters
[2025-06-14 01:43:44,152 INFO] confusion matrix:
[[0.828 0.02  0.031 0.01  0.002 0.005 0.015 0.011 0.043 0.035]
 [0.005 0.938 0.002 0.002 0.001 0.001 0.005 0.002 0.008 0.036]
 [0.081 0.    0.584 0.036 0.07  0.077 0.115 0.021 0.008 0.008]
 [0.025 0.004 0.039 0.594 0.03  0.178 0.096 0.019 0.004 0.011]
 [0.02  0.002 0.036 0.05  0.713 0.028 0.076 0.068 0.007 0.   ]
 [0.008 0.004 0.017 0.114 0.03  0.769 0.026 0.026 0.002 0.004]
 [0.009 0.002 0.025 0.023 0.007 0.021 0.907 0.003 0.002 0.001]
 [0.014 0.002 0.014 0.023 0.021 0.069 0.016 0.829 0.001 0.011]
 [0.051 0.02  0.005 0.006 0.    0.006 0.008 0.002 0.888 0.014]
 [0.017 0.049 0.006 0.005 0.002 0.002 0.006 0.004 0.01  0.899]]
[2025-06-14 01:43:44,158 INFO] 4300 iteration, USE_EMA: True, {'train/sup_loss': tensor(0.5415, device='cuda:0'), 'train/unsup_loss': tensor(0.0044, device='cuda:0'), 'train/total_loss': tensor(0.7783, device='cuda:0'), 'lr': 0.028699046173350725, 'train/prefecth_time': 0.09448867034912109, 'train/run_time': 0.11594342041015625, 'eval/loss': tensor(0.6170, device='cuda:0'), 'eval/top-1-acc': 0.7949, 'eval/top-5-acc': np.float64(0.9895)}, BEST_EVAL_ACC: 0.7949, at 4300 iters
[2025-06-14 01:44:09,395 INFO] confusion matrix:
[[0.835 0.021 0.027 0.01  0.002 0.005 0.013 0.011 0.042 0.034]
 [0.005 0.939 0.002 0.002 0.001 0.001 0.005 0.002 0.008 0.035]
 [0.082 0.    0.584 0.035 0.07  0.078 0.115 0.021 0.008 0.007]
 [0.028 0.004 0.035 0.593 0.029 0.179 0.098 0.019 0.004 0.011]
 [0.021 0.002 0.036 0.049 0.716 0.027 0.074 0.068 0.007 0.   ]
 [0.008 0.004 0.019 0.113 0.028 0.769 0.025 0.028 0.002 0.004]
 [0.009 0.002 0.025 0.023 0.007 0.022 0.906 0.003 0.002 0.001]
 [0.013 0.002 0.014 0.023 0.022 0.067 0.016 0.832 0.001 0.01 ]
 [0.051 0.02  0.007 0.005 0.    0.005 0.009 0.002 0.887 0.014]
 [0.017 0.049 0.006 0.005 0.001 0.002 0.006 0.004 0.01  0.9  ]]
[2025-06-14 01:44:09,400 INFO] 4400 iteration, USE_EMA: True, {'train/sup_loss': tensor(0.9072, device='cuda:0'), 'train/unsup_loss': tensor(0.0041, device='cuda:0'), 'train/total_loss': tensor(1.1318, device='cuda:0'), 'lr': 0.028638314615258023, 'train/prefecth_time': 0.09532006072998046, 'train/run_time': 0.11547443389892578, 'eval/loss': tensor(0.6116, device='cuda:0'), 'eval/top-1-acc': 0.7961, 'eval/top-5-acc': np.float64(0.9897)}, BEST_EVAL_ACC: 0.7961, at 4400 iters
[2025-06-14 01:44:34,639 INFO] confusion matrix:
[[0.842 0.024 0.023 0.009 0.001 0.004 0.013 0.011 0.039 0.034]
 [0.004 0.94  0.002 0.002 0.001 0.001 0.005 0.003 0.008 0.034]
 [0.08  0.    0.591 0.033 0.069 0.078 0.112 0.022 0.007 0.008]
 [0.031 0.004 0.033 0.589 0.029 0.179 0.099 0.019 0.005 0.012]
 [0.022 0.002 0.036 0.05  0.712 0.027 0.073 0.071 0.007 0.   ]
 [0.008 0.004 0.018 0.113 0.028 0.771 0.024 0.028 0.002 0.004]
 [0.009 0.002 0.024 0.022 0.006 0.023 0.908 0.003 0.002 0.001]
 [0.013 0.002 0.014 0.023 0.021 0.065 0.016 0.835 0.001 0.01 ]
 [0.049 0.022 0.006 0.004 0.    0.005 0.009 0.002 0.888 0.015]
 [0.017 0.051 0.005 0.005 0.001 0.002 0.006 0.003 0.008 0.902]]
[2025-06-14 01:44:34,644 INFO] 4500 iteration, USE_EMA: True, {'train/sup_loss': tensor(0.5550, device='cuda:0'), 'train/unsup_loss': tensor(0.0030, device='cuda:0'), 'train/total_loss': tensor(0.7211, device='cuda:0'), 'lr': 0.028576230543644353, 'train/prefecth_time': 0.09231571197509765, 'train/run_time': 0.11446617889404297, 'eval/loss': tensor(0.6078, device='cuda:0'), 'eval/top-1-acc': 0.7978, 'eval/top-5-acc': np.float64(0.9897)}, BEST_EVAL_ACC: 0.7978, at 4500 iters
[2025-06-14 01:44:59,619 INFO] confusion matrix:
[[0.842 0.022 0.022 0.009 0.002 0.004 0.013 0.011 0.041 0.034]
 [0.005 0.94  0.001 0.002 0.001 0.001 0.005 0.003 0.008 0.034]
 [0.079 0.001 0.602 0.031 0.063 0.076 0.109 0.025 0.006 0.008]
 [0.031 0.006 0.031 0.6   0.029 0.172 0.096 0.018 0.005 0.012]
 [0.023 0.002 0.037 0.052 0.707 0.027 0.074 0.071 0.007 0.   ]
 [0.009 0.004 0.018 0.113 0.027 0.77  0.024 0.029 0.002 0.004]
 [0.01  0.002 0.021 0.024 0.006 0.022 0.909 0.003 0.002 0.001]
 [0.014 0.002 0.012 0.024 0.02  0.063 0.016 0.839 0.001 0.009]
 [0.048 0.019 0.006 0.004 0.    0.004 0.008 0.003 0.894 0.014]
 [0.015 0.051 0.005 0.004 0.001 0.001 0.006 0.003 0.008 0.906]]
[2025-06-14 01:44:59,624 INFO] 4600 iteration, USE_EMA: True, {'train/sup_loss': tensor(1.6239, device='cuda:0'), 'train/unsup_loss': tensor(0.0146, device='cuda:0'), 'train/total_loss': tensor(2.4650, device='cuda:0'), 'lr': 0.028512796890579825, 'train/prefecth_time': 0.0873061752319336, 'train/run_time': 0.11461055755615235, 'eval/loss': tensor(0.6009, device='cuda:0'), 'eval/top-1-acc': 0.8009, 'eval/top-5-acc': np.float64(0.9893)}, BEST_EVAL_ACC: 0.8009, at 4600 iters
[2025-06-14 01:45:24,645 INFO] confusion matrix:
[[0.853 0.02  0.02  0.009 0.002 0.004 0.013 0.011 0.034 0.034]
 [0.004 0.94  0.002 0.002 0.001 0.001 0.005 0.003 0.007 0.035]
 [0.08  0.001 0.608 0.032 0.06  0.07  0.11  0.026 0.005 0.008]
 [0.031 0.005 0.03  0.614 0.028 0.162 0.094 0.019 0.005 0.012]
 [0.023 0.002 0.036 0.052 0.712 0.027 0.074 0.068 0.006 0.   ]
 [0.008 0.004 0.02  0.116 0.027 0.767 0.025 0.029 0.001 0.003]
 [0.01  0.002 0.02  0.023 0.006 0.022 0.91  0.003 0.003 0.001]
 [0.013 0.002 0.013 0.024 0.019 0.062 0.016 0.841 0.001 0.009]
 [0.048 0.019 0.006 0.004 0.    0.004 0.008 0.002 0.895 0.014]
 [0.015 0.051 0.005 0.004 0.001 0.001 0.006 0.003 0.008 0.906]]
[2025-06-14 01:45:24,650 INFO] 4700 iteration, USE_EMA: True, {'train/sup_loss': tensor(1.5304, device='cuda:0'), 'train/unsup_loss': tensor(0.0196, device='cuda:0'), 'train/total_loss': tensor(2.6838, device='cuda:0'), 'lr': 0.028448016651871785, 'train/prefecth_time': 0.08723587036132813, 'train/run_time': 0.114735107421875, 'eval/loss': tensor(0.5947, device='cuda:0'), 'eval/top-1-acc': 0.8046, 'eval/top-5-acc': np.float64(0.9897)}, BEST_EVAL_ACC: 0.8046, at 4700 iters
[2025-06-14 01:45:49,684 INFO] confusion matrix:
[[0.858 0.02  0.019 0.009 0.002 0.004 0.012 0.012 0.031 0.033]
 [0.004 0.939 0.002 0.002 0.001 0.001 0.005 0.003 0.007 0.036]
 [0.081 0.001 0.613 0.032 0.057 0.069 0.107 0.027 0.005 0.008]
 [0.03  0.004 0.03  0.617 0.027 0.168 0.086 0.02  0.005 0.013]
 [0.022 0.003 0.036 0.055 0.713 0.027 0.071 0.069 0.004 0.   ]
 [0.007 0.004 0.02  0.114 0.026 0.771 0.026 0.028 0.001 0.003]
 [0.01  0.002 0.021 0.022 0.006 0.021 0.911 0.003 0.003 0.001]
 [0.014 0.001 0.011 0.024 0.019 0.062 0.016 0.842 0.001 0.01 ]
 [0.047 0.02  0.007 0.004 0.    0.004 0.009 0.002 0.893 0.014]
 [0.017 0.053 0.005 0.004 0.001 0.001 0.006 0.003 0.007 0.903]]
[2025-06-14 01:45:49,689 INFO] 4800 iteration, USE_EMA: True, {'train/sup_loss': tensor(1.0840, device='cuda:0'), 'train/unsup_loss': tensor(0.0068, device='cuda:0'), 'train/total_loss': tensor(1.4910, device='cuda:0'), 'lr': 0.028381892886923343, 'train/prefecth_time': 0.130914306640625, 'train/run_time': 0.11462441253662109, 'eval/loss': tensor(0.5902, device='cuda:0'), 'eval/top-1-acc': 0.806, 'eval/top-5-acc': np.float64(0.9901)}, BEST_EVAL_ACC: 0.806, at 4800 iters
[2025-06-14 01:46:14,806 INFO] confusion matrix:
[[0.856 0.02  0.018 0.01  0.002 0.004 0.012 0.012 0.034 0.032]
 [0.004 0.942 0.002 0.002 0.001 0.001 0.005 0.003 0.007 0.033]
 [0.082 0.    0.62  0.033 0.059 0.067 0.101 0.025 0.005 0.008]
 [0.029 0.003 0.033 0.624 0.027 0.163 0.084 0.018 0.007 0.012]
 [0.022 0.002 0.036 0.053 0.719 0.027 0.07  0.067 0.004 0.   ]
 [0.006 0.004 0.021 0.114 0.026 0.772 0.025 0.028 0.001 0.003]
 [0.01  0.002 0.021 0.021 0.007 0.02  0.913 0.003 0.003 0.   ]
 [0.014 0.001 0.01  0.023 0.019 0.064 0.016 0.842 0.001 0.01 ]
 [0.046 0.02  0.007 0.004 0.    0.004 0.01  0.003 0.892 0.014]
 [0.017 0.052 0.005 0.004 0.001 0.001 0.006 0.002 0.007 0.905]]
[2025-06-14 01:46:14,811 INFO] 4900 iteration, USE_EMA: True, {'train/sup_loss': tensor(1.4551, device='cuda:0'), 'train/unsup_loss': tensor(0.0158, device='cuda:0'), 'train/total_loss': tensor(2.4224, device='cuda:0'), 'lr': 0.02831442871858888, 'train/prefecth_time': 0.13369343566894532, 'train/run_time': 0.1164554214477539, 'eval/loss': tensor(0.5844, device='cuda:0'), 'eval/top-1-acc': 0.8085, 'eval/top-5-acc': np.float64(0.99)}, BEST_EVAL_ACC: 0.8085, at 4900 iters
[2025-06-14 01:46:39,996 INFO] confusion matrix:
[[0.855 0.019 0.018 0.01  0.003 0.004 0.012 0.012 0.036 0.031]
 [0.005 0.944 0.002 0.002 0.001 0.001 0.004 0.002 0.006 0.033]
 [0.079 0.    0.625 0.035 0.056 0.064 0.101 0.025 0.007 0.008]
 [0.028 0.004 0.032 0.628 0.026 0.164 0.081 0.018 0.007 0.012]
 [0.021 0.002 0.037 0.054 0.725 0.027 0.068 0.062 0.004 0.   ]
 [0.007 0.004 0.02  0.118 0.025 0.772 0.023 0.029 0.001 0.001]
 [0.01  0.002 0.022 0.021 0.008 0.02  0.91  0.003 0.004 0.   ]
 [0.014 0.001 0.009 0.025 0.019 0.063 0.016 0.842 0.002 0.009]
 [0.045 0.02  0.007 0.003 0.    0.004 0.009 0.002 0.897 0.013]
 [0.016 0.054 0.005 0.004 0.001 0.001 0.006 0.002 0.007 0.904]]
[2025-06-14 01:46:40,000 INFO] 5000 iteration, USE_EMA: True, {'train/sup_loss': tensor(1.1351, device='cuda:0'), 'train/unsup_loss': tensor(0.0082, device='cuda:0'), 'train/total_loss': tensor(1.6495, device='cuda:0'), 'lr': 0.028245627333026553, 'train/prefecth_time': 0.14752978515625, 'train/run_time': 0.11933695983886719, 'eval/loss': tensor(0.5780, device='cuda:0'), 'eval/top-1-acc': 0.8102, 'eval/top-5-acc': np.float64(0.9902)}, BEST_EVAL_ACC: 0.8102, at 5000 iters
[2025-06-14 01:47:05,284 INFO] confusion matrix:
[[0.858 0.018 0.02  0.009 0.003 0.004 0.011 0.012 0.035 0.03 ]
 [0.005 0.945 0.002 0.002 0.001 0.001 0.004 0.002 0.006 0.032]
 [0.078 0.    0.625 0.035 0.057 0.068 0.099 0.024 0.006 0.008]
 [0.028 0.003 0.035 0.623 0.024 0.166 0.085 0.017 0.007 0.012]
 [0.022 0.002 0.038 0.054 0.727 0.026 0.066 0.062 0.003 0.   ]
 [0.007 0.004 0.02  0.112 0.026 0.775 0.023 0.029 0.002 0.002]
 [0.009 0.002 0.022 0.019 0.008 0.02  0.913 0.003 0.004 0.   ]
 [0.014 0.001 0.01  0.025 0.021 0.064 0.015 0.84  0.002 0.008]
 [0.045 0.018 0.007 0.003 0.    0.003 0.011 0.002 0.897 0.014]
 [0.017 0.055 0.005 0.004 0.001 0.001 0.006 0.003 0.007 0.901]]
[2025-06-14 01:47:05,289 INFO] 5100 iteration, USE_EMA: True, {'train/sup_loss': tensor(1.2901, device='cuda:0'), 'train/unsup_loss': tensor(0.0074, device='cuda:0'), 'train/total_loss': tensor(1.7632, device='cuda:0'), 'lr': 0.028175491979547836, 'train/prefecth_time': 0.09747907257080078, 'train/run_time': 0.11526617431640625, 'eval/loss': tensor(0.5739, device='cuda:0'), 'eval/top-1-acc': 0.8104, 'eval/top-5-acc': np.float64(0.9901)}, BEST_EVAL_ACC: 0.8104, at 5100 iters
[2025-06-14 01:47:30,237 INFO] confusion matrix:
[[0.859 0.02  0.02  0.005 0.002 0.004 0.012 0.012 0.036 0.03 ]
 [0.006 0.947 0.001 0.002 0.001 0.001 0.004 0.002 0.006 0.03 ]
 [0.078 0.    0.631 0.036 0.052 0.062 0.101 0.024 0.007 0.009]
 [0.029 0.004 0.037 0.623 0.024 0.163 0.084 0.018 0.007 0.011]
 [0.023 0.002 0.039 0.055 0.725 0.026 0.067 0.061 0.002 0.   ]
 [0.007 0.004 0.021 0.113 0.024 0.773 0.025 0.029 0.002 0.002]
 [0.008 0.002 0.019 0.018 0.007 0.019 0.92  0.003 0.004 0.   ]
 [0.013 0.001 0.009 0.024 0.021 0.062 0.018 0.842 0.002 0.008]
 [0.044 0.021 0.007 0.003 0.    0.003 0.009 0.002 0.896 0.015]
 [0.016 0.055 0.004 0.004 0.001 0.001 0.006 0.003 0.008 0.902]]
[2025-06-14 01:47:30,248 INFO] 5200 iteration, USE_EMA: True, {'train/sup_loss': tensor(0.6041, device='cuda:0'), 'train/unsup_loss': tensor(0.0028, device='cuda:0'), 'train/total_loss': tensor(0.7867, device='cuda:0'), 'lr': 0.028104025970464058, 'train/prefecth_time': 0.08764825439453125, 'train/run_time': 0.11458735656738281, 'eval/loss': tensor(0.5714, device='cuda:0'), 'eval/top-1-acc': 0.8118, 'eval/top-5-acc': np.float64(0.9894)}, BEST_EVAL_ACC: 0.8118, at 5200 iters
[2025-06-14 01:47:55,316 INFO] confusion matrix:
[[0.859 0.02  0.02  0.005 0.002 0.004 0.012 0.012 0.036 0.03 ]
 [0.005 0.947 0.001 0.002 0.001 0.001 0.004 0.003 0.006 0.03 ]
 [0.078 0.    0.638 0.035 0.051 0.059 0.1   0.024 0.006 0.009]
 [0.028 0.004 0.037 0.627 0.024 0.162 0.081 0.019 0.007 0.011]
 [0.024 0.002 0.037 0.051 0.729 0.028 0.067 0.06  0.002 0.   ]
 [0.007 0.004 0.023 0.109 0.023 0.774 0.025 0.029 0.002 0.004]
 [0.008 0.001 0.021 0.018 0.006 0.019 0.92  0.003 0.004 0.   ]
 [0.013 0.001 0.01  0.024 0.02  0.06  0.017 0.845 0.002 0.008]
 [0.044 0.019 0.007 0.003 0.    0.003 0.01  0.002 0.897 0.015]
 [0.015 0.052 0.005 0.003 0.001 0.001 0.006 0.003 0.008 0.906]]
[2025-06-14 01:47:55,324 INFO] 5300 iteration, USE_EMA: True, {'train/sup_loss': tensor(1.4677, device='cuda:0'), 'train/unsup_loss': tensor(0.0097, device='cuda:0'), 'train/total_loss': tensor(2.1095, device='cuda:0'), 'lr': 0.028031232680929965, 'train/prefecth_time': 0.08932450866699218, 'train/run_time': 0.11460848236083984, 'eval/loss': tensor(0.5671, device='cuda:0'), 'eval/top-1-acc': 0.8142, 'eval/top-5-acc': np.float64(0.9897)}, BEST_EVAL_ACC: 0.8142, at 5300 iters
[2025-06-14 01:48:20,602 INFO] confusion matrix:
[[0.859 0.02  0.021 0.005 0.002 0.004 0.012 0.011 0.036 0.03 ]
 [0.005 0.95  0.001 0.001 0.001 0.001 0.003 0.003 0.006 0.029]
 [0.077 0.    0.646 0.033 0.051 0.055 0.097 0.025 0.007 0.009]
 [0.031 0.004 0.037 0.623 0.024 0.162 0.084 0.018 0.007 0.01 ]
 [0.024 0.002 0.039 0.046 0.732 0.029 0.065 0.061 0.002 0.   ]
 [0.007 0.006 0.024 0.107 0.025 0.771 0.026 0.03  0.002 0.002]
 [0.009 0.002 0.022 0.017 0.005 0.02  0.917 0.004 0.004 0.   ]
 [0.013 0.002 0.011 0.023 0.019 0.056 0.018 0.85  0.002 0.006]
 [0.044 0.019 0.008 0.003 0.    0.003 0.009 0.002 0.897 0.015]
 [0.014 0.052 0.005 0.003 0.001 0.001 0.006 0.002 0.008 0.908]]
[2025-06-14 01:48:20,607 INFO] 5400 iteration, USE_EMA: True, {'train/sup_loss': tensor(0.4072, device='cuda:0'), 'train/unsup_loss': tensor(0.0049, device='cuda:0'), 'train/total_loss': tensor(0.7394, device='cuda:0'), 'lr': 0.02795711554878433, 'train/prefecth_time': 0.08863974761962891, 'train/run_time': 0.11496236419677734, 'eval/loss': tensor(0.5636, device='cuda:0'), 'eval/top-1-acc': 0.8153, 'eval/top-5-acc': np.float64(0.9897)}, BEST_EVAL_ACC: 0.8153, at 5400 iters
[2025-06-14 01:48:46,124 INFO] confusion matrix:
[[0.858 0.02  0.022 0.005 0.002 0.004 0.012 0.011 0.035 0.031]
 [0.005 0.95  0.001 0.001 0.001 0.001 0.003 0.003 0.006 0.029]
 [0.074 0.    0.642 0.034 0.052 0.059 0.099 0.024 0.007 0.009]
 [0.031 0.005 0.035 0.626 0.022 0.163 0.083 0.018 0.007 0.01 ]
 [0.023 0.002 0.039 0.048 0.734 0.025 0.065 0.062 0.002 0.   ]
 [0.007 0.006 0.024 0.103 0.026 0.775 0.026 0.028 0.002 0.003]
 [0.009 0.002 0.023 0.016 0.005 0.02  0.917 0.004 0.004 0.   ]
 [0.013 0.002 0.011 0.024 0.02  0.052 0.019 0.851 0.002 0.006]
 [0.044 0.018 0.008 0.003 0.    0.003 0.009 0.002 0.898 0.015]
 [0.013 0.053 0.005 0.003 0.001 0.001 0.005 0.002 0.009 0.908]]
[2025-06-14 01:48:46,129 INFO] 5500 iteration, USE_EMA: True, {'train/sup_loss': tensor(0.8564, device='cuda:0'), 'train/unsup_loss': tensor(0.0072, device='cuda:0'), 'train/total_loss': tensor(1.3539, device='cuda:0'), 'lr': 0.02788167807438759, 'train/prefecth_time': 0.09520893096923828, 'train/run_time': 0.11504902648925781, 'eval/loss': tensor(0.5600, device='cuda:0'), 'eval/top-1-acc': 0.8159, 'eval/top-5-acc': np.float64(0.9898)}, BEST_EVAL_ACC: 0.8159, at 5500 iters
[2025-06-14 01:49:11,479 INFO] confusion matrix:
[[0.858 0.019 0.022 0.004 0.002 0.004 0.014 0.01  0.035 0.032]
 [0.005 0.95  0.001 0.    0.001 0.001 0.003 0.003 0.006 0.03 ]
 [0.072 0.001 0.642 0.034 0.052 0.06  0.101 0.022 0.007 0.009]
 [0.033 0.006 0.035 0.624 0.021 0.158 0.087 0.018 0.007 0.011]
 [0.023 0.002 0.039 0.048 0.736 0.025 0.065 0.06  0.002 0.   ]
 [0.007 0.005 0.025 0.105 0.024 0.773 0.027 0.029 0.002 0.003]
 [0.009 0.001 0.022 0.016 0.006 0.02  0.919 0.003 0.004 0.   ]
 [0.012 0.001 0.014 0.024 0.02  0.054 0.021 0.845 0.002 0.007]
 [0.041 0.019 0.008 0.002 0.    0.003 0.011 0.002 0.899 0.015]
 [0.012 0.053 0.005 0.003 0.001 0.001 0.004 0.002 0.009 0.91 ]]
[2025-06-14 01:49:11,484 INFO] 5600 iteration, USE_EMA: True, {'train/sup_loss': tensor(1.1612, device='cuda:0'), 'train/unsup_loss': tensor(0.0097, device='cuda:0'), 'train/total_loss': tensor(1.8387, device='cuda:0'), 'lr': 0.027804923820456517, 'train/prefecth_time': 0.09249378967285156, 'train/run_time': 0.11610896301269531, 'eval/loss': tensor(0.5577, device='cuda:0'), 'eval/top-1-acc': 0.8156, 'eval/top-5-acc': np.float64(0.9899)}, BEST_EVAL_ACC: 0.8159, at 5500 iters
[2025-06-14 01:49:36,713 INFO] confusion matrix:
[[0.862 0.02  0.02  0.005 0.001 0.003 0.013 0.011 0.035 0.03 ]
 [0.005 0.952 0.001 0.    0.001 0.001 0.003 0.003 0.006 0.028]
 [0.072 0.001 0.648 0.033 0.054 0.055 0.1   0.022 0.006 0.009]
 [0.033 0.006 0.035 0.626 0.021 0.152 0.092 0.018 0.006 0.011]
 [0.024 0.002 0.037 0.043 0.747 0.025 0.063 0.057 0.002 0.   ]
 [0.006 0.007 0.025 0.106 0.023 0.771 0.026 0.03  0.002 0.004]
 [0.008 0.001 0.023 0.017 0.009 0.019 0.916 0.003 0.004 0.   ]
 [0.013 0.001 0.014 0.024 0.019 0.052 0.021 0.846 0.002 0.008]
 [0.043 0.02  0.007 0.002 0.    0.003 0.011 0.002 0.897 0.015]
 [0.012 0.054 0.005 0.003 0.001 0.    0.005 0.002 0.009 0.909]]
[2025-06-14 01:49:36,717 INFO] 5700 iteration, USE_EMA: True, {'train/sup_loss': tensor(1.5935, device='cuda:0'), 'train/unsup_loss': tensor(0.0199, device='cuda:0'), 'train/total_loss': tensor(3.0091, device='cuda:0'), 'lr': 0.027726856411895998, 'train/prefecth_time': 0.08855375671386718, 'train/run_time': 0.11511820983886718, 'eval/loss': tensor(0.5542, device='cuda:0'), 'eval/top-1-acc': 0.8174, 'eval/top-5-acc': np.float64(0.9903)}, BEST_EVAL_ACC: 0.8174, at 5700 iters
[2025-06-14 01:50:02,096 INFO] confusion matrix:
[[0.862 0.02  0.02  0.004 0.002 0.003 0.013 0.011 0.035 0.03 ]
 [0.007 0.949 0.001 0.    0.001 0.001 0.002 0.003 0.006 0.03 ]
 [0.072 0.001 0.653 0.032 0.055 0.051 0.1   0.021 0.006 0.009]
 [0.033 0.006 0.035 0.637 0.022 0.145 0.086 0.02  0.006 0.01 ]
 [0.023 0.002 0.037 0.045 0.746 0.023 0.063 0.059 0.002 0.   ]
 [0.006 0.007 0.025 0.11  0.023 0.767 0.024 0.033 0.002 0.003]
 [0.008 0.001 0.023 0.017 0.007 0.018 0.918 0.004 0.004 0.   ]
 [0.012 0.002 0.015 0.022 0.019 0.046 0.02  0.855 0.002 0.007]
 [0.044 0.018 0.007 0.002 0.    0.003 0.012 0.002 0.896 0.016]
 [0.012 0.055 0.005 0.003 0.001 0.    0.005 0.003 0.009 0.907]]
[2025-06-14 01:50:02,101 INFO] 5800 iteration, USE_EMA: True, {'train/sup_loss': tensor(1.5702, device='cuda:0'), 'train/unsup_loss': tensor(0.0216, device='cuda:0'), 'train/total_loss': tensor(3.1333, device='cuda:0'), 'lr': 0.027647479535627795, 'train/prefecth_time': 0.1026170883178711, 'train/run_time': 0.1161488037109375, 'eval/loss': tensor(0.5489, device='cuda:0'), 'eval/top-1-acc': 0.819, 'eval/top-5-acc': np.float64(0.99)}, BEST_EVAL_ACC: 0.819, at 5800 iters
[2025-06-14 01:50:27,525 INFO] confusion matrix:
[[0.86  0.02  0.02  0.004 0.002 0.003 0.013 0.011 0.037 0.03 ]
 [0.008 0.951 0.    0.    0.001 0.001 0.002 0.003 0.005 0.029]
 [0.071 0.001 0.657 0.033 0.054 0.05  0.1   0.021 0.005 0.008]
 [0.032 0.006 0.035 0.641 0.022 0.143 0.084 0.019 0.006 0.012]
 [0.023 0.002 0.036 0.044 0.752 0.023 0.061 0.057 0.002 0.   ]
 [0.006 0.007 0.026 0.111 0.023 0.766 0.024 0.032 0.002 0.003]
 [0.008 0.002 0.024 0.017 0.007 0.02  0.914 0.004 0.004 0.   ]
 [0.014 0.002 0.015 0.021 0.019 0.045 0.02  0.855 0.002 0.007]
 [0.043 0.016 0.009 0.001 0.    0.003 0.012 0.002 0.899 0.015]
 [0.012 0.053 0.004 0.003 0.001 0.001 0.005 0.002 0.01  0.909]]
[2025-06-14 01:50:27,530 INFO] 5900 iteration, USE_EMA: True, {'train/sup_loss': tensor(0.5230, device='cuda:0'), 'train/unsup_loss': tensor(0.0048, device='cuda:0'), 'train/total_loss': tensor(0.8745, device='cuda:0'), 'lr': 0.027566796940416454, 'train/prefecth_time': 0.09002998352050781, 'train/run_time': 0.11434198760986328, 'eval/loss': tensor(0.5458, device='cuda:0'), 'eval/top-1-acc': 0.8204, 'eval/top-5-acc': np.float64(0.9903)}, BEST_EVAL_ACC: 0.8204, at 5900 iters
[2025-06-14 01:50:52,827 INFO] confusion matrix:
[[0.862 0.02  0.02  0.005 0.002 0.003 0.012 0.011 0.035 0.03 ]
 [0.008 0.95  0.    0.001 0.001 0.001 0.003 0.002 0.005 0.029]
 [0.067 0.001 0.663 0.032 0.056 0.05  0.096 0.022 0.005 0.008]
 [0.033 0.004 0.037 0.637 0.022 0.147 0.082 0.02  0.007 0.011]
 [0.021 0.002 0.036 0.043 0.755 0.022 0.059 0.059 0.003 0.   ]
 [0.006 0.005 0.026 0.113 0.023 0.769 0.021 0.033 0.002 0.002]
 [0.008 0.001 0.025 0.018 0.007 0.02  0.913 0.004 0.004 0.   ]
 [0.012 0.001 0.014 0.021 0.019 0.048 0.02  0.857 0.002 0.006]
 [0.041 0.015 0.01  0.001 0.    0.003 0.011 0.002 0.904 0.013]
 [0.012 0.053 0.004 0.003 0.002 0.001 0.005 0.002 0.01  0.908]]
[2025-06-14 01:50:52,832 INFO] 6000 iteration, USE_EMA: True, {'train/sup_loss': tensor(0.9451, device='cuda:0'), 'train/unsup_loss': tensor(0.0053, device='cuda:0'), 'train/total_loss': tensor(1.3404, device='cuda:0'), 'lr': 0.027484812436692246, 'train/prefecth_time': 0.12362547302246094, 'train/run_time': 0.11908828735351562, 'eval/loss': tensor(0.5419, device='cuda:0'), 'eval/top-1-acc': 0.8218, 'eval/top-5-acc': np.float64(0.9904)}, BEST_EVAL_ACC: 0.8218, at 6000 iters
[2025-06-14 01:51:18,608 INFO] confusion matrix:
[[0.869 0.021 0.017 0.005 0.001 0.002 0.011 0.011 0.034 0.029]
 [0.008 0.952 0.    0.001 0.001 0.001 0.002 0.002 0.005 0.028]
 [0.068 0.001 0.667 0.035 0.053 0.05  0.091 0.022 0.005 0.008]
 [0.033 0.005 0.035 0.625 0.023 0.154 0.083 0.022 0.008 0.012]
 [0.022 0.002 0.035 0.04  0.761 0.023 0.057 0.057 0.003 0.   ]
 [0.007 0.006 0.026 0.104 0.023 0.777 0.019 0.033 0.002 0.003]
 [0.009 0.002 0.025 0.015 0.008 0.021 0.913 0.003 0.004 0.   ]
 [0.013 0.002 0.015 0.019 0.018 0.05  0.017 0.859 0.001 0.006]
 [0.043 0.017 0.01  0.001 0.    0.003 0.01  0.002 0.901 0.013]
 [0.014 0.053 0.004 0.003 0.002 0.001 0.006 0.002 0.01  0.905]]
[2025-06-14 01:51:18,613 INFO] 6100 iteration, USE_EMA: True, {'train/sup_loss': tensor(0.4794, device='cuda:0'), 'train/unsup_loss': tensor(0.0040, device='cuda:0'), 'train/total_loss': tensor(0.7811, device='cuda:0'), 'lr': 0.027401529896371214, 'train/prefecth_time': 0.12086969757080078, 'train/run_time': 0.11664383697509766, 'eval/loss': tensor(0.5409, device='cuda:0'), 'eval/top-1-acc': 0.8229, 'eval/top-5-acc': np.float64(0.9903)}, BEST_EVAL_ACC: 0.8229, at 6100 iters
[2025-06-14 01:51:44,269 INFO] confusion matrix:
[[0.869 0.022 0.018 0.005 0.001 0.002 0.009 0.012 0.033 0.029]
 [0.007 0.953 0.001 0.001 0.001 0.001 0.002 0.002 0.005 0.027]
 [0.072 0.001 0.671 0.036 0.051 0.048 0.088 0.022 0.004 0.007]
 [0.035 0.005 0.037 0.629 0.023 0.152 0.077 0.021 0.009 0.012]
 [0.024 0.002 0.036 0.039 0.758 0.023 0.06  0.055 0.003 0.   ]
 [0.008 0.006 0.027 0.105 0.023 0.775 0.018 0.033 0.002 0.003]
 [0.009 0.002 0.026 0.014 0.008 0.021 0.913 0.003 0.004 0.   ]
 [0.014 0.002 0.015 0.02  0.019 0.049 0.016 0.859 0.001 0.005]
 [0.043 0.018 0.009 0.001 0.    0.003 0.009 0.002 0.903 0.012]
 [0.014 0.052 0.004 0.002 0.002 0.001 0.006 0.002 0.011 0.906]]
[2025-06-14 01:51:44,274 INFO] 6200 iteration, USE_EMA: True, {'train/sup_loss': tensor(0.8428, device='cuda:0'), 'train/unsup_loss': tensor(0.0055, device='cuda:0'), 'train/total_loss': tensor(1.2706, device='cuda:0'), 'lr': 0.027316953252672308, 'train/prefecth_time': 0.09372191619873046, 'train/run_time': 0.11799359893798828, 'eval/loss': tensor(0.5385, device='cuda:0'), 'eval/top-1-acc': 0.8236, 'eval/top-5-acc': np.float64(0.99)}, BEST_EVAL_ACC: 0.8236, at 6200 iters
[2025-06-14 01:52:09,885 INFO] confusion matrix:
[[0.872 0.022 0.018 0.005 0.001 0.002 0.009 0.012 0.033 0.026]
 [0.007 0.954 0.001 0.001 0.001 0.001 0.002 0.002 0.005 0.026]
 [0.072 0.001 0.677 0.035 0.048 0.047 0.089 0.02  0.004 0.007]
 [0.037 0.006 0.035 0.63  0.023 0.152 0.076 0.02  0.009 0.012]
 [0.022 0.002 0.036 0.039 0.761 0.023 0.059 0.055 0.003 0.   ]
 [0.008 0.005 0.028 0.103 0.022 0.774 0.022 0.032 0.002 0.004]
 [0.009 0.002 0.025 0.014 0.009 0.019 0.915 0.003 0.004 0.   ]
 [0.017 0.002 0.012 0.019 0.019 0.049 0.015 0.86  0.002 0.005]
 [0.045 0.019 0.009 0.001 0.    0.003 0.01  0.002 0.899 0.012]
 [0.013 0.052 0.005 0.003 0.002 0.001 0.006 0.002 0.01  0.906]]
[2025-06-14 01:52:09,890 INFO] 6300 iteration, USE_EMA: True, {'train/sup_loss': tensor(0.6029, device='cuda:0'), 'train/unsup_loss': tensor(0.0055, device='cuda:0'), 'train/total_loss': tensor(1.0367, device='cuda:0'), 'lr': 0.027231086499931646, 'train/prefecth_time': 0.08728047943115234, 'train/run_time': 0.11506278228759766, 'eval/loss': tensor(0.5364, device='cuda:0'), 'eval/top-1-acc': 0.8248, 'eval/top-5-acc': np.float64(0.9903)}, BEST_EVAL_ACC: 0.8248, at 6300 iters
[2025-06-14 01:52:35,211 INFO] confusion matrix:
[[0.873 0.022 0.017 0.004 0.002 0.001 0.009 0.014 0.032 0.026]
 [0.01  0.955 0.    0.    0.001 0.001 0.002 0.002 0.005 0.024]
 [0.073 0.001 0.677 0.036 0.047 0.047 0.088 0.02  0.004 0.007]
 [0.038 0.006 0.036 0.618 0.023 0.158 0.08  0.02  0.009 0.012]
 [0.022 0.002 0.037 0.039 0.76  0.024 0.059 0.053 0.004 0.   ]
 [0.007 0.005 0.027 0.1   0.023 0.778 0.024 0.032 0.001 0.003]
 [0.01  0.002 0.024 0.013 0.009 0.02  0.916 0.002 0.004 0.   ]
 [0.017 0.002 0.011 0.019 0.019 0.048 0.015 0.863 0.002 0.004]
 [0.044 0.019 0.009 0.001 0.    0.004 0.009 0.002 0.9   0.012]
 [0.014 0.051 0.005 0.002 0.002 0.001 0.006 0.002 0.011 0.906]]
[2025-06-14 01:52:35,218 INFO] 6400 iteration, USE_EMA: True, {'train/sup_loss': tensor(0.3707, device='cuda:0'), 'train/unsup_loss': tensor(0.0057, device='cuda:0'), 'train/total_loss': tensor(0.8245, device='cuda:0'), 'lr': 0.027143933693413842, 'train/prefecth_time': 0.09597398376464844, 'train/run_time': 0.11510652923583985, 'eval/loss': tensor(0.5344, device='cuda:0'), 'eval/top-1-acc': 0.8246, 'eval/top-5-acc': np.float64(0.9906)}, BEST_EVAL_ACC: 0.8248, at 6300 iters
[2025-06-14 01:53:00,503 INFO] confusion matrix:
[[0.874 0.024 0.017 0.004 0.002 0.001 0.008 0.013 0.032 0.025]
 [0.01  0.957 0.    0.001 0.001 0.001 0.002 0.002 0.005 0.021]
 [0.073 0.001 0.681 0.035 0.045 0.047 0.086 0.021 0.004 0.007]
 [0.038 0.005 0.037 0.625 0.023 0.155 0.076 0.02  0.009 0.012]
 [0.022 0.003 0.036 0.039 0.763 0.023 0.058 0.053 0.003 0.   ]
 [0.01  0.005 0.027 0.098 0.023 0.779 0.022 0.032 0.001 0.003]
 [0.01  0.002 0.024 0.013 0.007 0.022 0.915 0.002 0.004 0.001]
 [0.017 0.002 0.011 0.019 0.019 0.048 0.015 0.862 0.002 0.005]
 [0.049 0.017 0.009 0.001 0.    0.004 0.008 0.002 0.898 0.012]
 [0.015 0.052 0.005 0.002 0.002 0.001 0.006 0.002 0.011 0.904]]
[2025-06-14 01:53:00,511 INFO] 6500 iteration, USE_EMA: True, {'train/sup_loss': tensor(0.7603, device='cuda:0'), 'train/unsup_loss': tensor(0.0045, device='cuda:0'), 'train/total_loss': tensor(1.1280, device='cuda:0'), 'lr': 0.02705549894912051, 'train/prefecth_time': 0.09399446105957031, 'train/run_time': 0.11492845153808594, 'eval/loss': tensor(0.5341, device='cuda:0'), 'eval/top-1-acc': 0.8258, 'eval/top-5-acc': np.float64(0.9905)}, BEST_EVAL_ACC: 0.8258, at 6500 iters
[2025-06-14 01:53:25,849 INFO] confusion matrix:
[[0.875 0.023 0.017 0.003 0.003 0.002 0.009 0.012 0.032 0.024]
 [0.011 0.958 0.    0.001 0.001 0.001 0.001 0.001 0.005 0.021]
 [0.072 0.001 0.687 0.032 0.045 0.048 0.088 0.018 0.004 0.005]
 [0.038 0.006 0.035 0.628 0.023 0.155 0.078 0.02  0.008 0.009]
 [0.02  0.003 0.035 0.037 0.769 0.024 0.059 0.05  0.003 0.   ]
 [0.01  0.004 0.027 0.098 0.023 0.781 0.022 0.032 0.001 0.002]
 [0.009 0.002 0.023 0.013 0.008 0.021 0.916 0.003 0.004 0.001]
 [0.017 0.002 0.01  0.02  0.02  0.049 0.015 0.861 0.002 0.004]
 [0.049 0.017 0.009 0.001 0.    0.004 0.009 0.002 0.897 0.012]
 [0.015 0.051 0.005 0.003 0.002 0.001 0.006 0.002 0.011 0.904]]
[2025-06-14 01:53:25,855 INFO] 6600 iteration, USE_EMA: True, {'train/sup_loss': tensor(1.4623, device='cuda:0'), 'train/unsup_loss': tensor(0.0178, device='cuda:0'), 'train/total_loss': tensor(2.9294, device='cuda:0'), 'lr': 0.026965786443595877, 'train/prefecth_time': 0.0888770523071289, 'train/run_time': 0.1150382080078125, 'eval/loss': tensor(0.5311, device='cuda:0'), 'eval/top-1-acc': 0.8276, 'eval/top-5-acc': np.float64(0.9902)}, BEST_EVAL_ACC: 0.8276, at 6600 iters
[2025-06-14 01:53:51,336 INFO] confusion matrix:
[[0.878 0.022 0.017 0.003 0.003 0.001 0.008 0.012 0.031 0.025]
 [0.011 0.956 0.    0.001 0.001 0.001 0.001 0.001 0.004 0.024]
 [0.075 0.001 0.683 0.033 0.044 0.047 0.089 0.018 0.005 0.005]
 [0.038 0.007 0.033 0.629 0.024 0.155 0.077 0.019 0.008 0.01 ]
 [0.019 0.003 0.033 0.036 0.772 0.024 0.059 0.051 0.003 0.   ]
 [0.01  0.004 0.026 0.103 0.023 0.774 0.023 0.033 0.002 0.002]
 [0.009 0.002 0.023 0.012 0.007 0.021 0.919 0.002 0.004 0.001]
 [0.015 0.002 0.009 0.02  0.02  0.049 0.014 0.865 0.002 0.004]
 [0.049 0.018 0.008 0.001 0.    0.004 0.009 0.002 0.897 0.012]
 [0.015 0.053 0.005 0.003 0.002 0.001 0.005 0.002 0.011 0.903]]
[2025-06-14 01:53:51,340 INFO] 6700 iteration, USE_EMA: True, {'train/sup_loss': tensor(1.7613, device='cuda:0'), 'train/unsup_loss': tensor(0.0179, device='cuda:0'), 'train/total_loss': tensor(3.2587, device='cuda:0'), 'lr': 0.026874800413729513, 'train/prefecth_time': 0.09277439880371094, 'train/run_time': 0.11498320007324218, 'eval/loss': tensor(0.5298, device='cuda:0'), 'eval/top-1-acc': 0.8276, 'eval/top-5-acc': np.float64(0.9901)}, BEST_EVAL_ACC: 0.8276, at 6600 iters
[2025-06-14 01:54:17,156 INFO] confusion matrix:
[[0.878 0.022 0.017 0.003 0.003 0.001 0.008 0.012 0.03  0.026]
 [0.011 0.955 0.    0.    0.001 0.001 0.001 0.001 0.004 0.026]
 [0.075 0.    0.684 0.031 0.043 0.051 0.087 0.019 0.005 0.005]
 [0.037 0.007 0.033 0.622 0.024 0.162 0.077 0.02  0.008 0.01 ]
 [0.021 0.002 0.03  0.037 0.778 0.023 0.058 0.048 0.003 0.   ]
 [0.01  0.005 0.025 0.101 0.022 0.781 0.02  0.031 0.002 0.003]
 [0.009 0.002 0.023 0.011 0.007 0.021 0.92  0.002 0.004 0.001]
 [0.014 0.002 0.008 0.02  0.019 0.051 0.014 0.867 0.001 0.004]
 [0.05  0.019 0.007 0.001 0.    0.004 0.009 0.002 0.896 0.012]
 [0.015 0.053 0.005 0.003 0.002 0.001 0.004 0.002 0.011 0.904]]
[2025-06-14 01:54:17,161 INFO] 6800 iteration, USE_EMA: True, {'train/sup_loss': tensor(1.4898, device='cuda:0'), 'train/unsup_loss': tensor(0.0230, device='cuda:0'), 'train/total_loss': tensor(3.4433, device='cuda:0'), 'lr': 0.026782545156556266, 'train/prefecth_time': 0.10150086212158203, 'train/run_time': 0.12475122833251953, 'eval/loss': tensor(0.5289, device='cuda:0'), 'eval/top-1-acc': 0.8285, 'eval/top-5-acc': np.float64(0.9904)}, BEST_EVAL_ACC: 0.8285, at 6800 iters
[2025-06-14 01:54:42,793 INFO] confusion matrix:
[[0.878 0.022 0.017 0.003 0.003 0.002 0.008 0.011 0.03  0.026]
 [0.011 0.958 0.    0.    0.001 0.001 0.001 0.001 0.004 0.023]
 [0.074 0.001 0.692 0.034 0.042 0.044 0.083 0.019 0.005 0.006]
 [0.037 0.006 0.037 0.622 0.023 0.159 0.079 0.02  0.007 0.01 ]
 [0.021 0.003 0.031 0.037 0.775 0.022 0.058 0.05  0.003 0.   ]
 [0.007 0.004 0.026 0.104 0.023 0.778 0.023 0.03  0.001 0.004]
 [0.009 0.002 0.022 0.011 0.007 0.02  0.922 0.002 0.004 0.001]
 [0.015 0.002 0.01  0.02  0.019 0.049 0.014 0.866 0.001 0.004]
 [0.05  0.019 0.007 0.001 0.    0.004 0.009 0.002 0.894 0.014]
 [0.014 0.053 0.005 0.003 0.001 0.001 0.003 0.001 0.011 0.908]]
[2025-06-14 01:54:42,799 INFO] 6900 iteration, USE_EMA: True, {'train/sup_loss': tensor(1.2050, device='cuda:0'), 'train/unsup_loss': tensor(0.0074, device='cuda:0'), 'train/total_loss': tensor(1.8451, device='cuda:0'), 'lr': 0.026689025029053282, 'train/prefecth_time': 0.09168345642089844, 'train/run_time': 0.11510374450683594, 'eval/loss': tensor(0.5273, device='cuda:0'), 'eval/top-1-acc': 0.8293, 'eval/top-5-acc': np.float64(0.9899)}, BEST_EVAL_ACC: 0.8293, at 6900 iters
[2025-06-14 01:55:08,489 INFO] confusion matrix:
[[0.882 0.021 0.017 0.003 0.003 0.002 0.008 0.01  0.029 0.025]
 [0.01  0.959 0.    0.    0.001 0.001 0.001 0.001 0.003 0.024]
 [0.074 0.001 0.69  0.031 0.042 0.049 0.083 0.018 0.005 0.007]
 [0.038 0.006 0.037 0.62  0.025 0.16  0.078 0.02  0.007 0.009]
 [0.023 0.003 0.031 0.037 0.771 0.022 0.058 0.052 0.003 0.   ]
 [0.008 0.004 0.025 0.101 0.022 0.781 0.022 0.029 0.002 0.006]
 [0.009 0.002 0.021 0.013 0.007 0.02  0.921 0.002 0.004 0.001]
 [0.014 0.002 0.011 0.019 0.019 0.049 0.014 0.865 0.001 0.006]
 [0.052 0.017 0.006 0.001 0.    0.004 0.009 0.002 0.895 0.014]
 [0.014 0.052 0.005 0.003 0.001 0.001 0.003 0.001 0.011 0.909]]
[2025-06-14 01:55:08,494 INFO] 7000 iteration, USE_EMA: True, {'train/sup_loss': tensor(0.6373, device='cuda:0'), 'train/unsup_loss': tensor(0.0059, device='cuda:0'), 'train/total_loss': tensor(1.1543, device='cuda:0'), 'lr': 0.026594244447934293, 'train/prefecth_time': 0.09189008331298829, 'train/run_time': 0.11524710083007812, 'eval/loss': tensor(0.5248, device='cuda:0'), 'eval/top-1-acc': 0.8293, 'eval/top-5-acc': np.float64(0.9901)}, BEST_EVAL_ACC: 0.8293, at 6900 iters
[2025-06-14 01:55:34,225 INFO] confusion matrix:
[[0.884 0.021 0.017 0.003 0.002 0.002 0.007 0.01  0.029 0.025]
 [0.009 0.957 0.    0.001 0.001 0.001 0.001 0.001 0.003 0.026]
 [0.073 0.001 0.693 0.031 0.043 0.047 0.082 0.018 0.005 0.007]
 [0.039 0.006 0.036 0.615 0.024 0.165 0.077 0.021 0.007 0.01 ]
 [0.023 0.003 0.031 0.035 0.774 0.023 0.057 0.051 0.003 0.   ]
 [0.007 0.004 0.026 0.096 0.023 0.784 0.023 0.029 0.002 0.006]
 [0.009 0.002 0.021 0.012 0.007 0.02  0.921 0.003 0.004 0.001]
 [0.013 0.001 0.011 0.02  0.018 0.049 0.014 0.868 0.002 0.004]
 [0.048 0.017 0.006 0.001 0.    0.004 0.009 0.002 0.898 0.015]
 [0.013 0.049 0.005 0.003 0.001 0.001 0.003 0.001 0.01  0.914]]
[2025-06-14 01:55:34,230 INFO] 7100 iteration, USE_EMA: True, {'train/sup_loss': tensor(1.5466, device='cuda:0'), 'train/unsup_loss': tensor(0.0155, device='cuda:0'), 'train/total_loss': tensor(2.9262, device='cuda:0'), 'lr': 0.026498207889440968, 'train/prefecth_time': 0.09058688354492188, 'train/run_time': 0.1156195526123047, 'eval/loss': tensor(0.5231, device='cuda:0'), 'eval/top-1-acc': 0.8308, 'eval/top-5-acc': np.float64(0.9904)}, BEST_EVAL_ACC: 0.8308, at 7100 iters
[2025-06-14 01:55:59,679 INFO] confusion matrix:
[[0.885 0.022 0.016 0.003 0.002 0.002 0.007 0.01  0.029 0.024]
 [0.008 0.957 0.    0.001 0.001 0.002 0.001 0.    0.004 0.026]
 [0.074 0.001 0.689 0.031 0.043 0.05  0.084 0.018 0.005 0.005]
 [0.039 0.006 0.036 0.614 0.025 0.161 0.081 0.02  0.007 0.011]
 [0.023 0.003 0.031 0.035 0.78  0.019 0.055 0.05  0.003 0.001]
 [0.009 0.004 0.025 0.097 0.024 0.782 0.024 0.029 0.002 0.004]
 [0.009 0.002 0.021 0.011 0.008 0.019 0.921 0.003 0.005 0.001]
 [0.014 0.001 0.01  0.017 0.019 0.049 0.014 0.872 0.002 0.002]
 [0.047 0.018 0.005 0.001 0.    0.004 0.009 0.002 0.899 0.015]
 [0.014 0.047 0.005 0.003 0.001 0.001 0.003 0.002 0.01  0.914]]
[2025-06-14 01:55:59,684 INFO] 7200 iteration, USE_EMA: True, {'train/sup_loss': tensor(0.8355, device='cuda:0'), 'train/unsup_loss': tensor(0.0041, device='cuda:0'), 'train/total_loss': tensor(1.2036, device='cuda:0'), 'lr': 0.026400919889131548, 'train/prefecth_time': 0.09118310546875, 'train/run_time': 0.115093505859375, 'eval/loss': tensor(0.5224, device='cuda:0'), 'eval/top-1-acc': 0.8313, 'eval/top-5-acc': np.float64(0.9902)}, BEST_EVAL_ACC: 0.8313, at 7200 iters
[2025-06-14 01:56:25,277 INFO] confusion matrix:
[[0.887 0.023 0.015 0.003 0.001 0.002 0.006 0.01  0.029 0.024]
 [0.009 0.956 0.    0.001 0.001 0.002 0.001 0.    0.004 0.026]
 [0.075 0.002 0.682 0.031 0.045 0.053 0.082 0.018 0.005 0.007]
 [0.038 0.005 0.035 0.617 0.027 0.161 0.079 0.02  0.007 0.011]
 [0.023 0.003 0.031 0.036 0.785 0.018 0.053 0.048 0.003 0.   ]
 [0.008 0.003 0.023 0.094 0.026 0.784 0.024 0.031 0.003 0.004]
 [0.009 0.002 0.021 0.011 0.007 0.019 0.922 0.003 0.005 0.001]
 [0.014 0.001 0.01  0.018 0.017 0.049 0.015 0.872 0.002 0.002]
 [0.047 0.017 0.005 0.001 0.    0.004 0.009 0.001 0.902 0.014]
 [0.014 0.048 0.005 0.003 0.002 0.001 0.003 0.002 0.011 0.911]]
[2025-06-14 01:56:25,282 INFO] 7300 iteration, USE_EMA: True, {'train/sup_loss': tensor(1.2079, device='cuda:0'), 'train/unsup_loss': tensor(0.0126, device='cuda:0'), 'train/total_loss': tensor(2.3590, device='cuda:0'), 'lr': 0.026302385041666636, 'train/prefecth_time': 0.14954739379882812, 'train/run_time': 0.11970646667480468, 'eval/loss': tensor(0.5212, device='cuda:0'), 'eval/top-1-acc': 0.8318, 'eval/top-5-acc': np.float64(0.9904)}, BEST_EVAL_ACC: 0.8318, at 7300 iters
[2025-06-14 01:56:51,011 INFO] confusion matrix:
[[0.884 0.022 0.016 0.003 0.001 0.002 0.007 0.01  0.031 0.024]
 [0.009 0.954 0.    0.    0.001 0.002 0.001 0.    0.004 0.029]
 [0.073 0.001 0.685 0.031 0.044 0.054 0.083 0.018 0.005 0.006]
 [0.04  0.006 0.036 0.602 0.027 0.17  0.082 0.018 0.007 0.012]
 [0.025 0.003 0.032 0.03  0.786 0.021 0.053 0.047 0.002 0.001]
 [0.008 0.003 0.025 0.09  0.024 0.787 0.026 0.03  0.002 0.005]
 [0.008 0.002 0.022 0.011 0.008 0.016 0.924 0.003 0.005 0.001]
 [0.014 0.001 0.013 0.018 0.017 0.048 0.015 0.869 0.002 0.003]
 [0.045 0.015 0.005 0.001 0.    0.004 0.009 0.001 0.906 0.014]
 [0.013 0.048 0.005 0.003 0.002 0.001 0.004 0.002 0.01  0.912]]
[2025-06-14 01:56:51,017 INFO] 7400 iteration, USE_EMA: True, {'train/sup_loss': tensor(0.6484, device='cuda:0'), 'train/unsup_loss': tensor(0.0035, device='cuda:0'), 'train/total_loss': tensor(0.9685, device='cuda:0'), 'lr': 0.026202608000592202, 'train/prefecth_time': 0.12362783813476562, 'train/run_time': 0.12882354736328125, 'eval/loss': tensor(0.5228, device='cuda:0'), 'eval/top-1-acc': 0.8309, 'eval/top-5-acc': np.float64(0.9905)}, BEST_EVAL_ACC: 0.8318, at 7300 iters
[2025-06-14 01:57:16,757 INFO] confusion matrix:
[[0.885 0.019 0.016 0.003 0.002 0.002 0.007 0.01  0.032 0.024]
 [0.011 0.956 0.    0.    0.001 0.002 0.001 0.    0.002 0.027]
 [0.073 0.001 0.69  0.029 0.045 0.053 0.081 0.017 0.005 0.006]
 [0.038 0.006 0.036 0.597 0.027 0.175 0.082 0.02  0.006 0.013]
 [0.025 0.003 0.03  0.029 0.786 0.022 0.054 0.047 0.003 0.001]
 [0.008 0.003 0.026 0.086 0.023 0.792 0.026 0.03  0.002 0.004]
 [0.008 0.002 0.023 0.011 0.008 0.016 0.924 0.003 0.004 0.001]
 [0.013 0.001 0.013 0.017 0.016 0.048 0.015 0.873 0.001 0.003]
 [0.047 0.014 0.005 0.001 0.    0.003 0.009 0.001 0.904 0.016]
 [0.013 0.048 0.005 0.002 0.002 0.002 0.003 0.001 0.009 0.915]]
[2025-06-14 01:57:16,762 INFO] 7500 iteration, USE_EMA: True, {'train/sup_loss': tensor(0.9035, device='cuda:0'), 'train/unsup_loss': tensor(0.0041, device='cuda:0'), 'train/total_loss': tensor(1.2853, device='cuda:0'), 'lr': 0.0261015934781198, 'train/prefecth_time': 0.12048719787597656, 'train/run_time': 0.11626290893554687, 'eval/loss': tensor(0.5211, device='cuda:0'), 'eval/top-1-acc': 0.8322, 'eval/top-5-acc': np.float64(0.9903)}, BEST_EVAL_ACC: 0.8322, at 7500 iters
[2025-06-14 01:57:42,263 INFO] confusion matrix:
[[0.888 0.018 0.016 0.003 0.001 0.002 0.006 0.01  0.032 0.024]
 [0.01  0.957 0.001 0.    0.001 0.002 0.001 0.    0.002 0.026]
 [0.072 0.    0.688 0.031 0.043 0.054 0.085 0.016 0.005 0.006]
 [0.038 0.004 0.036 0.598 0.028 0.175 0.081 0.02  0.007 0.013]
 [0.025 0.002 0.029 0.031 0.787 0.023 0.056 0.043 0.003 0.001]
 [0.009 0.003 0.025 0.086 0.023 0.79  0.027 0.031 0.002 0.004]
 [0.007 0.002 0.022 0.011 0.007 0.018 0.924 0.003 0.005 0.001]
 [0.014 0.001 0.014 0.017 0.016 0.05  0.015 0.869 0.001 0.003]
 [0.05  0.014 0.005 0.001 0.    0.003 0.01  0.001 0.899 0.017]
 [0.012 0.045 0.005 0.002 0.002 0.002 0.004 0.001 0.009 0.918]]
[2025-06-14 01:57:42,268 INFO] 7600 iteration, USE_EMA: True, {'train/sup_loss': tensor(1.1989, device='cuda:0'), 'train/unsup_loss': tensor(0.0104, device='cuda:0'), 'train/total_loss': tensor(2.1901, device='cuda:0'), 'lr': 0.025999346244904034, 'train/prefecth_time': 0.0913345947265625, 'train/run_time': 0.1155466537475586, 'eval/loss': tensor(0.5206, device='cuda:0'), 'eval/top-1-acc': 0.8318, 'eval/top-5-acc': np.float64(0.991)}, BEST_EVAL_ACC: 0.8322, at 7500 iters
[2025-06-14 01:58:07,765 INFO] confusion matrix:
[[0.889 0.017 0.015 0.003 0.001 0.002 0.007 0.01  0.032 0.024]
 [0.01  0.952 0.001 0.    0.001 0.002 0.001 0.    0.004 0.029]
 [0.072 0.    0.69  0.031 0.042 0.053 0.084 0.016 0.006 0.006]
 [0.035 0.005 0.035 0.599 0.028 0.18  0.078 0.02  0.007 0.013]
 [0.024 0.002 0.028 0.03  0.788 0.024 0.057 0.043 0.003 0.001]
 [0.009 0.003 0.025 0.083 0.024 0.793 0.026 0.031 0.002 0.004]
 [0.007 0.001 0.022 0.011 0.006 0.019 0.926 0.002 0.005 0.001]
 [0.013 0.001 0.014 0.017 0.016 0.051 0.015 0.868 0.002 0.003]
 [0.05  0.01  0.005 0.002 0.    0.003 0.009 0.001 0.904 0.016]
 [0.012 0.044 0.005 0.002 0.002 0.002 0.003 0.001 0.008 0.921]]
[2025-06-14 01:58:07,772 INFO] 7700 iteration, USE_EMA: True, {'train/sup_loss': tensor(1.2208, device='cuda:0'), 'train/unsup_loss': tensor(0.0079, device='cuda:0'), 'train/total_loss': tensor(1.9855, device='cuda:0'), 'lr': 0.025895871129817248, 'train/prefecth_time': 0.09387574768066406, 'train/run_time': 0.11535769653320313, 'eval/loss': tensor(0.5199, device='cuda:0'), 'eval/top-1-acc': 0.833, 'eval/top-5-acc': np.float64(0.9916)}, BEST_EVAL_ACC: 0.833, at 7700 iters
[2025-06-14 01:58:32,964 INFO] confusion matrix:
[[0.888 0.018 0.015 0.003 0.001 0.002 0.006 0.01  0.032 0.025]
 [0.009 0.952 0.001 0.001 0.    0.002 0.002 0.    0.003 0.03 ]
 [0.073 0.    0.688 0.032 0.04  0.053 0.086 0.016 0.006 0.006]
 [0.035 0.005 0.035 0.607 0.028 0.174 0.077 0.021 0.006 0.012]
 [0.024 0.002 0.028 0.032 0.781 0.024 0.059 0.045 0.004 0.001]
 [0.01  0.003 0.024 0.089 0.023 0.788 0.026 0.032 0.001 0.004]
 [0.008 0.001 0.021 0.011 0.006 0.019 0.926 0.002 0.005 0.001]
 [0.013 0.001 0.014 0.017 0.017 0.053 0.013 0.868 0.002 0.002]
 [0.048 0.012 0.007 0.002 0.    0.003 0.009 0.001 0.903 0.015]
 [0.012 0.043 0.005 0.003 0.002 0.003 0.001 0.001 0.009 0.921]]
[2025-06-14 01:58:32,971 INFO] 7800 iteration, USE_EMA: True, {'train/sup_loss': tensor(1.3786, device='cuda:0'), 'train/unsup_loss': tensor(0.0114, device='cuda:0'), 'train/total_loss': tensor(2.4891, device='cuda:0'), 'lr': 0.02579117301972147, 'train/prefecth_time': 0.09831692504882812, 'train/run_time': 0.1154194564819336, 'eval/loss': tensor(0.5191, device='cuda:0'), 'eval/top-1-acc': 0.8322, 'eval/top-5-acc': np.float64(0.9913)}, BEST_EVAL_ACC: 0.833, at 7700 iters
[2025-06-14 01:58:58,124 INFO] confusion matrix:
[[0.888 0.017 0.015 0.003 0.001 0.002 0.007 0.01  0.031 0.026]
 [0.01  0.949 0.001 0.    0.    0.002 0.002 0.001 0.004 0.031]
 [0.071 0.    0.688 0.035 0.039 0.054 0.085 0.016 0.006 0.006]
 [0.035 0.005 0.035 0.618 0.028 0.167 0.074 0.019 0.006 0.013]
 [0.024 0.002 0.029 0.034 0.783 0.022 0.059 0.041 0.005 0.001]
 [0.01  0.003 0.025 0.093 0.023 0.786 0.025 0.031 0.001 0.003]
 [0.01  0.001 0.02  0.011 0.004 0.019 0.926 0.003 0.005 0.001]
 [0.013 0.001 0.013 0.019 0.017 0.049 0.013 0.871 0.002 0.002]
 [0.049 0.011 0.007 0.002 0.    0.003 0.009 0.001 0.903 0.015]
 [0.012 0.04  0.004 0.003 0.002 0.002 0.002 0.002 0.009 0.924]]
[2025-06-14 01:58:58,131 INFO] 7900 iteration, USE_EMA: True, {'train/sup_loss': tensor(1.6028, device='cuda:0'), 'train/unsup_loss': tensor(0.0205, device='cuda:0'), 'train/total_loss': tensor(3.6301, device='cuda:0'), 'lr': 0.025685256859237626, 'train/prefecth_time': 0.09450934600830078, 'train/run_time': 0.11459584045410157, 'eval/loss': tensor(0.5166, device='cuda:0'), 'eval/top-1-acc': 0.8336, 'eval/top-5-acc': np.float64(0.991)}, BEST_EVAL_ACC: 0.8336, at 7900 iters
[2025-06-14 01:59:23,703 INFO] confusion matrix:
[[0.892 0.015 0.015 0.003 0.001 0.002 0.007 0.011 0.029 0.025]
 [0.009 0.949 0.001 0.001 0.    0.002 0.002 0.001 0.003 0.032]
 [0.07  0.    0.692 0.036 0.04  0.052 0.082 0.015 0.007 0.006]
 [0.035 0.005 0.032 0.62  0.028 0.169 0.075 0.018 0.007 0.011]
 [0.023 0.002 0.029 0.032 0.781 0.025 0.059 0.043 0.005 0.001]
 [0.01  0.003 0.026 0.098 0.021 0.783 0.024 0.03  0.002 0.003]
 [0.01  0.001 0.021 0.013 0.004 0.019 0.923 0.002 0.006 0.001]
 [0.014 0.001 0.013 0.021 0.018 0.052 0.012 0.866 0.001 0.002]
 [0.05  0.011 0.006 0.002 0.    0.003 0.009 0.002 0.902 0.015]
 [0.012 0.041 0.004 0.003 0.002 0.002 0.003 0.002 0.01  0.921]]
[2025-06-14 01:59:23,708 INFO] 8000 iteration, USE_EMA: True, {'train/sup_loss': tensor(1.4696, device='cuda:0'), 'train/unsup_loss': tensor(0.0132, device='cuda:0'), 'train/total_loss': tensor(2.7945, device='cuda:0'), 'lr': 0.025578127650511987, 'train/prefecth_time': 0.09484915161132812, 'train/run_time': 0.11452118682861329, 'eval/loss': tensor(0.5157, device='cuda:0'), 'eval/top-1-acc': 0.8329, 'eval/top-5-acc': np.float64(0.9913)}, BEST_EVAL_ACC: 0.8336, at 7900 iters
[2025-06-14 01:59:49,161 INFO] confusion matrix:
[[0.89  0.017 0.014 0.003 0.001 0.003 0.007 0.009 0.03  0.026]
 [0.009 0.951 0.001 0.001 0.    0.002 0.002 0.    0.003 0.031]
 [0.07  0.    0.692 0.04  0.04  0.05  0.081 0.015 0.006 0.006]
 [0.035 0.006 0.03  0.621 0.029 0.168 0.073 0.019 0.008 0.011]
 [0.026 0.002 0.029 0.032 0.785 0.022 0.055 0.043 0.005 0.001]
 [0.011 0.003 0.027 0.1   0.021 0.781 0.022 0.031 0.002 0.002]
 [0.01  0.001 0.021 0.013 0.005 0.018 0.921 0.004 0.006 0.001]
 [0.014 0.001 0.012 0.024 0.017 0.052 0.012 0.865 0.001 0.002]
 [0.051 0.012 0.005 0.002 0.    0.003 0.008 0.001 0.905 0.013]
 [0.012 0.042 0.004 0.003 0.002 0.002 0.003 0.001 0.01  0.921]]
[2025-06-14 01:59:49,166 INFO] 8100 iteration, USE_EMA: True, {'train/sup_loss': tensor(1.0293, device='cuda:0'), 'train/unsup_loss': tensor(0.0065, device='cuda:0'), 'train/total_loss': tensor(1.6800, device='cuda:0'), 'lr': 0.02546979045297999, 'train/prefecth_time': 0.10391887664794922, 'train/run_time': 0.11504764556884765, 'eval/loss': tensor(0.5142, device='cuda:0'), 'eval/top-1-acc': 0.8332, 'eval/top-5-acc': np.float64(0.9915)}, BEST_EVAL_ACC: 0.8336, at 7900 iters
[2025-06-14 02:00:14,941 INFO] confusion matrix:
[[0.888 0.017 0.014 0.003 0.001 0.003 0.008 0.009 0.031 0.026]
 [0.01  0.953 0.    0.001 0.001 0.002 0.001 0.    0.003 0.029]
 [0.071 0.    0.69  0.04  0.04  0.048 0.084 0.015 0.006 0.006]
 [0.035 0.006 0.032 0.621 0.028 0.163 0.076 0.021 0.008 0.01 ]
 [0.026 0.002 0.029 0.03  0.79  0.024 0.053 0.042 0.004 0.   ]
 [0.01  0.003 0.027 0.1   0.021 0.78  0.023 0.032 0.002 0.002]
 [0.01  0.001 0.023 0.013 0.004 0.018 0.922 0.003 0.005 0.001]
 [0.014 0.001 0.012 0.022 0.018 0.053 0.013 0.863 0.002 0.002]
 [0.05  0.01  0.006 0.002 0.    0.003 0.008 0.002 0.905 0.014]
 [0.012 0.042 0.004 0.003 0.002 0.002 0.003 0.001 0.01  0.921]]
[2025-06-14 02:00:14,946 INFO] 8200 iteration, USE_EMA: True, {'train/sup_loss': tensor(1.4252, device='cuda:0'), 'train/unsup_loss': tensor(0.0137, device='cuda:0'), 'train/total_loss': tensor(2.7979, device='cuda:0'), 'lr': 0.025360250383127225, 'train/prefecth_time': 0.09570508575439453, 'train/run_time': 0.11520409393310548, 'eval/loss': tensor(0.5146, device='cuda:0'), 'eval/top-1-acc': 0.8333, 'eval/top-5-acc': np.float64(0.9921)}, BEST_EVAL_ACC: 0.8336, at 7900 iters
[2025-06-14 02:00:40,396 INFO] confusion matrix:
[[0.888 0.018 0.015 0.003 0.001 0.002 0.008 0.009 0.03  0.026]
 [0.01  0.952 0.    0.001 0.001 0.002 0.001 0.    0.004 0.029]
 [0.071 0.    0.695 0.04  0.041 0.046 0.08  0.013 0.007 0.007]
 [0.036 0.007 0.029 0.631 0.027 0.154 0.077 0.021 0.008 0.01 ]
 [0.024 0.002 0.029 0.029 0.79  0.022 0.054 0.043 0.006 0.001]
 [0.01  0.003 0.026 0.102 0.023 0.778 0.023 0.031 0.002 0.002]
 [0.01  0.001 0.021 0.014 0.005 0.017 0.923 0.004 0.005 0.   ]
 [0.015 0.001 0.01  0.021 0.018 0.054 0.014 0.864 0.001 0.002]
 [0.054 0.011 0.005 0.002 0.    0.003 0.009 0.002 0.899 0.015]
 [0.012 0.042 0.004 0.003 0.002 0.002 0.003 0.001 0.009 0.922]]
[2025-06-14 02:00:40,403 INFO] 8300 iteration, USE_EMA: True, {'train/sup_loss': tensor(1.4318, device='cuda:0'), 'train/unsup_loss': tensor(0.0151, device='cuda:0'), 'train/total_loss': tensor(2.9378, device='cuda:0'), 'lr': 0.02524951261424786, 'train/prefecth_time': 0.10805439758300782, 'train/run_time': 0.11504252624511718, 'eval/loss': tensor(0.5133, device='cuda:0'), 'eval/top-1-acc': 0.8342, 'eval/top-5-acc': np.float64(0.9917)}, BEST_EVAL_ACC: 0.8342, at 8300 iters
[2025-06-14 02:01:05,911 INFO] confusion matrix:
[[0.891 0.018 0.014 0.003 0.001 0.003 0.009 0.008 0.028 0.025]
 [0.01  0.953 0.    0.001 0.001 0.002 0.001 0.    0.003 0.029]
 [0.072 0.    0.7   0.038 0.04  0.045 0.078 0.014 0.007 0.006]
 [0.033 0.005 0.029 0.646 0.027 0.152 0.071 0.019 0.008 0.01 ]
 [0.025 0.002 0.025 0.03  0.794 0.022 0.053 0.043 0.005 0.001]
 [0.008 0.003 0.028 0.103 0.023 0.776 0.025 0.03  0.001 0.003]
 [0.01  0.001 0.022 0.013 0.006 0.018 0.922 0.003 0.005 0.   ]
 [0.014 0.001 0.011 0.021 0.018 0.056 0.014 0.86  0.002 0.003]
 [0.054 0.012 0.005 0.002 0.    0.003 0.009 0.002 0.899 0.014]
 [0.012 0.041 0.004 0.003 0.002 0.002 0.003 0.001 0.009 0.923]]
[2025-06-14 02:01:05,916 INFO] 8400 iteration, USE_EMA: True, {'train/sup_loss': tensor(0.5952, device='cuda:0'), 'train/unsup_loss': tensor(0.0040, device='cuda:0'), 'train/total_loss': tensor(0.9910, device='cuda:0'), 'lr': 0.02513758237620026, 'train/prefecth_time': 0.1020440673828125, 'train/run_time': 0.11473155212402343, 'eval/loss': tensor(0.5112, device='cuda:0'), 'eval/top-1-acc': 0.8364, 'eval/top-5-acc': np.float64(0.9915)}, BEST_EVAL_ACC: 0.8364, at 8400 iters
[2025-06-14 02:01:31,314 INFO] confusion matrix:
[[0.893 0.019 0.014 0.003 0.001 0.003 0.007 0.007 0.028 0.025]
 [0.01  0.955 0.    0.001 0.    0.002 0.001 0.    0.003 0.028]
 [0.077 0.    0.692 0.04  0.042 0.047 0.076 0.014 0.006 0.006]
 [0.033 0.005 0.028 0.654 0.026 0.144 0.071 0.02  0.009 0.01 ]
 [0.025 0.002 0.025 0.031 0.793 0.021 0.054 0.043 0.005 0.001]
 [0.009 0.003 0.027 0.105 0.023 0.772 0.024 0.032 0.001 0.004]
 [0.01  0.001 0.022 0.013 0.006 0.016 0.924 0.003 0.005 0.   ]
 [0.014 0.001 0.01  0.022 0.017 0.053 0.013 0.866 0.002 0.002]
 [0.056 0.011 0.005 0.002 0.    0.003 0.009 0.002 0.898 0.014]
 [0.012 0.041 0.004 0.003 0.002 0.002 0.003 0.001 0.009 0.923]]
[2025-06-14 02:01:31,319 INFO] 8500 iteration, USE_EMA: True, {'train/sup_loss': tensor(0.4030, device='cuda:0'), 'train/unsup_loss': tensor(0.0050, device='cuda:0'), 'train/total_loss': tensor(0.9017, device='cuda:0'), 'lr': 0.02502446495516005, 'train/prefecth_time': 0.08884694671630859, 'train/run_time': 0.11411414337158203, 'eval/loss': tensor(0.5094, device='cuda:0'), 'eval/top-1-acc': 0.837, 'eval/top-5-acc': np.float64(0.9916)}, BEST_EVAL_ACC: 0.837, at 8500 iters
[2025-06-14 02:01:56,521 INFO] confusion matrix:
[[0.89  0.019 0.013 0.003 0.001 0.003 0.007 0.009 0.027 0.028]
 [0.01  0.956 0.    0.001 0.    0.002 0.001 0.    0.003 0.027]
 [0.078 0.    0.694 0.038 0.039 0.046 0.077 0.016 0.006 0.006]
 [0.034 0.004 0.028 0.656 0.026 0.142 0.071 0.021 0.009 0.009]
 [0.025 0.002 0.024 0.033 0.795 0.02  0.054 0.042 0.004 0.001]
 [0.009 0.004 0.026 0.108 0.025 0.77  0.021 0.032 0.001 0.004]
 [0.01  0.001 0.022 0.013 0.006 0.016 0.924 0.003 0.005 0.   ]
 [0.014 0.001 0.011 0.021 0.016 0.053 0.013 0.866 0.002 0.003]
 [0.057 0.012 0.006 0.002 0.    0.003 0.009 0.002 0.896 0.013]
 [0.013 0.041 0.003 0.003 0.002 0.002 0.003 0.001 0.008 0.924]]
[2025-06-14 02:01:56,526 INFO] 8600 iteration, USE_EMA: True, {'train/sup_loss': tensor(1.5569, device='cuda:0'), 'train/unsup_loss': tensor(0.0216, device='cuda:0'), 'train/total_loss': tensor(3.7210, device='cuda:0'), 'lr': 0.024910165693370425, 'train/prefecth_time': 0.11599801635742188, 'train/run_time': 0.11884937286376954, 'eval/loss': tensor(0.5090, device='cuda:0'), 'eval/top-1-acc': 0.8371, 'eval/top-5-acc': np.float64(0.9914)}, BEST_EVAL_ACC: 0.8371, at 8600 iters
[2025-06-14 02:02:22,073 INFO] confusion matrix:
[[0.888 0.02  0.015 0.003 0.001 0.002 0.007 0.009 0.027 0.028]
 [0.01  0.956 0.    0.001 0.    0.002 0.001 0.    0.003 0.027]
 [0.078 0.    0.699 0.039 0.043 0.043 0.072 0.016 0.004 0.006]
 [0.035 0.004 0.034 0.655 0.025 0.14  0.071 0.02  0.007 0.009]
 [0.024 0.001 0.026 0.033 0.796 0.021 0.051 0.044 0.004 0.   ]
 [0.011 0.004 0.029 0.106 0.025 0.769 0.019 0.032 0.001 0.004]
 [0.01  0.001 0.024 0.013 0.007 0.014 0.923 0.004 0.004 0.   ]
 [0.015 0.001 0.01  0.02  0.017 0.053 0.013 0.864 0.003 0.004]
 [0.057 0.013 0.006 0.002 0.    0.003 0.009 0.001 0.896 0.013]
 [0.013 0.04  0.002 0.003 0.001 0.001 0.003 0.001 0.009 0.927]]
[2025-06-14 02:02:22,078 INFO] 8700 iteration, USE_EMA: True, {'train/sup_loss': tensor(1.1727, device='cuda:0'), 'train/unsup_loss': tensor(0.0093, device='cuda:0'), 'train/total_loss': tensor(2.0981, device='cuda:0'), 'lr': 0.02479468998888986, 'train/prefecth_time': 0.14653651428222655, 'train/run_time': 0.11884748840332031, 'eval/loss': tensor(0.5078, device='cuda:0'), 'eval/top-1-acc': 0.8373, 'eval/top-5-acc': np.float64(0.9911)}, BEST_EVAL_ACC: 0.8373, at 8700 iters
[2025-06-14 02:02:47,601 INFO] confusion matrix:
[[0.894 0.018 0.014 0.003 0.001 0.002 0.006 0.008 0.027 0.027]
 [0.01  0.956 0.    0.001 0.    0.002 0.001 0.    0.004 0.026]
 [0.075 0.    0.705 0.036 0.042 0.043 0.072 0.016 0.005 0.006]
 [0.034 0.004 0.034 0.656 0.026 0.138 0.071 0.02  0.008 0.009]
 [0.023 0.001 0.029 0.031 0.799 0.02  0.051 0.043 0.003 0.   ]
 [0.01  0.004 0.031 0.111 0.024 0.766 0.019 0.03  0.001 0.004]
 [0.011 0.001 0.025 0.014 0.007 0.014 0.92  0.004 0.004 0.   ]
 [0.016 0.001 0.012 0.02  0.018 0.052 0.012 0.864 0.002 0.003]
 [0.059 0.01  0.006 0.002 0.    0.003 0.007 0.001 0.899 0.013]
 [0.013 0.043 0.002 0.003 0.001 0.001 0.003 0.001 0.009 0.924]]
[2025-06-14 02:02:47,606 INFO] 8800 iteration, USE_EMA: True, {'train/sup_loss': tensor(0.7070, device='cuda:0'), 'train/unsup_loss': tensor(0.0038, device='cuda:0'), 'train/total_loss': tensor(1.0886, device='cuda:0'), 'lr': 0.024678043295337182, 'train/prefecth_time': 0.11533516693115234, 'train/run_time': 0.12175244903564453, 'eval/loss': tensor(0.5060, device='cuda:0'), 'eval/top-1-acc': 0.8383, 'eval/top-5-acc': np.float64(0.9915)}, BEST_EVAL_ACC: 0.8383, at 8800 iters
[2025-06-14 02:03:13,254 INFO] confusion matrix:
[[0.892 0.018 0.015 0.003 0.001 0.002 0.007 0.008 0.027 0.027]
 [0.01  0.956 0.    0.001 0.    0.002 0.001 0.    0.004 0.026]
 [0.076 0.    0.707 0.036 0.041 0.043 0.071 0.015 0.005 0.006]
 [0.039 0.003 0.035 0.659 0.026 0.134 0.067 0.018 0.008 0.011]
 [0.025 0.001 0.027 0.033 0.796 0.02  0.052 0.043 0.003 0.   ]
 [0.012 0.004 0.031 0.11  0.023 0.767 0.019 0.029 0.001 0.004]
 [0.011 0.    0.026 0.014 0.007 0.014 0.92  0.004 0.004 0.   ]
 [0.016 0.001 0.01  0.021 0.017 0.051 0.013 0.867 0.002 0.002]
 [0.057 0.009 0.006 0.002 0.    0.003 0.007 0.001 0.904 0.011]
 [0.013 0.043 0.002 0.003 0.001 0.001 0.003 0.001 0.009 0.924]]
[2025-06-14 02:03:13,259 INFO] 8900 iteration, USE_EMA: True, {'train/sup_loss': tensor(0.8626, device='cuda:0'), 'train/unsup_loss': tensor(0.0054, device='cuda:0'), 'train/total_loss': tensor(1.3994, device='cuda:0'), 'lr': 0.024560231121633996, 'train/prefecth_time': 0.09176080322265626, 'train/run_time': 0.11550157165527344, 'eval/loss': tensor(0.5047, device='cuda:0'), 'eval/top-1-acc': 0.8392, 'eval/top-5-acc': np.float64(0.9914)}, BEST_EVAL_ACC: 0.8392, at 8900 iters
[2025-06-14 02:03:38,707 INFO] confusion matrix:
[[0.894 0.019 0.015 0.003 0.001 0.002 0.007 0.007 0.027 0.025]
 [0.01  0.957 0.    0.    0.    0.002 0.001 0.    0.004 0.026]
 [0.074 0.    0.709 0.037 0.04  0.043 0.071 0.015 0.005 0.006]
 [0.041 0.003 0.034 0.663 0.026 0.133 0.065 0.017 0.008 0.01 ]
 [0.026 0.001 0.027 0.035 0.795 0.018 0.054 0.042 0.002 0.   ]
 [0.013 0.004 0.031 0.111 0.022 0.765 0.019 0.03  0.001 0.004]
 [0.011 0.    0.025 0.014 0.007 0.015 0.919 0.004 0.005 0.   ]
 [0.016 0.001 0.01  0.021 0.016 0.05  0.013 0.869 0.002 0.002]
 [0.058 0.011 0.006 0.001 0.    0.003 0.008 0.001 0.9   0.012]
 [0.015 0.044 0.002 0.003 0.001 0.    0.003 0.002 0.008 0.922]]
[2025-06-14 02:03:38,714 INFO] 9000 iteration, USE_EMA: True, {'train/sup_loss': tensor(1.7116, device='cuda:0'), 'train/unsup_loss': tensor(0.0217, device='cuda:0'), 'train/total_loss': tensor(3.8836, device='cuda:0'), 'lr': 0.024441259031744527, 'train/prefecth_time': 0.0934117431640625, 'train/run_time': 0.1157550048828125, 'eval/loss': tensor(0.5040, device='cuda:0'), 'eval/top-1-acc': 0.8393, 'eval/top-5-acc': np.float64(0.9912)}, BEST_EVAL_ACC: 0.8393, at 9000 iters
[2025-06-14 02:04:04,166 INFO] confusion matrix:
[[0.896 0.018 0.014 0.003 0.001 0.002 0.007 0.007 0.027 0.025]
 [0.01  0.956 0.    0.001 0.    0.002 0.001 0.    0.004 0.026]
 [0.074 0.    0.709 0.037 0.039 0.046 0.07  0.015 0.005 0.005]
 [0.041 0.003 0.034 0.66  0.025 0.134 0.067 0.019 0.008 0.009]
 [0.025 0.001 0.027 0.033 0.797 0.019 0.054 0.04  0.004 0.   ]
 [0.012 0.004 0.032 0.111 0.022 0.767 0.018 0.029 0.001 0.004]
 [0.01  0.    0.026 0.016 0.006 0.015 0.918 0.003 0.005 0.001]
 [0.014 0.001 0.01  0.02  0.016 0.051 0.012 0.872 0.002 0.002]
 [0.059 0.011 0.006 0.001 0.    0.003 0.008 0.001 0.899 0.012]
 [0.015 0.04  0.002 0.003 0.001 0.    0.003 0.002 0.008 0.926]]
[2025-06-14 02:04:04,173 INFO] 9100 iteration, USE_EMA: True, {'train/sup_loss': tensor(0.6250, device='cuda:0'), 'train/unsup_loss': tensor(0.0050, device='cuda:0'), 'train/total_loss': tensor(1.1278, device='cuda:0'), 'lr': 0.02432113264441283, 'train/prefecth_time': 0.11049574279785156, 'train/run_time': 0.11687321472167969, 'eval/loss': tensor(0.5017, device='cuda:0'), 'eval/top-1-acc': 0.84, 'eval/top-5-acc': np.float64(0.991)}, BEST_EVAL_ACC: 0.84, at 9100 iters
[2025-06-14 02:04:29,489 INFO] confusion matrix:
[[0.899 0.017 0.013 0.003 0.001 0.002 0.006 0.006 0.028 0.025]
 [0.01  0.958 0.    0.001 0.    0.002 0.001 0.    0.003 0.025]
 [0.074 0.    0.714 0.035 0.038 0.043 0.069 0.017 0.005 0.005]
 [0.041 0.003 0.032 0.662 0.024 0.134 0.069 0.018 0.007 0.01 ]
 [0.024 0.001 0.029 0.036 0.793 0.017 0.055 0.041 0.004 0.   ]
 [0.012 0.004 0.031 0.112 0.023 0.767 0.018 0.028 0.001 0.004]
 [0.01  0.    0.026 0.018 0.006 0.016 0.918 0.002 0.004 0.   ]
 [0.015 0.001 0.01  0.023 0.017 0.052 0.011 0.867 0.002 0.002]
 [0.058 0.015 0.006 0.001 0.    0.003 0.008 0.001 0.896 0.012]
 [0.017 0.038 0.002 0.004 0.001 0.    0.002 0.002 0.007 0.927]]
[2025-06-14 02:04:29,496 INFO] 9200 iteration, USE_EMA: True, {'train/sup_loss': tensor(0.9783, device='cuda:0'), 'train/unsup_loss': tensor(0.0041, device='cuda:0'), 'train/total_loss': tensor(1.3840, device='cuda:0'), 'lr': 0.02419985763289746, 'train/prefecth_time': 0.09441897583007812, 'train/run_time': 0.11526406097412109, 'eval/loss': tensor(0.5007, device='cuda:0'), 'eval/top-1-acc': 0.8401, 'eval/top-5-acc': np.float64(0.9911)}, BEST_EVAL_ACC: 0.8401, at 9200 iters
[2025-06-14 02:04:54,797 INFO] confusion matrix:
[[0.896 0.018 0.013 0.003 0.001 0.002 0.006 0.008 0.028 0.025]
 [0.011 0.958 0.    0.    0.    0.002 0.001 0.    0.003 0.025]
 [0.076 0.    0.71  0.036 0.034 0.043 0.074 0.017 0.005 0.005]
 [0.037 0.004 0.032 0.658 0.025 0.138 0.069 0.02  0.007 0.01 ]
 [0.026 0.001 0.029 0.036 0.786 0.021 0.056 0.042 0.003 0.   ]
 [0.012 0.004 0.031 0.109 0.022 0.773 0.019 0.027 0.001 0.002]
 [0.01  0.    0.022 0.017 0.006 0.016 0.922 0.003 0.004 0.   ]
 [0.014 0.001 0.01  0.022 0.016 0.053 0.013 0.867 0.001 0.003]
 [0.056 0.015 0.006 0.001 0.    0.003 0.008 0.001 0.898 0.012]
 [0.016 0.037 0.002 0.004 0.001 0.    0.002 0.002 0.008 0.928]]
[2025-06-14 02:04:54,802 INFO] 9300 iteration, USE_EMA: True, {'train/sup_loss': tensor(0.6034, device='cuda:0'), 'train/unsup_loss': tensor(0.0040, device='cuda:0'), 'train/total_loss': tensor(1.0030, device='cuda:0'), 'lr': 0.024077439724703498, 'train/prefecth_time': 0.09103769683837891, 'train/run_time': 0.11541545867919922, 'eval/loss': tensor(0.5007, device='cuda:0'), 'eval/top-1-acc': 0.8396, 'eval/top-5-acc': np.float64(0.9911)}, BEST_EVAL_ACC: 0.8401, at 9200 iters
[2025-06-14 02:05:20,206 INFO] confusion matrix:
[[0.898 0.018 0.015 0.003 0.001 0.001 0.006 0.008 0.028 0.022]
 [0.01  0.959 0.    0.    0.    0.002 0.001 0.    0.003 0.025]
 [0.074 0.    0.713 0.037 0.034 0.041 0.073 0.018 0.005 0.005]
 [0.036 0.004 0.031 0.658 0.024 0.139 0.069 0.019 0.008 0.012]
 [0.027 0.001 0.03  0.036 0.781 0.021 0.059 0.042 0.003 0.   ]
 [0.012 0.004 0.032 0.111 0.021 0.77  0.018 0.029 0.001 0.002]
 [0.01  0.    0.022 0.017 0.004 0.016 0.923 0.003 0.004 0.001]
 [0.014 0.001 0.01  0.022 0.015 0.052 0.012 0.87  0.001 0.003]
 [0.059 0.015 0.006 0.001 0.    0.003 0.008 0.001 0.894 0.013]
 [0.017 0.036 0.002 0.004 0.001 0.    0.002 0.002 0.006 0.93 ]]
[2025-06-14 02:05:20,211 INFO] 9400 iteration, USE_EMA: True, {'train/sup_loss': tensor(0.4751, device='cuda:0'), 'train/unsup_loss': tensor(0.0052, device='cuda:0'), 'train/total_loss': tensor(0.9995, device='cuda:0'), 'lr': 0.0239538847013121, 'train/prefecth_time': 0.09162751770019531, 'train/run_time': 0.1196933135986328, 'eval/loss': tensor(0.5007, device='cuda:0'), 'eval/top-1-acc': 0.8396, 'eval/top-5-acc': np.float64(0.9912)}, BEST_EVAL_ACC: 0.8401, at 9200 iters
[2025-06-14 02:05:45,731 INFO] confusion matrix:
[[0.897 0.018 0.015 0.004 0.001 0.002 0.007 0.008 0.027 0.021]
 [0.009 0.958 0.    0.001 0.    0.002 0.001 0.001 0.003 0.025]
 [0.075 0.    0.715 0.036 0.035 0.042 0.071 0.017 0.005 0.004]
 [0.035 0.004 0.029 0.661 0.025 0.138 0.069 0.019 0.008 0.012]
 [0.025 0.001 0.029 0.035 0.789 0.02  0.057 0.041 0.003 0.   ]
 [0.012 0.004 0.031 0.11  0.021 0.773 0.017 0.028 0.001 0.003]
 [0.01  0.    0.024 0.017 0.003 0.016 0.924 0.001 0.004 0.001]
 [0.016 0.001 0.01  0.023 0.015 0.052 0.01  0.869 0.001 0.003]
 [0.054 0.015 0.006 0.002 0.    0.003 0.007 0.001 0.898 0.014]
 [0.016 0.038 0.002 0.004 0.001 0.001 0.002 0.002 0.007 0.927]]
[2025-06-14 02:05:45,736 INFO] 9500 iteration, USE_EMA: True, {'train/sup_loss': tensor(0.7247, device='cuda:0'), 'train/unsup_loss': tensor(0.0042, device='cuda:0'), 'train/total_loss': tensor(1.1486, device='cuda:0'), 'lr': 0.02382919839790743, 'train/prefecth_time': 0.09006633758544921, 'train/run_time': 0.11516191864013672, 'eval/loss': tensor(0.4984, device='cuda:0'), 'eval/top-1-acc': 0.8411, 'eval/top-5-acc': np.float64(0.9915)}, BEST_EVAL_ACC: 0.8411, at 9500 iters
[2025-06-14 02:06:11,133 INFO] confusion matrix:
[[0.901 0.018 0.015 0.003 0.001 0.002 0.006 0.008 0.025 0.021]
 [0.009 0.961 0.    0.001 0.    0.002 0.001 0.    0.003 0.023]
 [0.071 0.    0.724 0.037 0.033 0.04  0.071 0.015 0.005 0.004]
 [0.034 0.003 0.03  0.658 0.024 0.141 0.069 0.021 0.008 0.012]
 [0.027 0.002 0.029 0.037 0.787 0.019 0.056 0.041 0.002 0.   ]
 [0.012 0.004 0.031 0.11  0.021 0.773 0.017 0.028 0.001 0.003]
 [0.012 0.    0.024 0.016 0.003 0.015 0.922 0.002 0.005 0.001]
 [0.015 0.001 0.01  0.023 0.015 0.05  0.01  0.873 0.001 0.002]
 [0.057 0.016 0.005 0.002 0.    0.003 0.008 0.001 0.896 0.012]
 [0.016 0.04  0.002 0.004 0.001 0.    0.002 0.002 0.007 0.926]]
[2025-06-14 02:06:11,138 INFO] 9600 iteration, USE_EMA: True, {'train/sup_loss': tensor(0.4748, device='cuda:0'), 'train/unsup_loss': tensor(0.0040, device='cuda:0'), 'train/total_loss': tensor(0.8717, device='cuda:0'), 'lr': 0.023703386703101053, 'train/prefecth_time': 0.09369974517822266, 'train/run_time': 0.11459174346923828, 'eval/loss': tensor(0.4989, device='cuda:0'), 'eval/top-1-acc': 0.8421, 'eval/top-5-acc': np.float64(0.9913)}, BEST_EVAL_ACC: 0.8421, at 9600 iters
[2025-06-14 02:06:36,350 INFO] confusion matrix:
[[0.906 0.017 0.015 0.003 0.001 0.002 0.006 0.008 0.023 0.019]
 [0.009 0.963 0.    0.    0.    0.002 0.001 0.    0.002 0.023]
 [0.07  0.    0.718 0.037 0.033 0.04  0.078 0.015 0.005 0.004]
 [0.033 0.004 0.032 0.658 0.022 0.143 0.07  0.02  0.006 0.012]
 [0.028 0.002 0.029 0.034 0.791 0.021 0.054 0.039 0.002 0.   ]
 [0.011 0.004 0.031 0.109 0.02  0.776 0.016 0.029 0.001 0.003]
 [0.011 0.    0.023 0.016 0.003 0.015 0.924 0.002 0.005 0.001]
 [0.015 0.001 0.01  0.021 0.014 0.049 0.008 0.878 0.001 0.003]
 [0.056 0.018 0.007 0.001 0.    0.003 0.008 0.001 0.895 0.011]
 [0.018 0.041 0.002 0.004 0.001 0.001 0.002 0.002 0.005 0.924]]
[2025-06-14 02:06:36,355 INFO] 9700 iteration, USE_EMA: True, {'train/sup_loss': tensor(1.6334, device='cuda:0'), 'train/unsup_loss': tensor(0.0209, device='cuda:0'), 'train/total_loss': tensor(3.7251, device='cuda:0'), 'lr': 0.023576455558653897, 'train/prefecth_time': 0.08988886260986328, 'train/run_time': 0.11478451538085938, 'eval/loss': tensor(0.4989, device='cuda:0'), 'eval/top-1-acc': 0.8433, 'eval/top-5-acc': np.float64(0.9912)}, BEST_EVAL_ACC: 0.8433, at 9700 iters
[2025-06-14 02:07:01,746 INFO] confusion matrix:
[[0.902 0.018 0.015 0.004 0.001 0.002 0.006 0.008 0.024 0.02 ]
 [0.009 0.963 0.    0.    0.    0.002 0.001 0.    0.002 0.023]
 [0.071 0.    0.716 0.037 0.034 0.042 0.076 0.016 0.004 0.004]
 [0.032 0.004 0.03  0.661 0.022 0.144 0.069 0.021 0.006 0.011]
 [0.026 0.001 0.031 0.034 0.795 0.021 0.052 0.038 0.002 0.   ]
 [0.011 0.004 0.029 0.109 0.02  0.781 0.015 0.029 0.001 0.001]
 [0.01  0.    0.025 0.016 0.004 0.015 0.923 0.002 0.004 0.001]
 [0.015 0.001 0.01  0.022 0.013 0.052 0.008 0.876 0.001 0.002]
 [0.054 0.018 0.007 0.002 0.    0.002 0.008 0.001 0.896 0.012]
 [0.018 0.041 0.002 0.004 0.001 0.001 0.002 0.002 0.005 0.924]]
[2025-06-14 02:07:01,751 INFO] 9800 iteration, USE_EMA: True, {'train/sup_loss': tensor(0.5556, device='cuda:0'), 'train/unsup_loss': tensor(0.0027, device='cuda:0'), 'train/total_loss': tensor(0.8284, device='cuda:0'), 'lr': 0.023448410959195577, 'train/prefecth_time': 0.15002496337890625, 'train/run_time': 0.11954137420654297, 'eval/loss': tensor(0.4961, device='cuda:0'), 'eval/top-1-acc': 0.8437, 'eval/top-5-acc': np.float64(0.9909)}, BEST_EVAL_ACC: 0.8437, at 9800 iters
[2025-06-14 02:07:27,252 INFO] confusion matrix:
[[0.906 0.018 0.014 0.003 0.001 0.002 0.006 0.008 0.023 0.019]
 [0.009 0.963 0.    0.    0.    0.002 0.001 0.    0.002 0.023]
 [0.07  0.    0.717 0.035 0.035 0.042 0.077 0.016 0.004 0.004]
 [0.035 0.004 0.03  0.656 0.022 0.146 0.068 0.022 0.006 0.011]
 [0.025 0.002 0.029 0.033 0.799 0.02  0.052 0.038 0.002 0.   ]
 [0.011 0.003 0.031 0.107 0.02  0.781 0.015 0.029 0.002 0.001]
 [0.009 0.    0.028 0.015 0.004 0.015 0.921 0.002 0.005 0.001]
 [0.016 0.001 0.01  0.022 0.013 0.052 0.008 0.875 0.001 0.002]
 [0.055 0.017 0.006 0.001 0.    0.003 0.007 0.001 0.898 0.012]
 [0.017 0.041 0.002 0.004 0.001 0.001 0.002 0.002 0.006 0.924]]
[2025-06-14 02:07:27,257 INFO] 9900 iteration, USE_EMA: True, {'train/sup_loss': tensor(0.9353, device='cuda:0'), 'train/unsup_loss': tensor(0.0037, device='cuda:0'), 'train/total_loss': tensor(1.3083, device='cuda:0'), 'lr': 0.02331925895194131, 'train/prefecth_time': 0.1389874267578125, 'train/run_time': 0.11674432373046875, 'eval/loss': tensor(0.4966, device='cuda:0'), 'eval/top-1-acc': 0.844, 'eval/top-5-acc': np.float64(0.9913)}, BEST_EVAL_ACC: 0.844, at 9900 iters
[2025-06-14 02:07:52,716 INFO] confusion matrix:
[[0.901 0.018 0.016 0.003 0.001 0.002 0.006 0.008 0.025 0.02 ]
 [0.009 0.965 0.    0.    0.    0.002 0.    0.    0.002 0.022]
 [0.07  0.001 0.719 0.033 0.035 0.043 0.075 0.016 0.004 0.004]
 [0.033 0.004 0.032 0.648 0.022 0.152 0.068 0.024 0.006 0.011]
 [0.025 0.002 0.03  0.033 0.796 0.022 0.054 0.036 0.002 0.   ]
 [0.01  0.004 0.03  0.106 0.02  0.783 0.016 0.026 0.002 0.003]
 [0.008 0.    0.028 0.015 0.004 0.017 0.92  0.002 0.005 0.001]
 [0.017 0.001 0.01  0.02  0.013 0.052 0.008 0.876 0.001 0.002]
 [0.054 0.017 0.005 0.001 0.    0.003 0.007 0.001 0.9   0.012]
 [0.016 0.042 0.002 0.004 0.001 0.001 0.002 0.002 0.006 0.924]]
[2025-06-14 02:07:52,721 INFO] 10000 iteration, USE_EMA: True, {'train/sup_loss': tensor(1.3496, device='cuda:0'), 'train/unsup_loss': tensor(0.0138, device='cuda:0'), 'train/total_loss': tensor(2.7333, device='cuda:0'), 'lr': 0.023189005636406333, 'train/prefecth_time': 0.1220433578491211, 'train/run_time': 0.11611945343017578, 'eval/loss': tensor(0.4965, device='cuda:0'), 'eval/top-1-acc': 0.8432, 'eval/top-5-acc': np.float64(0.9911)}, BEST_EVAL_ACC: 0.844, at 9900 iters
[2025-06-14 02:08:18,359 INFO] confusion matrix:
[[0.905 0.019 0.015 0.003 0.001 0.001 0.004 0.009 0.024 0.019]
 [0.009 0.964 0.    0.    0.    0.002 0.    0.    0.002 0.023]
 [0.07  0.001 0.721 0.032 0.035 0.044 0.075 0.015 0.003 0.004]
 [0.033 0.004 0.03  0.644 0.022 0.158 0.07  0.022 0.006 0.011]
 [0.023 0.002 0.03  0.033 0.797 0.024 0.054 0.035 0.002 0.   ]
 [0.01  0.004 0.031 0.103 0.019 0.785 0.016 0.027 0.003 0.002]
 [0.008 0.002 0.027 0.016 0.004 0.017 0.92  0.001 0.004 0.001]
 [0.016 0.001 0.01  0.019 0.014 0.053 0.008 0.875 0.002 0.002]
 [0.052 0.018 0.006 0.001 0.    0.003 0.007 0.001 0.899 0.013]
 [0.016 0.044 0.002 0.004 0.001 0.001 0.002 0.002 0.007 0.921]]
[2025-06-14 02:08:18,364 INFO] 10100 iteration, USE_EMA: True, {'train/sup_loss': tensor(1.6808, device='cuda:0'), 'train/unsup_loss': tensor(0.0207, device='cuda:0'), 'train/total_loss': tensor(3.7536, device='cuda:0'), 'lr': 0.023057657164117805, 'train/prefecth_time': 0.09259417724609376, 'train/run_time': 0.11547718048095704, 'eval/loss': tensor(0.4960, device='cuda:0'), 'eval/top-1-acc': 0.8431, 'eval/top-5-acc': np.float64(0.9914)}, BEST_EVAL_ACC: 0.844, at 9900 iters
[2025-06-14 02:08:43,626 INFO] confusion matrix:
[[0.91  0.017 0.014 0.003 0.001 0.001 0.004 0.007 0.024 0.019]
 [0.01  0.963 0.    0.    0.    0.002 0.    0.    0.002 0.023]
 [0.071 0.002 0.721 0.031 0.035 0.044 0.073 0.016 0.003 0.004]
 [0.03  0.004 0.031 0.644 0.024 0.156 0.069 0.023 0.008 0.011]
 [0.024 0.002 0.028 0.031 0.799 0.022 0.055 0.037 0.002 0.   ]
 [0.01  0.004 0.031 0.103 0.02  0.783 0.016 0.028 0.003 0.002]
 [0.008 0.002 0.026 0.015 0.004 0.018 0.922 0.    0.004 0.001]
 [0.016 0.001 0.01  0.022 0.014 0.048 0.008 0.876 0.002 0.003]
 [0.051 0.018 0.005 0.001 0.    0.002 0.007 0.001 0.901 0.014]
 [0.016 0.043 0.002 0.004 0.001 0.001 0.002 0.002 0.007 0.922]]
[2025-06-14 02:08:43,634 INFO] 10200 iteration, USE_EMA: True, {'train/sup_loss': tensor(0.4539, device='cuda:0'), 'train/unsup_loss': tensor(0.0050, device='cuda:0'), 'train/total_loss': tensor(0.9563, device='cuda:0'), 'lr': 0.02292521973832432, 'train/prefecth_time': 0.09023078155517578, 'train/run_time': 0.11550460815429688, 'eval/loss': tensor(0.4942, device='cuda:0'), 'eval/top-1-acc': 0.8441, 'eval/top-5-acc': np.float64(0.9911)}, BEST_EVAL_ACC: 0.8441, at 10200 iters
[2025-06-14 02:09:08,827 INFO] confusion matrix:
[[0.907 0.017 0.014 0.003 0.001 0.001 0.004 0.007 0.025 0.021]
 [0.01  0.963 0.    0.    0.    0.002 0.    0.    0.002 0.023]
 [0.07  0.002 0.728 0.029 0.035 0.044 0.072 0.013 0.003 0.004]
 [0.033 0.004 0.034 0.635 0.024 0.16  0.07  0.021 0.009 0.01 ]
 [0.025 0.002 0.028 0.029 0.798 0.022 0.056 0.038 0.002 0.   ]
 [0.01  0.004 0.031 0.1   0.02  0.784 0.017 0.028 0.003 0.003]
 [0.008 0.002 0.027 0.014 0.004 0.017 0.922 0.001 0.004 0.001]
 [0.016 0.001 0.01  0.018 0.014 0.051 0.008 0.879 0.002 0.001]
 [0.051 0.018 0.006 0.001 0.    0.002 0.007 0.001 0.901 0.013]
 [0.016 0.041 0.002 0.004 0.001 0.001 0.002 0.002 0.007 0.924]]
[2025-06-14 02:09:08,837 INFO] 10300 iteration, USE_EMA: True, {'train/sup_loss': tensor(1.2756, device='cuda:0'), 'train/unsup_loss': tensor(0.0129, device='cuda:0'), 'train/total_loss': tensor(2.5648, device='cuda:0'), 'lr': 0.02279169961370292, 'train/prefecth_time': 0.09116393280029297, 'train/run_time': 0.11530601501464843, 'eval/loss': tensor(0.4953, device='cuda:0'), 'eval/top-1-acc': 0.8441, 'eval/top-5-acc': np.float64(0.9915)}, BEST_EVAL_ACC: 0.8441, at 10200 iters
[2025-06-14 02:09:33,894 INFO] confusion matrix:
[[0.908 0.017 0.014 0.003 0.001 0.001 0.004 0.007 0.027 0.018]
 [0.01  0.964 0.    0.    0.    0.002 0.    0.    0.002 0.022]
 [0.071 0.001 0.729 0.028 0.036 0.043 0.071 0.014 0.003 0.004]
 [0.032 0.004 0.035 0.641 0.026 0.151 0.071 0.022 0.009 0.009]
 [0.025 0.002 0.028 0.029 0.802 0.022 0.055 0.035 0.002 0.   ]
 [0.011 0.004 0.029 0.102 0.022 0.779 0.018 0.029 0.003 0.003]
 [0.011 0.002 0.023 0.015 0.003 0.017 0.924 0.    0.004 0.001]
 [0.017 0.001 0.01  0.021 0.015 0.048 0.009 0.877 0.001 0.001]
 [0.048 0.018 0.006 0.001 0.    0.002 0.006 0.001 0.904 0.014]
 [0.016 0.04  0.002 0.004 0.001 0.001 0.002 0.002 0.007 0.925]]
[2025-06-14 02:09:33,901 INFO] 10400 iteration, USE_EMA: True, {'train/sup_loss': tensor(0.4367, device='cuda:0'), 'train/unsup_loss': tensor(0.0040, device='cuda:0'), 'train/total_loss': tensor(0.8352, device='cuda:0'), 'lr': 0.022657103096063724, 'train/prefecth_time': 0.08991980743408202, 'train/run_time': 0.11498310089111329, 'eval/loss': tensor(0.4932, device='cuda:0'), 'eval/top-1-acc': 0.8453, 'eval/top-5-acc': np.float64(0.9924)}, BEST_EVAL_ACC: 0.8453, at 10400 iters
[2025-06-14 02:09:59,150 INFO] confusion matrix:
[[0.908 0.017 0.015 0.003 0.001 0.001 0.004 0.007 0.026 0.018]
 [0.01  0.964 0.    0.    0.    0.002 0.    0.    0.002 0.022]
 [0.069 0.    0.733 0.027 0.036 0.044 0.069 0.015 0.003 0.004]
 [0.036 0.004 0.034 0.642 0.026 0.151 0.068 0.022 0.008 0.009]
 [0.025 0.002 0.03  0.028 0.803 0.021 0.052 0.037 0.002 0.   ]
 [0.011 0.004 0.029 0.104 0.022 0.781 0.017 0.026 0.003 0.003]
 [0.01  0.002 0.023 0.015 0.003 0.016 0.926 0.001 0.003 0.001]
 [0.016 0.001 0.01  0.02  0.015 0.049 0.009 0.878 0.001 0.001]
 [0.05  0.015 0.006 0.001 0.    0.003 0.006 0.001 0.907 0.011]
 [0.016 0.041 0.002 0.004 0.001 0.001 0.002 0.002 0.007 0.924]]
[2025-06-14 02:09:59,155 INFO] 10500 iteration, USE_EMA: True, {'train/sup_loss': tensor(1.2145, device='cuda:0'), 'train/unsup_loss': tensor(0.0101, device='cuda:0'), 'train/total_loss': tensor(2.2216, device='cuda:0'), 'lr': 0.022521436542052096, 'train/prefecth_time': 0.08483305358886718, 'train/run_time': 0.11570191955566406, 'eval/loss': tensor(0.4912, device='cuda:0'), 'eval/top-1-acc': 0.8466, 'eval/top-5-acc': np.float64(0.9921)}, BEST_EVAL_ACC: 0.8466, at 10500 iters
[2025-06-14 02:10:24,458 INFO] confusion matrix:
[[0.909 0.019 0.014 0.004 0.001 0.001 0.003 0.007 0.025 0.017]
 [0.01  0.964 0.    0.    0.    0.002 0.    0.    0.002 0.022]
 [0.068 0.    0.741 0.026 0.035 0.043 0.067 0.014 0.003 0.003]
 [0.036 0.004 0.035 0.644 0.026 0.153 0.066 0.019 0.009 0.008]
 [0.026 0.002 0.03  0.028 0.801 0.023 0.053 0.035 0.002 0.   ]
 [0.011 0.004 0.03  0.102 0.023 0.78  0.018 0.026 0.003 0.003]
 [0.01  0.001 0.024 0.015 0.003 0.015 0.926 0.001 0.004 0.001]
 [0.017 0.001 0.01  0.021 0.019 0.049 0.01  0.871 0.001 0.001]
 [0.051 0.016 0.007 0.001 0.    0.002 0.006 0.001 0.906 0.01 ]
 [0.017 0.042 0.002 0.004 0.001 0.001 0.002 0.002 0.006 0.923]]
[2025-06-14 02:10:24,463 INFO] 10600 iteration, USE_EMA: True, {'train/sup_loss': tensor(0.6049, device='cuda:0'), 'train/unsup_loss': tensor(0.0042, device='cuda:0'), 'train/total_loss': tensor(1.0265, device='cuda:0'), 'lr': 0.022384706358848455, 'train/prefecth_time': 0.09091276550292969, 'train/run_time': 0.11493305969238281, 'eval/loss': tensor(0.4894, device='cuda:0'), 'eval/top-1-acc': 0.8465, 'eval/top-5-acc': np.float64(0.9924)}, BEST_EVAL_ACC: 0.8466, at 10500 iters
[2025-06-14 02:10:49,580 INFO] confusion matrix:
[[0.909 0.018 0.015 0.004 0.001 0.001 0.003 0.008 0.025 0.016]
 [0.01  0.965 0.    0.    0.    0.002 0.    0.    0.002 0.021]
 [0.066 0.    0.74  0.031 0.033 0.042 0.067 0.015 0.003 0.003]
 [0.034 0.003 0.035 0.661 0.026 0.14  0.066 0.019 0.007 0.009]
 [0.026 0.002 0.028 0.028 0.805 0.023 0.051 0.035 0.002 0.   ]
 [0.011 0.004 0.03  0.105 0.023 0.775 0.017 0.029 0.003 0.003]
 [0.009 0.001 0.024 0.016 0.005 0.013 0.925 0.002 0.004 0.001]
 [0.016 0.001 0.01  0.022 0.019 0.046 0.008 0.876 0.001 0.001]
 [0.051 0.014 0.006 0.001 0.    0.003 0.006 0.001 0.907 0.011]
 [0.017 0.041 0.002 0.004 0.001 0.    0.002 0.002 0.006 0.925]]
[2025-06-14 02:10:49,585 INFO] 10700 iteration, USE_EMA: True, {'train/sup_loss': tensor(0.4102, device='cuda:0'), 'train/unsup_loss': tensor(0.0037, device='cuda:0'), 'train/total_loss': tensor(0.7814, device='cuda:0'), 'lr': 0.02224691900386568, 'train/prefecth_time': 0.0926968002319336, 'train/run_time': 0.11706905364990235, 'eval/loss': tensor(0.4881, device='cuda:0'), 'eval/top-1-acc': 0.8488, 'eval/top-5-acc': np.float64(0.9922)}, BEST_EVAL_ACC: 0.8488, at 10700 iters
[2025-06-14 02:11:14,993 INFO] confusion matrix:
[[0.904 0.018 0.018 0.004 0.002 0.001 0.003 0.007 0.025 0.018]
 [0.01  0.964 0.    0.    0.    0.002 0.001 0.    0.002 0.021]
 [0.066 0.    0.744 0.028 0.033 0.041 0.067 0.014 0.004 0.003]
 [0.036 0.003 0.036 0.675 0.024 0.129 0.065 0.018 0.006 0.008]
 [0.026 0.002 0.031 0.029 0.807 0.019 0.05  0.034 0.002 0.   ]
 [0.011 0.004 0.031 0.11  0.023 0.77  0.017 0.029 0.003 0.002]
 [0.011 0.001 0.024 0.017 0.004 0.012 0.924 0.002 0.004 0.001]
 [0.017 0.001 0.01  0.025 0.016 0.044 0.008 0.878 0.    0.001]
 [0.053 0.015 0.007 0.002 0.    0.001 0.006 0.001 0.904 0.011]
 [0.018 0.041 0.002 0.004 0.001 0.    0.002 0.002 0.005 0.925]]
[2025-06-14 02:11:14,998 INFO] 10800 iteration, USE_EMA: True, {'train/sup_loss': tensor(0.6955, device='cuda:0'), 'train/unsup_loss': tensor(0.0044, device='cuda:0'), 'train/total_loss': tensor(1.1375, device='cuda:0'), 'lr': 0.022108080984444126, 'train/prefecth_time': 0.09182701110839844, 'train/run_time': 0.11474739074707031, 'eval/loss': tensor(0.4870, device='cuda:0'), 'eval/top-1-acc': 0.8495, 'eval/top-5-acc': np.float64(0.992)}, BEST_EVAL_ACC: 0.8495, at 10800 iters
[2025-06-14 02:11:40,232 INFO] confusion matrix:
[[0.908 0.018 0.015 0.005 0.002 0.    0.003 0.008 0.022 0.019]
 [0.01  0.963 0.    0.    0.    0.002 0.001 0.    0.002 0.022]
 [0.066 0.001 0.743 0.03  0.031 0.04  0.067 0.015 0.004 0.003]
 [0.035 0.004 0.035 0.679 0.023 0.127 0.064 0.018 0.006 0.009]
 [0.025 0.002 0.032 0.029 0.807 0.019 0.05  0.034 0.002 0.   ]
 [0.011 0.004 0.03  0.111 0.024 0.772 0.016 0.027 0.003 0.002]
 [0.011 0.001 0.024 0.017 0.004 0.012 0.924 0.002 0.004 0.001]
 [0.017 0.001 0.009 0.025 0.017 0.042 0.009 0.877 0.001 0.002]
 [0.055 0.014 0.006 0.002 0.    0.002 0.006 0.001 0.903 0.011]
 [0.017 0.042 0.002 0.004 0.001 0.    0.002 0.001 0.005 0.926]]
[2025-06-14 02:11:40,236 INFO] 10900 iteration, USE_EMA: True, {'train/sup_loss': tensor(1.1391, device='cuda:0'), 'train/unsup_loss': tensor(0.0089, device='cuda:0'), 'train/total_loss': tensor(2.0299, device='cuda:0'), 'lr': 0.02196819885754433, 'train/prefecth_time': 0.08902861022949218, 'train/run_time': 0.11539564514160157, 'eval/loss': tensor(0.4865, device='cuda:0'), 'eval/top-1-acc': 0.8502, 'eval/top-5-acc': np.float64(0.9922)}, BEST_EVAL_ACC: 0.8502, at 10900 iters
[2025-06-14 02:12:05,409 INFO] confusion matrix:
[[0.907 0.019 0.014 0.005 0.001 0.    0.003 0.008 0.024 0.019]
 [0.01  0.964 0.    0.    0.    0.002 0.001 0.    0.002 0.021]
 [0.068 0.001 0.741 0.03  0.034 0.04  0.063 0.015 0.005 0.003]
 [0.035 0.004 0.034 0.682 0.022 0.128 0.063 0.018 0.006 0.008]
 [0.025 0.002 0.03  0.028 0.811 0.018 0.049 0.033 0.003 0.001]
 [0.011 0.004 0.029 0.11  0.024 0.774 0.015 0.029 0.003 0.001]
 [0.011 0.001 0.025 0.017 0.004 0.012 0.922 0.002 0.005 0.001]
 [0.016 0.001 0.009 0.026 0.017 0.039 0.008 0.88  0.002 0.002]
 [0.053 0.015 0.005 0.002 0.    0.002 0.006 0.001 0.905 0.011]
 [0.016 0.043 0.002 0.004 0.001 0.    0.002 0.002 0.005 0.925]]
[2025-06-14 02:12:05,414 INFO] 11000 iteration, USE_EMA: True, {'train/sup_loss': tensor(0.4017, device='cuda:0'), 'train/unsup_loss': tensor(0.0043, device='cuda:0'), 'train/total_loss': tensor(0.8284, device='cuda:0'), 'lr': 0.021827279229437307, 'train/prefecth_time': 0.1376488037109375, 'train/run_time': 0.11934719848632812, 'eval/loss': tensor(0.4846, device='cuda:0'), 'eval/top-1-acc': 0.8511, 'eval/top-5-acc': np.float64(0.9924)}, BEST_EVAL_ACC: 0.8511, at 11000 iters
[2025-06-14 02:12:30,775 INFO] confusion matrix:
[[0.904 0.018 0.017 0.004 0.002 0.001 0.003 0.007 0.025 0.019]
 [0.01  0.963 0.    0.    0.    0.002 0.001 0.    0.002 0.022]
 [0.069 0.001 0.741 0.031 0.032 0.042 0.063 0.014 0.004 0.003]
 [0.031 0.005 0.034 0.68  0.021 0.134 0.063 0.017 0.006 0.009]
 [0.025 0.002 0.03  0.027 0.815 0.019 0.045 0.033 0.003 0.001]
 [0.01  0.004 0.028 0.108 0.023 0.782 0.013 0.027 0.003 0.002]
 [0.01  0.001 0.024 0.017 0.006 0.013 0.922 0.001 0.005 0.001]
 [0.015 0.001 0.009 0.026 0.016 0.038 0.008 0.883 0.002 0.002]
 [0.053 0.015 0.005 0.002 0.    0.003 0.006 0.001 0.903 0.012]
 [0.014 0.042 0.002 0.004 0.001 0.    0.002 0.001 0.007 0.927]]
[2025-06-14 02:12:30,780 INFO] 11100 iteration, USE_EMA: True, {'train/sup_loss': tensor(1.1782, device='cuda:0'), 'train/unsup_loss': tensor(0.0103, device='cuda:0'), 'train/total_loss': tensor(2.2070, device='cuda:0'), 'lr': 0.021685328755392582, 'train/prefecth_time': 0.12570713806152345, 'train/run_time': 0.11610873413085937, 'eval/loss': tensor(0.4836, device='cuda:0'), 'eval/top-1-acc': 0.852, 'eval/top-5-acc': np.float64(0.9925)}, BEST_EVAL_ACC: 0.852, at 11100 iters
[2025-06-14 02:12:56,175 INFO] confusion matrix:
[[0.907 0.018 0.016 0.004 0.002 0.001 0.003 0.008 0.022 0.019]
 [0.009 0.965 0.    0.    0.    0.002 0.001 0.    0.002 0.021]
 [0.066 0.001 0.747 0.031 0.029 0.041 0.063 0.014 0.004 0.004]
 [0.03  0.005 0.035 0.676 0.022 0.137 0.06  0.018 0.007 0.01 ]
 [0.024 0.003 0.03  0.025 0.819 0.018 0.044 0.033 0.003 0.001]
 [0.01  0.004 0.029 0.106 0.023 0.788 0.012 0.024 0.002 0.002]
 [0.01  0.002 0.025 0.018 0.006 0.014 0.921 0.    0.003 0.001]
 [0.015 0.001 0.01  0.026 0.017 0.041 0.008 0.88  0.001 0.001]
 [0.054 0.015 0.005 0.002 0.    0.003 0.006 0.001 0.902 0.012]
 [0.015 0.045 0.002 0.004 0.001 0.001 0.002 0.001 0.007 0.922]]
[2025-06-14 02:12:56,180 INFO] 11200 iteration, USE_EMA: True, {'train/sup_loss': tensor(1.6727, device='cuda:0'), 'train/unsup_loss': tensor(0.0200, device='cuda:0'), 'train/total_loss': tensor(3.6766, device='cuda:0'), 'lr': 0.02154235413936386, 'train/prefecth_time': 0.12158354949951172, 'train/run_time': 0.11575910186767578, 'eval/loss': tensor(0.4811, device='cuda:0'), 'eval/top-1-acc': 0.8527, 'eval/top-5-acc': np.float64(0.9926)}, BEST_EVAL_ACC: 0.8527, at 11200 iters
[2025-06-14 02:13:21,401 INFO] confusion matrix:
[[0.909 0.017 0.016 0.003 0.002 0.001 0.002 0.008 0.022 0.02 ]
 [0.009 0.966 0.    0.    0.    0.002 0.001 0.    0.002 0.02 ]
 [0.067 0.001 0.75  0.031 0.027 0.042 0.061 0.013 0.004 0.004]
 [0.032 0.004 0.033 0.681 0.021 0.132 0.061 0.018 0.007 0.011]
 [0.024 0.002 0.03  0.025 0.822 0.018 0.045 0.032 0.002 0.   ]
 [0.009 0.004 0.029 0.106 0.023 0.789 0.012 0.024 0.002 0.002]
 [0.009 0.001 0.026 0.02  0.006 0.013 0.919 0.    0.005 0.001]
 [0.015 0.001 0.01  0.025 0.02  0.042 0.008 0.877 0.001 0.001]
 [0.055 0.014 0.005 0.001 0.    0.003 0.006 0.001 0.903 0.012]
 [0.014 0.045 0.002 0.004 0.001 0.001 0.001 0.001 0.007 0.924]]
[2025-06-14 02:13:21,405 INFO] 11300 iteration, USE_EMA: True, {'train/sup_loss': tensor(0.9815, device='cuda:0'), 'train/unsup_loss': tensor(0.0064, device='cuda:0'), 'train/total_loss': tensor(1.6179, device='cuda:0'), 'lr': 0.021398362133672428, 'train/prefecth_time': 0.0885186538696289, 'train/run_time': 0.11571186828613281, 'eval/loss': tensor(0.4812, device='cuda:0'), 'eval/top-1-acc': 0.854, 'eval/top-5-acc': np.float64(0.9923)}, BEST_EVAL_ACC: 0.854, at 11300 iters
[2025-06-14 02:13:46,376 INFO] confusion matrix:
[[0.911 0.017 0.015 0.003 0.001 0.001 0.002 0.009 0.021 0.02 ]
 [0.007 0.968 0.    0.    0.    0.002 0.001 0.    0.002 0.02 ]
 [0.066 0.001 0.753 0.03  0.026 0.041 0.06  0.014 0.005 0.004]
 [0.032 0.003 0.033 0.67  0.025 0.141 0.06  0.02  0.007 0.009]
 [0.025 0.002 0.027 0.024 0.826 0.018 0.043 0.033 0.002 0.   ]
 [0.009 0.004 0.029 0.103 0.023 0.792 0.012 0.025 0.002 0.001]
 [0.009 0.002 0.023 0.019 0.006 0.013 0.922 0.    0.005 0.001]
 [0.014 0.001 0.01  0.022 0.02  0.044 0.008 0.879 0.001 0.001]
 [0.054 0.013 0.005 0.001 0.    0.004 0.006 0.001 0.904 0.012]
 [0.013 0.046 0.002 0.004 0.001 0.001 0.001 0.001 0.008 0.923]]
[2025-06-14 02:13:46,383 INFO] 11400 iteration, USE_EMA: True, {'train/sup_loss': tensor(1.2457, device='cuda:0'), 'train/unsup_loss': tensor(0.0101, device='cuda:0'), 'train/total_loss': tensor(2.2529, device='cuda:0'), 'lr': 0.021253359538688253, 'train/prefecth_time': 0.09205328369140625, 'train/run_time': 0.11415779113769531, 'eval/loss': tensor(0.4792, device='cuda:0'), 'eval/top-1-acc': 0.8548, 'eval/top-5-acc': np.float64(0.9928)}, BEST_EVAL_ACC: 0.8548, at 11400 iters
[2025-06-14 02:14:11,452 INFO] confusion matrix:
[[0.912 0.017 0.014 0.004 0.001 0.    0.002 0.009 0.021 0.02 ]
 [0.007 0.968 0.    0.    0.    0.002 0.001 0.    0.002 0.02 ]
 [0.068 0.001 0.753 0.03  0.027 0.042 0.058 0.014 0.004 0.003]
 [0.034 0.004 0.033 0.671 0.023 0.143 0.06  0.018 0.007 0.007]
 [0.024 0.002 0.026 0.026 0.825 0.019 0.044 0.032 0.002 0.   ]
 [0.01  0.004 0.029 0.104 0.022 0.791 0.012 0.024 0.002 0.002]
 [0.01  0.002 0.022 0.017 0.006 0.015 0.923 0.    0.004 0.001]
 [0.015 0.001 0.01  0.021 0.019 0.045 0.007 0.88  0.001 0.001]
 [0.054 0.013 0.005 0.001 0.    0.004 0.006 0.001 0.903 0.013]
 [0.015 0.046 0.002 0.004 0.001 0.001 0.001 0.001 0.008 0.921]]
[2025-06-14 02:14:11,459 INFO] 11500 iteration, USE_EMA: True, {'train/sup_loss': tensor(1.3169, device='cuda:0'), 'train/unsup_loss': tensor(0.0149, device='cuda:0'), 'train/total_loss': tensor(2.8116, device='cuda:0'), 'lr': 0.021107353202508818, 'train/prefecth_time': 0.08926617431640625, 'train/run_time': 0.11529116821289062, 'eval/loss': tensor(0.4785, device='cuda:0'), 'eval/top-1-acc': 0.8547, 'eval/top-5-acc': np.float64(0.9925)}, BEST_EVAL_ACC: 0.8548, at 11400 iters
[2025-06-14 02:14:36,577 INFO] confusion matrix:
[[0.911 0.017 0.014 0.004 0.001 0.    0.002 0.009 0.021 0.021]
 [0.007 0.967 0.    0.001 0.    0.002 0.001 0.    0.002 0.02 ]
 [0.069 0.001 0.752 0.03  0.027 0.042 0.058 0.014 0.004 0.003]
 [0.034 0.004 0.035 0.673 0.022 0.141 0.059 0.018 0.007 0.007]
 [0.025 0.002 0.029 0.026 0.822 0.019 0.042 0.033 0.002 0.   ]
 [0.009 0.004 0.029 0.103 0.023 0.792 0.012 0.024 0.002 0.002]
 [0.012 0.002 0.022 0.016 0.006 0.016 0.921 0.    0.004 0.001]
 [0.016 0.001 0.01  0.022 0.018 0.044 0.007 0.88  0.001 0.001]
 [0.056 0.013 0.005 0.001 0.    0.004 0.005 0.001 0.903 0.012]
 [0.014 0.048 0.002 0.004 0.    0.001 0.001 0.001 0.008 0.921]]
[2025-06-14 02:14:36,582 INFO] 11600 iteration, USE_EMA: True, {'train/sup_loss': tensor(0.3946, device='cuda:0'), 'train/unsup_loss': tensor(0.0040, device='cuda:0'), 'train/total_loss': tensor(0.7935, device='cuda:0'), 'lr': 0.020960350020635704, 'train/prefecth_time': 0.0902470703125, 'train/run_time': 0.11529974365234374, 'eval/loss': tensor(0.4788, device='cuda:0'), 'eval/top-1-acc': 0.8542, 'eval/top-5-acc': np.float64(0.9924)}, BEST_EVAL_ACC: 0.8548, at 11400 iters
[2025-06-14 02:15:02,166 INFO] confusion matrix:
[[0.912 0.017 0.014 0.004 0.001 0.    0.002 0.008 0.021 0.021]
 [0.008 0.967 0.    0.    0.    0.002 0.001 0.    0.002 0.02 ]
 [0.07  0.001 0.748 0.028 0.028 0.042 0.06  0.015 0.005 0.003]
 [0.032 0.004 0.035 0.672 0.021 0.145 0.06  0.018 0.007 0.006]
 [0.025 0.002 0.026 0.025 0.823 0.019 0.042 0.034 0.004 0.   ]
 [0.008 0.004 0.029 0.104 0.022 0.794 0.011 0.024 0.002 0.002]
 [0.012 0.002 0.022 0.017 0.003 0.017 0.922 0.    0.004 0.001]
 [0.016 0.001 0.01  0.02  0.019 0.047 0.007 0.878 0.001 0.001]
 [0.055 0.012 0.004 0.001 0.    0.004 0.005 0.001 0.906 0.012]
 [0.014 0.045 0.002 0.004 0.    0.001 0.001 0.001 0.009 0.923]]
[2025-06-14 02:15:02,171 INFO] 11700 iteration, USE_EMA: True, {'train/sup_loss': tensor(1.1511, device='cuda:0'), 'train/unsup_loss': tensor(0.0130, device='cuda:0'), 'train/total_loss': tensor(2.4520, device='cuda:0'), 'lr': 0.02081235693564895, 'train/prefecth_time': 0.09613922882080078, 'train/run_time': 0.11500601959228515, 'eval/loss': tensor(0.4783, device='cuda:0'), 'eval/top-1-acc': 0.8545, 'eval/top-5-acc': np.float64(0.9919)}, BEST_EVAL_ACC: 0.8548, at 11400 iters
[2025-06-14 02:15:27,382 INFO] confusion matrix:
[[0.913 0.016 0.015 0.004 0.001 0.    0.002 0.008 0.02  0.021]
 [0.007 0.967 0.    0.    0.    0.002 0.001 0.    0.002 0.021]
 [0.071 0.001 0.751 0.024 0.028 0.041 0.063 0.015 0.004 0.002]
 [0.031 0.004 0.037 0.668 0.02  0.148 0.062 0.017 0.006 0.007]
 [0.025 0.002 0.028 0.023 0.822 0.019 0.043 0.033 0.004 0.001]
 [0.008 0.004 0.029 0.099 0.022 0.798 0.012 0.024 0.002 0.002]
 [0.01  0.002 0.023 0.015 0.003 0.017 0.924 0.001 0.004 0.001]
 [0.015 0.001 0.011 0.02  0.017 0.047 0.007 0.879 0.002 0.001]
 [0.054 0.012 0.004 0.001 0.    0.004 0.005 0.001 0.907 0.012]
 [0.015 0.047 0.002 0.004 0.    0.001 0.001 0.001 0.008 0.921]]
[2025-06-14 02:15:27,387 INFO] 11800 iteration, USE_EMA: True, {'train/sup_loss': tensor(0.4051, device='cuda:0'), 'train/unsup_loss': tensor(0.0049, device='cuda:0'), 'train/total_loss': tensor(0.8998, device='cuda:0'), 'lr': 0.020663380936879146, 'train/prefecth_time': 0.09651792144775391, 'train/run_time': 0.11638365173339844, 'eval/loss': tensor(0.4789, device='cuda:0'), 'eval/top-1-acc': 0.855, 'eval/top-5-acc': np.float64(0.9919)}, BEST_EVAL_ACC: 0.855, at 11800 iters
[2025-06-14 02:15:52,446 INFO] confusion matrix:
[[0.913 0.016 0.015 0.003 0.001 0.001 0.002 0.008 0.02  0.021]
 [0.007 0.966 0.    0.    0.    0.002 0.001 0.    0.002 0.022]
 [0.071 0.001 0.756 0.022 0.028 0.041 0.063 0.012 0.004 0.002]
 [0.031 0.003 0.037 0.652 0.02  0.164 0.061 0.017 0.007 0.008]
 [0.023 0.002 0.029 0.024 0.824 0.018 0.044 0.032 0.003 0.001]
 [0.008 0.004 0.03  0.091 0.022 0.806 0.012 0.024 0.001 0.002]
 [0.011 0.002 0.022 0.015 0.003 0.017 0.924 0.001 0.004 0.001]
 [0.015 0.001 0.01  0.017 0.019 0.049 0.008 0.877 0.002 0.002]
 [0.053 0.012 0.004 0.001 0.    0.004 0.005 0.001 0.907 0.013]
 [0.015 0.046 0.002 0.003 0.    0.002 0.001 0.001 0.008 0.922]]
[2025-06-14 02:15:52,452 INFO] 11900 iteration, USE_EMA: True, {'train/sup_loss': tensor(0.6325, device='cuda:0'), 'train/unsup_loss': tensor(0.0033, device='cuda:0'), 'train/total_loss': tensor(0.9613, device='cuda:0'), 'lr': 0.020513429060077353, 'train/prefecth_time': 0.08822783660888672, 'train/run_time': 0.11608985900878906, 'eval/loss': tensor(0.4794, device='cuda:0'), 'eval/top-1-acc': 0.8547, 'eval/top-5-acc': np.float64(0.9919)}, BEST_EVAL_ACC: 0.855, at 11800 iters
[2025-06-14 02:16:17,937 INFO] confusion matrix:
[[0.917 0.015 0.015 0.003 0.001 0.001 0.002 0.008 0.018 0.02 ]
 [0.007 0.966 0.    0.    0.    0.002 0.001 0.    0.002 0.022]
 [0.068 0.001 0.761 0.022 0.029 0.04  0.061 0.012 0.003 0.003]
 [0.031 0.003 0.038 0.65  0.02  0.168 0.059 0.017 0.007 0.007]
 [0.024 0.002 0.029 0.025 0.819 0.019 0.046 0.032 0.003 0.001]
 [0.008 0.004 0.029 0.088 0.022 0.809 0.013 0.024 0.001 0.002]
 [0.01  0.002 0.022 0.015 0.003 0.016 0.926 0.001 0.004 0.001]
 [0.016 0.001 0.01  0.019 0.018 0.053 0.007 0.872 0.002 0.002]
 [0.052 0.013 0.003 0.002 0.    0.004 0.005 0.001 0.907 0.013]
 [0.014 0.047 0.002 0.003 0.    0.002 0.001 0.001 0.008 0.922]]
[2025-06-14 02:16:17,942 INFO] 12000 iteration, USE_EMA: True, {'train/sup_loss': tensor(0.2093, device='cuda:0'), 'train/unsup_loss': tensor(0.0036, device='cuda:0'), 'train/total_loss': tensor(0.5724, device='cuda:0'), 'lr': 0.02036250838708284, 'train/prefecth_time': 0.09511897277832031, 'train/run_time': 0.11601980590820313, 'eval/loss': tensor(0.4788, device='cuda:0'), 'eval/top-1-acc': 0.8549, 'eval/top-5-acc': np.float64(0.9919)}, BEST_EVAL_ACC: 0.855, at 11800 iters
[2025-06-14 02:16:43,750 INFO] confusion matrix:
[[0.918 0.014 0.015 0.003 0.001 0.001 0.002 0.008 0.018 0.02 ]
 [0.007 0.965 0.    0.    0.    0.002 0.001 0.    0.003 0.022]
 [0.066 0.001 0.759 0.023 0.03  0.042 0.062 0.011 0.004 0.002]
 [0.03  0.003 0.037 0.645 0.02  0.173 0.06  0.018 0.007 0.007]
 [0.024 0.002 0.027 0.026 0.82  0.02  0.047 0.03  0.003 0.001]
 [0.008 0.004 0.029 0.087 0.021 0.811 0.013 0.024 0.001 0.002]
 [0.009 0.002 0.023 0.015 0.003 0.018 0.924 0.001 0.004 0.001]
 [0.017 0.001 0.011 0.02  0.018 0.052 0.007 0.871 0.002 0.001]
 [0.05  0.013 0.002 0.002 0.    0.004 0.005 0.001 0.911 0.012]
 [0.014 0.046 0.002 0.003 0.    0.002 0.001 0.001 0.008 0.923]]
[2025-06-14 02:16:43,755 INFO] 12100 iteration, USE_EMA: True, {'train/sup_loss': tensor(0.3757, device='cuda:0'), 'train/unsup_loss': tensor(0.0038, device='cuda:0'), 'train/total_loss': tensor(0.7561, device='cuda:0'), 'lr': 0.020210626045488605, 'train/prefecth_time': 0.09518470764160156, 'train/run_time': 0.11522537231445312, 'eval/loss': tensor(0.4772, device='cuda:0'), 'eval/top-1-acc': 0.8547, 'eval/top-5-acc': np.float64(0.9923)}, BEST_EVAL_ACC: 0.855, at 11800 iters
[2025-06-14 02:17:09,246 INFO] confusion matrix:
[[0.917 0.014 0.014 0.003 0.001 0.001 0.002 0.008 0.019 0.021]
 [0.007 0.965 0.    0.    0.    0.002 0.001 0.    0.003 0.022]
 [0.066 0.001 0.756 0.024 0.03  0.041 0.063 0.012 0.005 0.002]
 [0.03  0.003 0.038 0.648 0.02  0.171 0.056 0.017 0.008 0.009]
 [0.024 0.002 0.027 0.025 0.82  0.021 0.047 0.03  0.003 0.001]
 [0.008 0.004 0.029 0.09  0.021 0.808 0.013 0.024 0.001 0.002]
 [0.009 0.002 0.023 0.015 0.003 0.019 0.923 0.001 0.004 0.001]
 [0.016 0.001 0.011 0.018 0.02  0.051 0.008 0.871 0.003 0.001]
 [0.049 0.013 0.002 0.002 0.    0.004 0.006 0.002 0.91  0.012]
 [0.013 0.047 0.002 0.003 0.    0.002 0.001 0.001 0.008 0.923]]
[2025-06-14 02:17:09,251 INFO] 12200 iteration, USE_EMA: True, {'train/sup_loss': tensor(1.3255, device='cuda:0'), 'train/unsup_loss': tensor(0.0133, device='cuda:0'), 'train/total_loss': tensor(2.6567, device='cuda:0'), 'lr': 0.02005778920830477, 'train/prefecth_time': 0.13455657958984374, 'train/run_time': 0.11556777954101563, 'eval/loss': tensor(0.4758, device='cuda:0'), 'eval/top-1-acc': 0.8541, 'eval/top-5-acc': np.float64(0.9928)}, BEST_EVAL_ACC: 0.855, at 11800 iters
[2025-06-14 02:17:34,776 INFO] confusion matrix:
[[0.916 0.014 0.014 0.003 0.002 0.001 0.002 0.009 0.019 0.02 ]
 [0.007 0.966 0.    0.    0.    0.002 0.001 0.    0.003 0.021]
 [0.064 0.001 0.763 0.024 0.028 0.039 0.063 0.012 0.004 0.002]
 [0.028 0.003 0.038 0.642 0.021 0.178 0.055 0.017 0.008 0.01 ]
 [0.025 0.002 0.027 0.024 0.819 0.021 0.048 0.031 0.003 0.   ]
 [0.008 0.004 0.029 0.09  0.022 0.808 0.013 0.023 0.001 0.002]
 [0.008 0.002 0.021 0.014 0.003 0.02  0.925 0.001 0.004 0.002]
 [0.015 0.001 0.01  0.019 0.019 0.054 0.008 0.87  0.003 0.001]
 [0.049 0.012 0.002 0.002 0.    0.004 0.006 0.002 0.911 0.012]
 [0.014 0.045 0.002 0.003 0.    0.002 0.001 0.001 0.008 0.924]]
[2025-06-14 02:17:34,784 INFO] 12300 iteration, USE_EMA: True, {'train/sup_loss': tensor(0.1905, device='cuda:0'), 'train/unsup_loss': tensor(0.0048, device='cuda:0'), 'train/total_loss': tensor(0.6755, device='cuda:0'), 'lr': 0.01990400509361982, 'train/prefecth_time': 0.127227294921875, 'train/run_time': 0.11594723510742187, 'eval/loss': tensor(0.4756, device='cuda:0'), 'eval/top-1-acc': 0.8544, 'eval/top-5-acc': np.float64(0.9927)}, BEST_EVAL_ACC: 0.855, at 11800 iters
[2025-06-14 02:18:00,156 INFO] confusion matrix:
[[0.915 0.014 0.016 0.004 0.002 0.001 0.001 0.008 0.018 0.021]
 [0.007 0.967 0.    0.    0.    0.002 0.001 0.    0.003 0.02 ]
 [0.062 0.001 0.765 0.023 0.027 0.039 0.065 0.012 0.004 0.002]
 [0.028 0.003 0.035 0.641 0.02  0.18  0.056 0.019 0.009 0.009]
 [0.025 0.002 0.027 0.024 0.818 0.023 0.048 0.03  0.003 0.   ]
 [0.008 0.004 0.03  0.087 0.021 0.81  0.014 0.023 0.001 0.002]
 [0.008 0.002 0.022 0.013 0.003 0.02  0.926 0.001 0.004 0.001]
 [0.015 0.001 0.01  0.02  0.018 0.053 0.008 0.871 0.002 0.002]
 [0.047 0.013 0.002 0.002 0.    0.003 0.006 0.001 0.913 0.013]
 [0.013 0.043 0.002 0.003 0.    0.002 0.001 0.001 0.008 0.927]]
[2025-06-14 02:18:00,161 INFO] 12400 iteration, USE_EMA: True, {'train/sup_loss': tensor(1.7610, device='cuda:0'), 'train/unsup_loss': tensor(0.0219, device='cuda:0'), 'train/total_loss': tensor(3.9494, device='cuda:0'), 'lr': 0.01974928096425969, 'train/prefecth_time': 0.11907762908935547, 'train/run_time': 0.11620352172851563, 'eval/loss': tensor(0.4752, device='cuda:0'), 'eval/top-1-acc': 0.8553, 'eval/top-5-acc': np.float64(0.9925)}, BEST_EVAL_ACC: 0.8553, at 12400 iters
[2025-06-14 02:18:25,886 INFO] confusion matrix:
[[0.917 0.015 0.015 0.005 0.002 0.    0.001 0.008 0.016 0.021]
 [0.007 0.967 0.    0.    0.    0.002 0.001 0.    0.003 0.02 ]
 [0.063 0.001 0.767 0.022 0.028 0.04  0.062 0.011 0.004 0.002]
 [0.027 0.003 0.036 0.644 0.022 0.174 0.056 0.019 0.01  0.009]
 [0.026 0.002 0.028 0.023 0.816 0.022 0.048 0.032 0.003 0.   ]
 [0.008 0.004 0.029 0.087 0.021 0.81  0.014 0.024 0.001 0.002]
 [0.008 0.001 0.022 0.014 0.003 0.019 0.927 0.001 0.004 0.001]
 [0.015 0.001 0.01  0.022 0.016 0.05  0.007 0.875 0.002 0.002]
 [0.047 0.013 0.003 0.002 0.    0.003 0.006 0.001 0.912 0.013]
 [0.012 0.044 0.002 0.002 0.    0.002 0.002 0.001 0.008 0.927]]
[2025-06-14 02:18:25,891 INFO] 12500 iteration, USE_EMA: True, {'train/sup_loss': tensor(0.3801, device='cuda:0'), 'train/unsup_loss': tensor(0.0043, device='cuda:0'), 'train/total_loss': tensor(0.8140, device='cuda:0'), 'lr': 0.019593624127444798, 'train/prefecth_time': 0.09047039794921875, 'train/run_time': 0.11444493103027344, 'eval/loss': tensor(0.4729, device='cuda:0'), 'eval/top-1-acc': 0.8562, 'eval/top-5-acc': np.float64(0.9923)}, BEST_EVAL_ACC: 0.8562, at 12500 iters
[2025-06-14 02:18:51,829 INFO] confusion matrix:
[[0.917 0.015 0.015 0.005 0.002 0.    0.001 0.008 0.016 0.021]
 [0.007 0.968 0.    0.    0.    0.002 0.001 0.    0.003 0.019]
 [0.063 0.001 0.767 0.022 0.029 0.04  0.06  0.012 0.004 0.002]
 [0.028 0.002 0.034 0.651 0.022 0.171 0.054 0.019 0.01  0.009]
 [0.025 0.002 0.027 0.022 0.822 0.022 0.045 0.032 0.003 0.   ]
 [0.007 0.004 0.029 0.091 0.021 0.807 0.013 0.025 0.001 0.002]
 [0.008 0.001 0.022 0.015 0.003 0.017 0.929 0.001 0.003 0.001]
 [0.015 0.001 0.009 0.022 0.015 0.048 0.007 0.879 0.002 0.002]
 [0.046 0.014 0.003 0.002 0.    0.002 0.006 0.001 0.912 0.014]
 [0.012 0.043 0.002 0.003 0.    0.002 0.002 0.001 0.008 0.927]]
[2025-06-14 02:18:51,835 INFO] 12600 iteration, USE_EMA: True, {'train/sup_loss': tensor(0.4638, device='cuda:0'), 'train/unsup_loss': tensor(0.0051, device='cuda:0'), 'train/total_loss': tensor(0.9714, device='cuda:0'), 'lr': 0.019437041934444902, 'train/prefecth_time': 0.09559449768066407, 'train/run_time': 0.11528502655029296, 'eval/loss': tensor(0.4707, device='cuda:0'), 'eval/top-1-acc': 0.8579, 'eval/top-5-acc': np.float64(0.9924)}, BEST_EVAL_ACC: 0.8579, at 12600 iters
[2025-06-14 02:19:17,384 INFO] confusion matrix:
[[0.918 0.015 0.016 0.005 0.002 0.    0.001 0.007 0.015 0.021]
 [0.007 0.966 0.    0.    0.    0.002 0.001 0.001 0.003 0.02 ]
 [0.063 0.001 0.766 0.023 0.029 0.039 0.06  0.013 0.004 0.002]
 [0.027 0.002 0.033 0.663 0.021 0.16  0.057 0.019 0.009 0.009]
 [0.023 0.002 0.027 0.023 0.827 0.02  0.043 0.033 0.002 0.   ]
 [0.007 0.004 0.029 0.097 0.021 0.803 0.011 0.025 0.001 0.002]
 [0.01  0.001 0.02  0.014 0.003 0.015 0.929 0.004 0.003 0.001]
 [0.014 0.001 0.009 0.023 0.015 0.046 0.007 0.881 0.002 0.002]
 [0.047 0.015 0.004 0.002 0.    0.003 0.006 0.001 0.908 0.014]
 [0.013 0.042 0.002 0.003 0.    0.002 0.002 0.001 0.006 0.929]]
[2025-06-14 02:19:17,391 INFO] 12700 iteration, USE_EMA: True, {'train/sup_loss': tensor(0.6799, device='cuda:0'), 'train/unsup_loss': tensor(0.0039, device='cuda:0'), 'train/total_loss': tensor(1.0710, device='cuda:0'), 'lr': 0.019279541780231963, 'train/prefecth_time': 0.08918784332275391, 'train/run_time': 0.11558342742919922, 'eval/loss': tensor(0.4673, device='cuda:0'), 'eval/top-1-acc': 0.859, 'eval/top-5-acc': np.float64(0.9925)}, BEST_EVAL_ACC: 0.859, at 12700 iters
[2025-06-14 02:19:43,061 INFO] confusion matrix:
[[0.918 0.014 0.016 0.005 0.002 0.    0.001 0.007 0.015 0.022]
 [0.007 0.965 0.    0.    0.    0.002 0.001 0.001 0.003 0.021]
 [0.063 0.001 0.765 0.024 0.029 0.039 0.06  0.013 0.004 0.002]
 [0.028 0.002 0.033 0.667 0.023 0.155 0.053 0.021 0.009 0.009]
 [0.024 0.002 0.023 0.02  0.835 0.02  0.041 0.033 0.002 0.   ]
 [0.008 0.004 0.029 0.096 0.022 0.803 0.01  0.025 0.001 0.002]
 [0.011 0.001 0.021 0.014 0.003 0.017 0.926 0.002 0.003 0.002]
 [0.014 0.001 0.01  0.023 0.015 0.046 0.005 0.882 0.002 0.002]
 [0.047 0.014 0.004 0.002 0.    0.003 0.006 0.001 0.91  0.013]
 [0.013 0.044 0.003 0.003 0.    0.002 0.002 0.001 0.006 0.926]]
[2025-06-14 02:19:43,069 INFO] 12800 iteration, USE_EMA: True, {'train/sup_loss': tensor(1.2471, device='cuda:0'), 'train/unsup_loss': tensor(0.0116, device='cuda:0'), 'train/total_loss': tensor(2.4057, device='cuda:0'), 'lr': 0.019121131103130844, 'train/prefecth_time': 0.0962682876586914, 'train/run_time': 0.11497881317138672, 'eval/loss': tensor(0.4656, device='cuda:0'), 'eval/top-1-acc': 0.8597, 'eval/top-5-acc': np.float64(0.9924)}, BEST_EVAL_ACC: 0.8597, at 12800 iters
[2025-06-14 02:20:08,779 INFO] confusion matrix:
[[0.92  0.014 0.014 0.005 0.002 0.    0.002 0.007 0.015 0.021]
 [0.007 0.965 0.001 0.    0.    0.002 0.001 0.001 0.003 0.02 ]
 [0.063 0.    0.763 0.024 0.029 0.04  0.062 0.013 0.004 0.002]
 [0.027 0.003 0.034 0.664 0.023 0.157 0.054 0.02  0.01  0.008]
 [0.024 0.002 0.023 0.018 0.838 0.019 0.041 0.033 0.002 0.   ]
 [0.009 0.003 0.029 0.096 0.022 0.802 0.01  0.026 0.001 0.002]
 [0.011 0.002 0.021 0.014 0.003 0.016 0.928 0.002 0.002 0.001]
 [0.014 0.001 0.01  0.022 0.016 0.047 0.007 0.88  0.002 0.001]
 [0.047 0.014 0.004 0.002 0.    0.002 0.006 0.001 0.909 0.015]
 [0.014 0.042 0.003 0.003 0.    0.002 0.001 0.001 0.006 0.928]]
[2025-06-14 02:20:08,787 INFO] 12900 iteration, USE_EMA: True, {'train/sup_loss': tensor(0.6459, device='cuda:0'), 'train/unsup_loss': tensor(0.0044, device='cuda:0'), 'train/total_loss': tensor(1.0860, device='cuda:0'), 'lr': 0.018961817384468074, 'train/prefecth_time': 0.12372268676757812, 'train/run_time': 0.11619123077392578, 'eval/loss': tensor(0.4639, device='cuda:0'), 'eval/top-1-acc': 0.8597, 'eval/top-5-acc': np.float64(0.9927)}, BEST_EVAL_ACC: 0.8597, at 12800 iters
[2025-06-14 02:20:34,249 INFO] confusion matrix:
[[0.918 0.014 0.014 0.005 0.002 0.    0.002 0.006 0.017 0.022]
 [0.007 0.966 0.001 0.    0.    0.002 0.001 0.001 0.002 0.02 ]
 [0.063 0.    0.766 0.022 0.031 0.039 0.062 0.011 0.004 0.002]
 [0.026 0.002 0.035 0.666 0.024 0.155 0.054 0.019 0.01  0.009]
 [0.022 0.002 0.024 0.018 0.84  0.019 0.041 0.032 0.002 0.   ]
 [0.009 0.003 0.029 0.095 0.021 0.803 0.011 0.026 0.001 0.002]
 [0.011 0.002 0.02  0.014 0.003 0.017 0.927 0.003 0.002 0.001]
 [0.014 0.001 0.009 0.02  0.017 0.045 0.008 0.884 0.001 0.001]
 [0.047 0.012 0.004 0.002 0.    0.003 0.006 0.001 0.911 0.014]
 [0.014 0.039 0.002 0.003 0.    0.002 0.001 0.001 0.007 0.931]]
[2025-06-14 02:20:34,254 INFO] 13000 iteration, USE_EMA: True, {'train/sup_loss': tensor(0.2472, device='cuda:0'), 'train/unsup_loss': tensor(0.0029, device='cuda:0'), 'train/total_loss': tensor(0.5400, device='cuda:0'), 'lr': 0.018801608148218487, 'train/prefecth_time': 0.09105657958984376, 'train/run_time': 0.11489087677001954, 'eval/loss': tensor(0.4620, device='cuda:0'), 'eval/top-1-acc': 0.8612, 'eval/top-5-acc': np.float64(0.9927)}, BEST_EVAL_ACC: 0.8612, at 13000 iters
[2025-06-14 02:20:59,883 INFO] confusion matrix:
[[0.915 0.014 0.014 0.005 0.002 0.001 0.002 0.007 0.017 0.023]
 [0.007 0.964 0.001 0.001 0.    0.002 0.    0.001 0.002 0.022]
 [0.062 0.    0.767 0.023 0.031 0.038 0.06  0.012 0.005 0.002]
 [0.026 0.002 0.036 0.669 0.022 0.151 0.056 0.019 0.01  0.009]
 [0.022 0.002 0.024 0.018 0.836 0.019 0.043 0.033 0.002 0.001]
 [0.009 0.003 0.027 0.093 0.022 0.805 0.012 0.026 0.001 0.002]
 [0.01  0.002 0.019 0.014 0.003 0.017 0.929 0.003 0.002 0.001]
 [0.014 0.001 0.009 0.022 0.015 0.04  0.008 0.889 0.001 0.001]
 [0.047 0.011 0.004 0.002 0.    0.003 0.006 0.001 0.912 0.014]
 [0.014 0.039 0.002 0.003 0.    0.001 0.001 0.001 0.006 0.933]]
[2025-06-14 02:20:59,888 INFO] 13100 iteration, USE_EMA: True, {'train/sup_loss': tensor(1.0228, device='cuda:0'), 'train/unsup_loss': tensor(0.0066, device='cuda:0'), 'train/total_loss': tensor(1.6865, device='cuda:0'), 'lr': 0.01864051096064991, 'train/prefecth_time': 0.09899008178710937, 'train/run_time': 0.11583110046386719, 'eval/loss': tensor(0.4617, device='cuda:0'), 'eval/top-1-acc': 0.8619, 'eval/top-5-acc': np.float64(0.9925)}, BEST_EVAL_ACC: 0.8619, at 13100 iters
[2025-06-14 02:21:25,589 INFO] confusion matrix:
[[0.914 0.014 0.014 0.005 0.002 0.001 0.002 0.007 0.018 0.023]
 [0.007 0.962 0.001 0.001 0.    0.002 0.    0.001 0.003 0.023]
 [0.062 0.    0.767 0.024 0.031 0.038 0.06  0.012 0.004 0.002]
 [0.026 0.003 0.036 0.673 0.022 0.145 0.056 0.019 0.01  0.01 ]
 [0.022 0.002 0.025 0.02  0.833 0.019 0.042 0.034 0.002 0.001]
 [0.009 0.003 0.027 0.094 0.021 0.806 0.012 0.024 0.001 0.003]
 [0.009 0.002 0.019 0.015 0.003 0.015 0.93  0.004 0.002 0.001]
 [0.014 0.001 0.009 0.022 0.013 0.041 0.009 0.889 0.001 0.001]
 [0.045 0.011 0.004 0.003 0.    0.002 0.006 0.001 0.914 0.014]
 [0.014 0.04  0.002 0.003 0.    0.001 0.001 0.001 0.006 0.932]]
[2025-06-14 02:21:25,594 INFO] 13200 iteration, USE_EMA: True, {'train/sup_loss': tensor(1.4824, device='cuda:0'), 'train/unsup_loss': tensor(0.0169, device='cuda:0'), 'train/total_loss': tensor(3.1751, device='cuda:0'), 'lr': 0.01847853342996579, 'train/prefecth_time': 0.09122406768798828, 'train/run_time': 0.11596905517578125, 'eval/loss': tensor(0.4618, device='cuda:0'), 'eval/top-1-acc': 0.862, 'eval/top-5-acc': np.float64(0.9922)}, BEST_EVAL_ACC: 0.862, at 13200 iters
[2025-06-14 02:21:51,263 INFO] confusion matrix:
[[0.916 0.014 0.014 0.005 0.002 0.001 0.002 0.007 0.018 0.021]
 [0.006 0.965 0.    0.001 0.    0.002 0.    0.001 0.003 0.022]
 [0.062 0.    0.769 0.026 0.031 0.037 0.057 0.011 0.005 0.002]
 [0.025 0.003 0.038 0.685 0.022 0.136 0.051 0.02  0.01  0.01 ]
 [0.021 0.002 0.026 0.02  0.832 0.018 0.043 0.034 0.004 0.   ]
 [0.01  0.003 0.026 0.099 0.023 0.799 0.012 0.024 0.001 0.003]
 [0.009 0.002 0.019 0.018 0.003 0.014 0.929 0.003 0.002 0.001]
 [0.015 0.001 0.009 0.021 0.017 0.039 0.008 0.888 0.001 0.001]
 [0.044 0.01  0.004 0.003 0.    0.002 0.006 0.    0.916 0.015]
 [0.014 0.042 0.002 0.003 0.    0.001 0.001 0.001 0.006 0.93 ]]
[2025-06-14 02:21:51,269 INFO] 13300 iteration, USE_EMA: True, {'train/sup_loss': tensor(1.1795, device='cuda:0'), 'train/unsup_loss': tensor(0.0115, device='cuda:0'), 'train/total_loss': tensor(2.3277, device='cuda:0'), 'lr': 0.018315683205945926, 'train/prefecth_time': 0.0937939224243164, 'train/run_time': 0.11611750030517579, 'eval/loss': tensor(0.4585, device='cuda:0'), 'eval/top-1-acc': 0.8629, 'eval/top-5-acc': np.float64(0.9924)}, BEST_EVAL_ACC: 0.8629, at 13300 iters
[2025-06-14 02:22:17,027 INFO] confusion matrix:
[[0.921 0.014 0.013 0.005 0.002 0.    0.002 0.007 0.015 0.021]
 [0.006 0.969 0.    0.001 0.    0.002 0.    0.001 0.002 0.019]
 [0.063 0.    0.766 0.026 0.03  0.037 0.059 0.013 0.004 0.002]
 [0.024 0.003 0.036 0.69  0.023 0.131 0.052 0.021 0.01  0.01 ]
 [0.023 0.002 0.025 0.019 0.833 0.018 0.043 0.034 0.003 0.   ]
 [0.01  0.003 0.025 0.102 0.022 0.798 0.012 0.024 0.001 0.003]
 [0.009 0.003 0.019 0.018 0.003 0.013 0.929 0.003 0.002 0.001]
 [0.015 0.001 0.008 0.023 0.016 0.038 0.009 0.888 0.001 0.001]
 [0.048 0.011 0.004 0.003 0.    0.002 0.006 0.    0.911 0.015]
 [0.014 0.043 0.002 0.003 0.    0.001 0.001 0.001 0.006 0.929]]
[2025-06-14 02:22:17,032 INFO] 13400 iteration, USE_EMA: True, {'train/sup_loss': tensor(1.5002, device='cuda:0'), 'train/unsup_loss': tensor(0.0153, device='cuda:0'), 'train/total_loss': tensor(3.0331, device='cuda:0'), 'lr': 0.018151967979585158, 'train/prefecth_time': 0.09451305389404296, 'train/run_time': 0.11554099273681641, 'eval/loss': tensor(0.4598, device='cuda:0'), 'eval/top-1-acc': 0.8634, 'eval/top-5-acc': np.float64(0.9922)}, BEST_EVAL_ACC: 0.8634, at 13400 iters
[2025-06-14 02:22:42,497 INFO] confusion matrix:
[[0.919 0.015 0.013 0.005 0.002 0.    0.002 0.007 0.017 0.02 ]
 [0.007 0.967 0.    0.    0.    0.002 0.    0.001 0.002 0.021]
 [0.062 0.    0.763 0.026 0.031 0.038 0.06  0.013 0.005 0.002]
 [0.025 0.003 0.038 0.693 0.022 0.127 0.052 0.021 0.01  0.009]
 [0.024 0.002 0.024 0.017 0.837 0.017 0.041 0.035 0.003 0.   ]
 [0.01  0.003 0.028 0.102 0.022 0.794 0.014 0.024 0.001 0.002]
 [0.009 0.003 0.019 0.018 0.003 0.013 0.929 0.003 0.002 0.001]
 [0.015 0.001 0.008 0.02  0.016 0.036 0.009 0.894 0.001 0.   ]
 [0.046 0.011 0.004 0.003 0.    0.002 0.006 0.    0.914 0.014]
 [0.014 0.044 0.003 0.003 0.    0.001 0.002 0.001 0.005 0.927]]
[2025-06-14 02:22:42,503 INFO] 13500 iteration, USE_EMA: True, {'train/sup_loss': tensor(0.2419, device='cuda:0'), 'train/unsup_loss': tensor(0.0034, device='cuda:0'), 'train/total_loss': tensor(0.5830, device='cuda:0'), 'lr': 0.01798739548273014, 'train/prefecth_time': 0.08909410858154297, 'train/run_time': 0.1155973129272461, 'eval/loss': tensor(0.4589, device='cuda:0'), 'eval/top-1-acc': 0.8637, 'eval/top-5-acc': np.float64(0.9924)}, BEST_EVAL_ACC: 0.8637, at 13500 iters
[2025-06-14 02:23:07,873 INFO] confusion matrix:
[[0.921 0.015 0.013 0.005 0.002 0.    0.002 0.007 0.017 0.018]
 [0.007 0.968 0.    0.    0.    0.002 0.    0.001 0.002 0.02 ]
 [0.062 0.    0.762 0.026 0.029 0.039 0.062 0.013 0.005 0.002]
 [0.025 0.003 0.039 0.69  0.022 0.129 0.052 0.021 0.01  0.009]
 [0.024 0.002 0.023 0.017 0.839 0.016 0.041 0.035 0.003 0.   ]
 [0.01  0.003 0.026 0.103 0.022 0.793 0.014 0.026 0.001 0.002]
 [0.009 0.003 0.019 0.018 0.003 0.012 0.929 0.004 0.002 0.001]
 [0.015 0.001 0.008 0.019 0.016 0.036 0.009 0.895 0.001 0.   ]
 [0.045 0.011 0.004 0.003 0.    0.002 0.006 0.    0.915 0.014]
 [0.015 0.044 0.003 0.003 0.    0.001 0.002 0.001 0.005 0.926]]
[2025-06-14 02:23:07,878 INFO] 13600 iteration, USE_EMA: True, {'train/sup_loss': tensor(0.3380, device='cuda:0'), 'train/unsup_loss': tensor(0.0052, device='cuda:0'), 'train/total_loss': tensor(0.8591, device='cuda:0'), 'lr': 0.017821973487714207, 'train/prefecth_time': 0.09411350250244141, 'train/run_time': 0.11896566772460937, 'eval/loss': tensor(0.4607, device='cuda:0'), 'eval/top-1-acc': 0.8638, 'eval/top-5-acc': np.float64(0.9923)}, BEST_EVAL_ACC: 0.8638, at 13600 iters
[2025-06-14 02:23:33,387 INFO] confusion matrix:
[[0.92  0.015 0.012 0.005 0.003 0.    0.002 0.007 0.017 0.019]
 [0.007 0.971 0.    0.    0.    0.002 0.    0.001 0.002 0.017]
 [0.062 0.    0.766 0.027 0.028 0.039 0.059 0.012 0.005 0.002]
 [0.026 0.003 0.038 0.69  0.023 0.128 0.052 0.021 0.01  0.009]
 [0.023 0.002 0.023 0.018 0.841 0.018 0.039 0.033 0.003 0.   ]
 [0.008 0.003 0.025 0.103 0.024 0.795 0.016 0.023 0.001 0.002]
 [0.009 0.003 0.019 0.017 0.003 0.011 0.931 0.004 0.002 0.001]
 [0.015 0.001 0.006 0.021 0.016 0.035 0.009 0.895 0.002 0.   ]
 [0.044 0.012 0.004 0.002 0.    0.002 0.006 0.    0.916 0.014]
 [0.015 0.045 0.003 0.003 0.    0.001 0.001 0.001 0.004 0.927]]
[2025-06-14 02:23:33,392 INFO] 13700 iteration, USE_EMA: True, {'train/sup_loss': tensor(0.3227, device='cuda:0'), 'train/unsup_loss': tensor(0.0024, device='cuda:0'), 'train/total_loss': tensor(0.5642, device='cuda:0'), 'lr': 0.017655709806990286, 'train/prefecth_time': 0.12674620819091797, 'train/run_time': 0.1207790069580078, 'eval/loss': tensor(0.4599, device='cuda:0'), 'eval/top-1-acc': 0.8652, 'eval/top-5-acc': np.float64(0.9924)}, BEST_EVAL_ACC: 0.8652, at 13700 iters
[2025-06-14 02:23:58,903 INFO] confusion matrix:
[[0.921 0.015 0.011 0.005 0.003 0.    0.002 0.007 0.017 0.019]
 [0.008 0.97  0.    0.    0.    0.002 0.    0.001 0.002 0.017]
 [0.063 0.    0.768 0.026 0.027 0.04  0.055 0.015 0.004 0.002]
 [0.024 0.003 0.042 0.689 0.022 0.128 0.051 0.023 0.009 0.009]
 [0.021 0.002 0.027 0.017 0.842 0.018 0.037 0.033 0.003 0.   ]
 [0.007 0.003 0.025 0.099 0.024 0.799 0.017 0.024 0.    0.002]
 [0.009 0.003 0.02  0.017 0.002 0.011 0.931 0.004 0.002 0.001]
 [0.014 0.001 0.007 0.02  0.016 0.036 0.009 0.895 0.002 0.   ]
 [0.045 0.013 0.004 0.003 0.    0.002 0.006 0.    0.913 0.014]
 [0.016 0.046 0.003 0.003 0.    0.002 0.001 0.001 0.005 0.923]]
[2025-06-14 02:23:58,908 INFO] 13800 iteration, USE_EMA: True, {'train/sup_loss': tensor(0.3824, device='cuda:0'), 'train/unsup_loss': tensor(0.0039, device='cuda:0'), 'train/total_loss': tensor(0.7772, device='cuda:0'), 'lr': 0.017488612292761947, 'train/prefecth_time': 0.13150166320800782, 'train/run_time': 0.11771123504638673, 'eval/loss': tensor(0.4590, device='cuda:0'), 'eval/top-1-acc': 0.8651, 'eval/top-5-acc': np.float64(0.9925)}, BEST_EVAL_ACC: 0.8652, at 13700 iters
[2025-06-14 02:24:24,416 INFO] confusion matrix:
[[0.921 0.015 0.01  0.005 0.002 0.    0.002 0.007 0.018 0.02 ]
 [0.008 0.969 0.    0.    0.    0.002 0.    0.001 0.002 0.018]
 [0.064 0.    0.766 0.027 0.028 0.041 0.053 0.015 0.004 0.002]
 [0.025 0.003 0.038 0.69  0.022 0.131 0.051 0.022 0.008 0.01 ]
 [0.021 0.002 0.027 0.017 0.842 0.018 0.037 0.033 0.003 0.   ]
 [0.007 0.003 0.026 0.102 0.023 0.799 0.015 0.024 0.    0.001]
 [0.009 0.003 0.02  0.016 0.003 0.01  0.931 0.004 0.002 0.002]
 [0.015 0.001 0.008 0.02  0.015 0.036 0.009 0.895 0.001 0.   ]
 [0.045 0.013 0.004 0.002 0.    0.002 0.005 0.    0.915 0.014]
 [0.016 0.042 0.003 0.003 0.    0.001 0.001 0.001 0.005 0.928]]
[2025-06-14 02:24:24,421 INFO] 13900 iteration, USE_EMA: True, {'train/sup_loss': tensor(1.6137, device='cuda:0'), 'train/unsup_loss': tensor(0.0238, device='cuda:0'), 'train/total_loss': tensor(3.9889, device='cuda:0'), 'lr': 0.017320688836612558, 'train/prefecth_time': 0.14750643920898437, 'train/run_time': 0.11611808013916015, 'eval/loss': tensor(0.4600, device='cuda:0'), 'eval/top-1-acc': 0.8656, 'eval/top-5-acc': np.float64(0.9924)}, BEST_EVAL_ACC: 0.8656, at 13900 iters
[2025-06-14 02:24:49,743 INFO] confusion matrix:
[[0.921 0.015 0.008 0.005 0.003 0.    0.002 0.007 0.019 0.02 ]
 [0.008 0.966 0.    0.    0.    0.002 0.    0.001 0.002 0.021]
 [0.063 0.    0.762 0.028 0.027 0.042 0.056 0.016 0.004 0.002]
 [0.026 0.004 0.035 0.689 0.023 0.13  0.052 0.022 0.009 0.01 ]
 [0.022 0.002 0.026 0.021 0.836 0.019 0.038 0.033 0.003 0.   ]
 [0.007 0.003 0.025 0.1   0.023 0.803 0.013 0.024 0.001 0.001]
 [0.009 0.003 0.021 0.017 0.003 0.011 0.928 0.004 0.002 0.002]
 [0.014 0.001 0.008 0.02  0.016 0.036 0.01  0.894 0.001 0.   ]
 [0.045 0.012 0.004 0.002 0.    0.002 0.005 0.    0.916 0.014]
 [0.014 0.043 0.003 0.003 0.    0.001 0.001 0.001 0.006 0.928]]
[2025-06-14 02:24:49,748 INFO] 14000 iteration, USE_EMA: True, {'train/sup_loss': tensor(0.2479, device='cuda:0'), 'train/unsup_loss': tensor(0.0039, device='cuda:0'), 'train/total_loss': tensor(0.6375, device='cuda:0'), 'lr': 0.017151947369132583, 'train/prefecth_time': 0.09367148590087891, 'train/run_time': 0.11445043182373046, 'eval/loss': tensor(0.4598, device='cuda:0'), 'eval/top-1-acc': 0.8643, 'eval/top-5-acc': np.float64(0.9924)}, BEST_EVAL_ACC: 0.8656, at 13900 iters
[2025-06-14 02:25:15,051 INFO] confusion matrix:
[[0.922 0.015 0.008 0.005 0.003 0.    0.002 0.007 0.019 0.019]
 [0.007 0.969 0.    0.    0.    0.002 0.    0.001 0.002 0.019]
 [0.063 0.    0.762 0.033 0.027 0.039 0.055 0.016 0.003 0.002]
 [0.026 0.004 0.034 0.692 0.023 0.128 0.051 0.023 0.009 0.01 ]
 [0.021 0.002 0.026 0.021 0.835 0.019 0.04  0.033 0.003 0.   ]
 [0.007 0.003 0.026 0.101 0.021 0.801 0.014 0.025 0.001 0.001]
 [0.008 0.003 0.022 0.018 0.003 0.009 0.93  0.004 0.002 0.001]
 [0.014 0.001 0.008 0.021 0.016 0.036 0.011 0.891 0.002 0.   ]
 [0.045 0.012 0.004 0.002 0.    0.002 0.005 0.    0.916 0.014]
 [0.013 0.044 0.003 0.004 0.    0.    0.001 0.001 0.008 0.926]]
[2025-06-14 02:25:15,059 INFO] 14100 iteration, USE_EMA: True, {'train/sup_loss': tensor(0.9079, device='cuda:0'), 'train/unsup_loss': tensor(0.0052, device='cuda:0'), 'train/total_loss': tensor(1.4252, device='cuda:0'), 'lr': 0.016982395859545057, 'train/prefecth_time': 0.09216668701171875, 'train/run_time': 0.11546214294433593, 'eval/loss': tensor(0.4590, device='cuda:0'), 'eval/top-1-acc': 0.8644, 'eval/top-5-acc': np.float64(0.9925)}, BEST_EVAL_ACC: 0.8656, at 13900 iters
[2025-06-14 02:25:40,507 INFO] confusion matrix:
[[0.921 0.015 0.008 0.005 0.003 0.    0.002 0.007 0.02  0.019]
 [0.007 0.968 0.    0.    0.    0.002 0.    0.001 0.002 0.02 ]
 [0.062 0.    0.765 0.033 0.029 0.037 0.053 0.016 0.003 0.002]
 [0.025 0.004 0.033 0.694 0.024 0.13  0.048 0.023 0.01  0.009]
 [0.022 0.002 0.023 0.019 0.843 0.019 0.037 0.032 0.003 0.   ]
 [0.006 0.003 0.027 0.098 0.021 0.807 0.012 0.024 0.001 0.001]
 [0.008 0.002 0.022 0.018 0.003 0.01  0.93  0.003 0.003 0.001]
 [0.013 0.001 0.008 0.023 0.015 0.036 0.011 0.891 0.002 0.   ]
 [0.044 0.011 0.004 0.002 0.    0.002 0.005 0.    0.918 0.014]
 [0.013 0.045 0.003 0.004 0.    0.    0.001 0.001 0.008 0.925]]
[2025-06-14 02:25:40,515 INFO] 14200 iteration, USE_EMA: True, {'train/sup_loss': tensor(1.5120, device='cuda:0'), 'train/unsup_loss': tensor(0.0153, device='cuda:0'), 'train/total_loss': tensor(3.0433, device='cuda:0'), 'lr': 0.016812042315329196, 'train/prefecth_time': 0.1133803482055664, 'train/run_time': 0.11555430603027343, 'eval/loss': tensor(0.4567, device='cuda:0'), 'eval/top-1-acc': 0.8662, 'eval/top-5-acc': np.float64(0.9923)}, BEST_EVAL_ACC: 0.8662, at 14200 iters
[2025-06-14 02:26:05,945 INFO] confusion matrix:
[[0.923 0.015 0.008 0.005 0.003 0.    0.002 0.007 0.018 0.019]
 [0.007 0.969 0.    0.001 0.    0.002 0.    0.001 0.002 0.018]
 [0.062 0.    0.762 0.032 0.031 0.04  0.051 0.015 0.004 0.003]
 [0.024 0.003 0.034 0.699 0.024 0.13  0.045 0.023 0.008 0.01 ]
 [0.02  0.002 0.024 0.021 0.842 0.019 0.036 0.034 0.002 0.   ]
 [0.007 0.003 0.024 0.096 0.023 0.808 0.012 0.024 0.001 0.002]
 [0.007 0.002 0.021 0.017 0.003 0.012 0.931 0.003 0.003 0.001]
 [0.013 0.001 0.009 0.024 0.016 0.035 0.009 0.891 0.002 0.   ]
 [0.044 0.011 0.004 0.002 0.    0.002 0.005 0.    0.918 0.014]
 [0.012 0.045 0.003 0.003 0.    0.    0.002 0.001 0.008 0.926]]
[2025-06-14 02:26:05,955 INFO] 14300 iteration, USE_EMA: True, {'train/sup_loss': tensor(1.1003, device='cuda:0'), 'train/unsup_loss': tensor(0.0095, device='cuda:0'), 'train/total_loss': tensor(2.0482, device='cuda:0'), 'lr': 0.016640894781842247, 'train/prefecth_time': 0.09479814147949218, 'train/run_time': 0.11450163269042969, 'eval/loss': tensor(0.4547, device='cuda:0'), 'eval/top-1-acc': 0.8669, 'eval/top-5-acc': np.float64(0.9925)}, BEST_EVAL_ACC: 0.8669, at 14300 iters
[2025-06-14 02:26:31,508 INFO] confusion matrix:
[[0.922 0.015 0.008 0.005 0.003 0.    0.002 0.008 0.018 0.019]
 [0.007 0.967 0.    0.001 0.    0.002 0.    0.001 0.002 0.02 ]
 [0.062 0.    0.767 0.031 0.031 0.038 0.049 0.014 0.005 0.003]
 [0.023 0.003 0.033 0.697 0.024 0.135 0.045 0.023 0.007 0.01 ]
 [0.022 0.002 0.024 0.019 0.847 0.022 0.033 0.029 0.002 0.   ]
 [0.006 0.002 0.025 0.096 0.022 0.809 0.013 0.025 0.    0.002]
 [0.007 0.002 0.021 0.017 0.004 0.012 0.93  0.003 0.003 0.001]
 [0.013 0.001 0.008 0.022 0.019 0.034 0.011 0.891 0.001 0.   ]
 [0.044 0.011 0.004 0.002 0.    0.001 0.005 0.    0.918 0.015]
 [0.012 0.043 0.003 0.003 0.    0.    0.001 0.    0.008 0.93 ]]
[2025-06-14 02:26:31,513 INFO] 14400 iteration, USE_EMA: True, {'train/sup_loss': tensor(1.2716, device='cuda:0'), 'train/unsup_loss': tensor(0.0083, device='cuda:0'), 'train/total_loss': tensor(2.0989, device='cuda:0'), 'lr': 0.016468961341939516, 'train/prefecth_time': 0.0917298583984375, 'train/run_time': 0.11476383972167968, 'eval/loss': tensor(0.4532, device='cuda:0'), 'eval/top-1-acc': 0.8678, 'eval/top-5-acc': np.float64(0.9924)}, BEST_EVAL_ACC: 0.8678, at 14400 iters
[2025-06-14 02:26:57,078 INFO] confusion matrix:
[[0.925 0.014 0.008 0.005 0.003 0.    0.002 0.008 0.016 0.019]
 [0.007 0.966 0.    0.001 0.    0.002 0.    0.001 0.002 0.021]
 [0.062 0.    0.771 0.031 0.029 0.037 0.05  0.014 0.003 0.003]
 [0.023 0.002 0.034 0.697 0.026 0.136 0.045 0.021 0.006 0.01 ]
 [0.021 0.002 0.024 0.018 0.848 0.022 0.034 0.029 0.002 0.   ]
 [0.006 0.004 0.024 0.094 0.024 0.809 0.013 0.024 0.    0.002]
 [0.007 0.002 0.02  0.016 0.005 0.011 0.932 0.003 0.003 0.001]
 [0.013 0.001 0.007 0.02  0.02  0.035 0.011 0.892 0.001 0.   ]
 [0.049 0.011 0.004 0.003 0.    0.001 0.006 0.    0.91  0.016]
 [0.014 0.041 0.003 0.003 0.    0.    0.001 0.    0.006 0.932]]
[2025-06-14 02:26:57,083 INFO] 14500 iteration, USE_EMA: True, {'train/sup_loss': tensor(1.2057, device='cuda:0'), 'train/unsup_loss': tensor(0.0100, device='cuda:0'), 'train/total_loss': tensor(2.2107, device='cuda:0'), 'lr': 0.016296250115592617, 'train/prefecth_time': 0.09596723175048828, 'train/run_time': 0.11522457885742188, 'eval/loss': tensor(0.4519, device='cuda:0'), 'eval/top-1-acc': 0.8682, 'eval/top-5-acc': np.float64(0.9922)}, BEST_EVAL_ACC: 0.8682, at 14500 iters
[2025-06-14 02:27:22,441 INFO] confusion matrix:
[[0.927 0.013 0.008 0.005 0.002 0.    0.001 0.007 0.018 0.019]
 [0.007 0.965 0.    0.001 0.    0.002 0.    0.001 0.002 0.022]
 [0.062 0.    0.764 0.031 0.03  0.04  0.054 0.013 0.003 0.003]
 [0.023 0.002 0.035 0.696 0.026 0.137 0.044 0.02  0.006 0.011]
 [0.021 0.002 0.026 0.019 0.849 0.02  0.035 0.026 0.002 0.   ]
 [0.005 0.003 0.025 0.097 0.024 0.808 0.012 0.024 0.    0.002]
 [0.007 0.002 0.02  0.017 0.005 0.012 0.93  0.003 0.003 0.001]
 [0.013 0.001 0.007 0.02  0.021 0.034 0.009 0.894 0.001 0.   ]
 [0.046 0.012 0.004 0.002 0.    0.001 0.006 0.    0.913 0.016]
 [0.014 0.041 0.003 0.003 0.    0.    0.002 0.    0.005 0.932]]
[2025-06-14 02:27:22,446 INFO] 14600 iteration, USE_EMA: True, {'train/sup_loss': tensor(0.4566, device='cuda:0'), 'train/unsup_loss': tensor(0.0028, device='cuda:0'), 'train/total_loss': tensor(0.7411, device='cuda:0'), 'lr': 0.01612276925950603, 'train/prefecth_time': 0.08820310211181641, 'train/run_time': 0.11532083129882813, 'eval/loss': tensor(0.4512, device='cuda:0'), 'eval/top-1-acc': 0.8678, 'eval/top-5-acc': np.float64(0.992)}, BEST_EVAL_ACC: 0.8682, at 14500 iters
[2025-06-14 02:27:47,862 INFO] confusion matrix:
[[0.926 0.013 0.008 0.005 0.002 0.    0.001 0.008 0.018 0.019]
 [0.007 0.965 0.    0.001 0.    0.002 0.    0.001 0.002 0.022]
 [0.062 0.    0.766 0.031 0.031 0.037 0.053 0.014 0.003 0.003]
 [0.022 0.002 0.034 0.696 0.026 0.137 0.046 0.02  0.006 0.011]
 [0.02  0.002 0.026 0.018 0.853 0.02  0.032 0.026 0.003 0.   ]
 [0.007 0.003 0.024 0.094 0.025 0.805 0.015 0.025 0.    0.002]
 [0.006 0.002 0.02  0.018 0.005 0.011 0.931 0.003 0.003 0.001]
 [0.014 0.001 0.007 0.018 0.023 0.031 0.009 0.896 0.001 0.   ]
 [0.047 0.013 0.004 0.002 0.    0.002 0.006 0.    0.911 0.015]
 [0.015 0.044 0.003 0.003 0.    0.    0.002 0.    0.004 0.929]]
[2025-06-14 02:27:47,868 INFO] 14700 iteration, USE_EMA: True, {'train/sup_loss': tensor(0.3968, device='cuda:0'), 'train/unsup_loss': tensor(0.0038, device='cuda:0'), 'train/total_loss': tensor(0.7749, device='cuda:0'), 'lr': 0.01594852696673185, 'train/prefecth_time': 0.09072230529785157, 'train/run_time': 0.1156363525390625, 'eval/loss': tensor(0.4502, device='cuda:0'), 'eval/top-1-acc': 0.8678, 'eval/top-5-acc': np.float64(0.9918)}, BEST_EVAL_ACC: 0.8682, at 14500 iters
[2025-06-14 02:28:13,472 INFO] confusion matrix:
[[0.927 0.013 0.007 0.005 0.002 0.    0.001 0.008 0.018 0.019]
 [0.007 0.964 0.001 0.    0.    0.002 0.    0.001 0.002 0.023]
 [0.062 0.    0.769 0.032 0.03  0.036 0.052 0.014 0.002 0.003]
 [0.022 0.002 0.032 0.7   0.025 0.137 0.043 0.02  0.006 0.013]
 [0.019 0.002 0.026 0.018 0.854 0.02  0.033 0.025 0.003 0.   ]
 [0.007 0.003 0.024 0.097 0.024 0.801 0.017 0.025 0.    0.002]
 [0.006 0.002 0.021 0.019 0.004 0.01  0.931 0.003 0.003 0.001]
 [0.014 0.001 0.007 0.017 0.022 0.032 0.008 0.898 0.001 0.   ]
 [0.047 0.012 0.004 0.002 0.    0.001 0.007 0.    0.911 0.016]
 [0.015 0.042 0.003 0.003 0.    0.    0.002 0.    0.004 0.931]]
[2025-06-14 02:28:13,478 INFO] 14800 iteration, USE_EMA: True, {'train/sup_loss': tensor(1.4537, device='cuda:0'), 'train/unsup_loss': tensor(0.0167, device='cuda:0'), 'train/total_loss': tensor(3.1238, device='cuda:0'), 'lr': 0.01577353146628285, 'train/prefecth_time': 0.09396409606933594, 'train/run_time': 0.11518524932861328, 'eval/loss': tensor(0.4498, device='cuda:0'), 'eval/top-1-acc': 0.8686, 'eval/top-5-acc': np.float64(0.9919)}, BEST_EVAL_ACC: 0.8686, at 14800 iters
[2025-06-14 02:28:39,210 INFO] confusion matrix:
[[0.924 0.012 0.007 0.005 0.002 0.    0.001 0.009 0.02  0.02 ]
 [0.007 0.964 0.001 0.    0.    0.002 0.    0.001 0.002 0.023]
 [0.062 0.    0.773 0.032 0.03  0.033 0.051 0.014 0.002 0.003]
 [0.023 0.002 0.031 0.709 0.026 0.129 0.043 0.019 0.006 0.012]
 [0.018 0.002 0.027 0.02  0.852 0.019 0.034 0.025 0.003 0.   ]
 [0.008 0.004 0.025 0.099 0.023 0.798 0.017 0.025 0.    0.001]
 [0.006 0.003 0.022 0.019 0.004 0.01  0.931 0.002 0.002 0.001]
 [0.014 0.001 0.007 0.017 0.023 0.033 0.008 0.896 0.001 0.   ]
 [0.048 0.014 0.004 0.002 0.    0.001 0.007 0.    0.909 0.015]
 [0.016 0.043 0.003 0.003 0.    0.    0.002 0.    0.005 0.928]]
[2025-06-14 02:28:39,215 INFO] 14900 iteration, USE_EMA: True, {'train/sup_loss': tensor(0.3175, device='cuda:0'), 'train/unsup_loss': tensor(0.0036, device='cuda:0'), 'train/total_loss': tensor(0.6764, device='cuda:0'), 'lr': 0.015597791022743857, 'train/prefecth_time': 0.1094697265625, 'train/run_time': 0.1151946258544922, 'eval/loss': tensor(0.4509, device='cuda:0'), 'eval/top-1-acc': 0.8684, 'eval/top-5-acc': np.float64(0.9921)}, BEST_EVAL_ACC: 0.8686, at 14800 iters
[2025-06-14 02:29:04,887 INFO] confusion matrix:
[[0.925 0.012 0.007 0.005 0.002 0.    0.001 0.009 0.02  0.019]
 [0.007 0.967 0.001 0.    0.    0.002 0.    0.001 0.002 0.02 ]
 [0.063 0.    0.774 0.032 0.029 0.033 0.051 0.014 0.002 0.002]
 [0.023 0.003 0.031 0.712 0.023 0.13  0.041 0.018 0.007 0.012]
 [0.019 0.002 0.027 0.02  0.851 0.02  0.034 0.025 0.002 0.   ]
 [0.009 0.004 0.026 0.1   0.023 0.798 0.016 0.022 0.    0.002]
 [0.006 0.003 0.018 0.02  0.004 0.009 0.934 0.003 0.002 0.001]
 [0.014 0.001 0.007 0.015 0.023 0.033 0.008 0.898 0.001 0.   ]
 [0.047 0.014 0.004 0.002 0.    0.002 0.007 0.    0.909 0.015]
 [0.015 0.045 0.003 0.002 0.001 0.    0.002 0.    0.005 0.927]]
[2025-06-14 02:29:04,892 INFO] 15000 iteration, USE_EMA: True, {'train/sup_loss': tensor(0.2240, device='cuda:0'), 'train/unsup_loss': tensor(0.0038, device='cuda:0'), 'train/total_loss': tensor(0.6077, device='cuda:0'), 'lr': 0.015421313935881444, 'train/prefecth_time': 0.14735565185546876, 'train/run_time': 0.11887283325195312, 'eval/loss': tensor(0.4515, device='cuda:0'), 'eval/top-1-acc': 0.8695, 'eval/top-5-acc': np.float64(0.9922)}, BEST_EVAL_ACC: 0.8695, at 15000 iters
[2025-06-14 02:29:30,313 INFO] confusion matrix:
[[0.925 0.012 0.007 0.006 0.002 0.    0.001 0.009 0.019 0.019]
 [0.008 0.965 0.001 0.    0.    0.002 0.    0.001 0.002 0.021]
 [0.062 0.    0.774 0.032 0.028 0.035 0.051 0.014 0.002 0.002]
 [0.021 0.003 0.031 0.719 0.021 0.127 0.041 0.019 0.007 0.011]
 [0.019 0.002 0.027 0.021 0.851 0.02  0.034 0.024 0.002 0.   ]
 [0.007 0.004 0.025 0.107 0.023 0.796 0.014 0.022 0.    0.002]
 [0.006 0.003 0.019 0.02  0.004 0.009 0.934 0.002 0.002 0.001]
 [0.015 0.001 0.007 0.019 0.023 0.031 0.008 0.894 0.002 0.   ]
 [0.047 0.014 0.004 0.002 0.    0.002 0.007 0.    0.909 0.015]
 [0.014 0.044 0.003 0.003 0.001 0.    0.001 0.    0.005 0.929]]
[2025-06-14 02:29:30,318 INFO] 15100 iteration, USE_EMA: True, {'train/sup_loss': tensor(0.8365, device='cuda:0'), 'train/unsup_loss': tensor(0.0047, device='cuda:0'), 'train/total_loss': tensor(1.3017, device='cuda:0'), 'lr': 0.015244108540251926, 'train/prefecth_time': 0.1256140823364258, 'train/run_time': 0.11686876678466797, 'eval/loss': tensor(0.4494, device='cuda:0'), 'eval/top-1-acc': 0.8696, 'eval/top-5-acc': np.float64(0.9922)}, BEST_EVAL_ACC: 0.8696, at 15100 iters
[2025-06-14 02:29:55,637 INFO] confusion matrix:
[[0.924 0.013 0.008 0.006 0.002 0.    0.001 0.009 0.019 0.018]
 [0.008 0.965 0.    0.    0.    0.002 0.    0.001 0.002 0.022]
 [0.063 0.    0.77  0.031 0.03  0.036 0.052 0.014 0.002 0.002]
 [0.022 0.003 0.03  0.722 0.021 0.124 0.042 0.019 0.007 0.01 ]
 [0.019 0.002 0.027 0.022 0.854 0.019 0.031 0.024 0.002 0.   ]
 [0.009 0.004 0.023 0.106 0.024 0.796 0.014 0.022 0.    0.002]
 [0.007 0.002 0.019 0.019 0.004 0.01  0.933 0.002 0.003 0.001]
 [0.014 0.001 0.007 0.018 0.024 0.033 0.007 0.894 0.002 0.   ]
 [0.047 0.013 0.004 0.002 0.    0.001 0.007 0.    0.911 0.015]
 [0.014 0.044 0.003 0.003 0.001 0.    0.001 0.    0.005 0.929]]
[2025-06-14 02:29:55,642 INFO] 15200 iteration, USE_EMA: True, {'train/sup_loss': tensor(1.0746, device='cuda:0'), 'train/unsup_loss': tensor(0.0105, device='cuda:0'), 'train/total_loss': tensor(2.1221, device='cuda:0'), 'lr': 0.015066183204807756, 'train/prefecth_time': 0.13018521118164061, 'train/run_time': 0.11563827514648438, 'eval/loss': tensor(0.4497, device='cuda:0'), 'eval/top-1-acc': 0.8698, 'eval/top-5-acc': np.float64(0.9922)}, BEST_EVAL_ACC: 0.8698, at 15200 iters
[2025-06-14 02:30:21,102 INFO] confusion matrix:
[[0.924 0.013 0.008 0.007 0.002 0.    0.002 0.009 0.019 0.016]
 [0.008 0.964 0.    0.    0.    0.002 0.    0.001 0.002 0.023]
 [0.063 0.    0.772 0.031 0.029 0.035 0.05  0.015 0.002 0.003]
 [0.024 0.004 0.029 0.708 0.022 0.135 0.041 0.019 0.007 0.011]
 [0.018 0.002 0.025 0.023 0.855 0.019 0.032 0.024 0.002 0.   ]
 [0.009 0.003 0.023 0.105 0.024 0.798 0.013 0.022 0.001 0.002]
 [0.007 0.002 0.021 0.019 0.004 0.01  0.931 0.002 0.003 0.001]
 [0.014 0.001 0.007 0.014 0.023 0.032 0.006 0.901 0.002 0.   ]
 [0.049 0.012 0.004 0.002 0.    0.001 0.007 0.    0.91  0.015]
 [0.014 0.043 0.003 0.003 0.001 0.    0.001 0.    0.005 0.93 ]]
[2025-06-14 02:30:21,110 INFO] 15300 iteration, USE_EMA: True, {'train/sup_loss': tensor(0.2075, device='cuda:0'), 'train/unsup_loss': tensor(0.0024, device='cuda:0'), 'train/total_loss': tensor(0.4459, device='cuda:0'), 'lr': 0.014887546332502303, 'train/prefecth_time': 0.09555696105957032, 'train/run_time': 0.12161228942871094, 'eval/loss': tensor(0.4504, device='cuda:0'), 'eval/top-1-acc': 0.8693, 'eval/top-5-acc': np.float64(0.9924)}, BEST_EVAL_ACC: 0.8698, at 15200 iters
[2025-06-14 02:30:46,863 INFO] confusion matrix:
[[0.922 0.013 0.009 0.008 0.002 0.    0.002 0.009 0.019 0.016]
 [0.008 0.963 0.    0.    0.    0.002 0.    0.001 0.002 0.024]
 [0.063 0.    0.774 0.029 0.029 0.036 0.052 0.013 0.002 0.002]
 [0.023 0.004 0.03  0.704 0.022 0.135 0.043 0.02  0.008 0.011]
 [0.018 0.002 0.025 0.021 0.857 0.02  0.031 0.024 0.002 0.   ]
 [0.008 0.003 0.022 0.105 0.025 0.798 0.014 0.022 0.001 0.002]
 [0.007 0.002 0.021 0.019 0.004 0.01  0.931 0.002 0.003 0.001]
 [0.014 0.001 0.007 0.014 0.023 0.032 0.006 0.902 0.001 0.   ]
 [0.048 0.012 0.004 0.002 0.    0.001 0.007 0.    0.91  0.016]
 [0.016 0.041 0.003 0.003 0.001 0.    0.001 0.    0.004 0.931]]
[2025-06-14 02:30:46,872 INFO] 15400 iteration, USE_EMA: True, {'train/sup_loss': tensor(0.3187, device='cuda:0'), 'train/unsup_loss': tensor(0.0055, device='cuda:0'), 'train/total_loss': tensor(0.8668, device='cuda:0'), 'lr': 0.014708206359892959, 'train/prefecth_time': 0.09205171203613281, 'train/run_time': 0.1148268814086914, 'eval/loss': tensor(0.4496, device='cuda:0'), 'eval/top-1-acc': 0.8692, 'eval/top-5-acc': np.float64(0.9927)}, BEST_EVAL_ACC: 0.8698, at 15200 iters
[2025-06-14 02:31:12,320 INFO] confusion matrix:
[[0.92  0.013 0.011 0.008 0.002 0.    0.002 0.009 0.019 0.016]
 [0.008 0.964 0.    0.    0.    0.002 0.    0.001 0.002 0.023]
 [0.062 0.    0.773 0.03  0.029 0.037 0.052 0.013 0.002 0.002]
 [0.023 0.003 0.032 0.703 0.022 0.137 0.041 0.02  0.008 0.011]
 [0.019 0.002 0.025 0.021 0.856 0.018 0.032 0.024 0.002 0.001]
 [0.008 0.004 0.022 0.102 0.023 0.807 0.01  0.022 0.001 0.001]
 [0.008 0.002 0.021 0.02  0.004 0.011 0.928 0.002 0.003 0.001]
 [0.014 0.001 0.006 0.014 0.024 0.033 0.007 0.9   0.001 0.   ]
 [0.047 0.013 0.004 0.002 0.    0.001 0.007 0.    0.91  0.016]
 [0.017 0.04  0.003 0.003 0.001 0.    0.001 0.    0.004 0.931]]
[2025-06-14 02:31:12,329 INFO] 15500 iteration, USE_EMA: True, {'train/sup_loss': tensor(0.4571, device='cuda:0'), 'train/unsup_loss': tensor(0.0040, device='cuda:0'), 'train/total_loss': tensor(0.8525, device='cuda:0'), 'lr': 0.014528171756742743, 'train/prefecth_time': 0.09494371032714843, 'train/run_time': 0.11514060974121093, 'eval/loss': tensor(0.4494, device='cuda:0'), 'eval/top-1-acc': 0.8692, 'eval/top-5-acc': np.float64(0.9924)}, BEST_EVAL_ACC: 0.8698, at 15200 iters
[2025-06-14 02:31:37,790 INFO] confusion matrix:
[[0.925 0.012 0.01  0.006 0.002 0.    0.002 0.008 0.018 0.017]
 [0.008 0.963 0.    0.    0.    0.002 0.    0.001 0.002 0.024]
 [0.062 0.    0.772 0.031 0.027 0.038 0.051 0.014 0.002 0.003]
 [0.024 0.003 0.032 0.7   0.022 0.138 0.041 0.02  0.008 0.012]
 [0.02  0.002 0.026 0.019 0.856 0.018 0.033 0.024 0.002 0.   ]
 [0.009 0.003 0.022 0.095 0.024 0.811 0.01  0.023 0.001 0.002]
 [0.008 0.002 0.021 0.018 0.005 0.01  0.93  0.002 0.003 0.001]
 [0.015 0.001 0.006 0.015 0.025 0.031 0.007 0.899 0.001 0.   ]
 [0.047 0.014 0.004 0.002 0.    0.001 0.007 0.    0.91  0.015]
 [0.017 0.04  0.003 0.003 0.001 0.    0.001 0.    0.004 0.931]]
[2025-06-14 02:31:37,797 INFO] 15600 iteration, USE_EMA: True, {'train/sup_loss': tensor(1.5686, device='cuda:0'), 'train/unsup_loss': tensor(0.0208, device='cuda:0'), 'train/total_loss': tensor(3.6491, device='cuda:0'), 'lr': 0.014347451025620262, 'train/prefecth_time': 0.09396015930175781, 'train/run_time': 0.11540636444091797, 'eval/loss': tensor(0.4474, device='cuda:0'), 'eval/top-1-acc': 0.8697, 'eval/top-5-acc': np.float64(0.9927)}, BEST_EVAL_ACC: 0.8698, at 15200 iters
[2025-06-14 02:32:03,465 INFO] confusion matrix:
[[0.929 0.012 0.01  0.006 0.002 0.    0.002 0.008 0.016 0.015]
 [0.008 0.964 0.    0.    0.    0.002 0.    0.001 0.002 0.023]
 [0.061 0.    0.775 0.03  0.025 0.037 0.052 0.014 0.002 0.004]
 [0.025 0.003 0.032 0.7   0.022 0.138 0.04  0.021 0.008 0.011]
 [0.021 0.002 0.025 0.018 0.856 0.018 0.033 0.025 0.002 0.   ]
 [0.008 0.003 0.022 0.093 0.025 0.812 0.011 0.023 0.001 0.002]
 [0.008 0.003 0.02  0.018 0.005 0.011 0.929 0.002 0.002 0.002]
 [0.015 0.001 0.006 0.015 0.025 0.032 0.006 0.899 0.001 0.   ]
 [0.048 0.014 0.004 0.002 0.    0.001 0.007 0.    0.91  0.014]
 [0.018 0.04  0.003 0.003 0.001 0.    0.001 0.    0.005 0.929]]
[2025-06-14 02:32:03,471 INFO] 15700 iteration, USE_EMA: True, {'train/sup_loss': tensor(0.5539, device='cuda:0'), 'train/unsup_loss': tensor(0.0027, device='cuda:0'), 'train/total_loss': tensor(0.8238, device='cuda:0'), 'lr': 0.014166052701498184, 'train/prefecth_time': 0.101210205078125, 'train/run_time': 0.11520819091796874, 'eval/loss': tensor(0.4472, device='cuda:0'), 'eval/top-1-acc': 0.8703, 'eval/top-5-acc': np.float64(0.9925)}, BEST_EVAL_ACC: 0.8703, at 15700 iters
[2025-06-14 02:32:28,914 INFO] confusion matrix:
[[0.929 0.012 0.01  0.006 0.002 0.    0.002 0.008 0.018 0.013]
 [0.006 0.966 0.    0.    0.    0.002 0.    0.001 0.002 0.023]
 [0.06  0.    0.774 0.03  0.025 0.041 0.051 0.012 0.003 0.004]
 [0.026 0.003 0.032 0.697 0.022 0.141 0.039 0.021 0.008 0.011]
 [0.021 0.002 0.025 0.019 0.858 0.017 0.032 0.024 0.002 0.   ]
 [0.008 0.003 0.024 0.092 0.026 0.812 0.01  0.022 0.001 0.002]
 [0.008 0.003 0.021 0.017 0.006 0.013 0.927 0.001 0.002 0.002]
 [0.015 0.001 0.006 0.014 0.026 0.036 0.007 0.894 0.001 0.   ]
 [0.048 0.013 0.003 0.002 0.    0.002 0.007 0.    0.911 0.014]
 [0.017 0.04  0.003 0.003 0.001 0.    0.001 0.    0.005 0.93 ]]
[2025-06-14 02:32:28,920 INFO] 15800 iteration, USE_EMA: True, {'train/sup_loss': tensor(0.3023, device='cuda:0'), 'train/unsup_loss': tensor(0.0020, device='cuda:0'), 'train/total_loss': tensor(0.4976, device='cuda:0'), 'lr': 0.013983985351350132, 'train/prefecth_time': 0.0942240982055664, 'train/run_time': 0.11581439971923828, 'eval/loss': tensor(0.4466, device='cuda:0'), 'eval/top-1-acc': 0.8698, 'eval/top-5-acc': np.float64(0.9927)}, BEST_EVAL_ACC: 0.8703, at 15700 iters
[2025-06-14 02:32:54,050 INFO] confusion matrix:
[[0.933 0.013 0.009 0.005 0.002 0.    0.002 0.008 0.014 0.014]
 [0.006 0.967 0.    0.    0.    0.002 0.    0.001 0.002 0.022]
 [0.061 0.    0.772 0.03  0.024 0.041 0.053 0.012 0.003 0.004]
 [0.025 0.002 0.031 0.706 0.023 0.135 0.039 0.02  0.009 0.01 ]
 [0.021 0.002 0.025 0.019 0.856 0.017 0.033 0.025 0.002 0.   ]
 [0.007 0.003 0.024 0.093 0.025 0.811 0.011 0.023 0.001 0.002]
 [0.008 0.003 0.021 0.017 0.006 0.011 0.929 0.001 0.002 0.002]
 [0.015 0.001 0.006 0.015 0.025 0.036 0.007 0.894 0.001 0.   ]
 [0.05  0.013 0.003 0.002 0.    0.002 0.006 0.    0.91  0.014]
 [0.018 0.042 0.003 0.003 0.001 0.    0.001 0.    0.006 0.926]]
[2025-06-14 02:32:54,055 INFO] 15900 iteration, USE_EMA: True, {'train/sup_loss': tensor(1.4565, device='cuda:0'), 'train/unsup_loss': tensor(0.0191, device='cuda:0'), 'train/total_loss': tensor(3.3676, device='cuda:0'), 'lr': 0.013801257573746109, 'train/prefecth_time': 0.09115203094482421, 'train/run_time': 0.11511980438232422, 'eval/loss': tensor(0.4491, device='cuda:0'), 'eval/top-1-acc': 0.8704, 'eval/top-5-acc': np.float64(0.9926)}, BEST_EVAL_ACC: 0.8704, at 15900 iters
[2025-06-14 02:33:19,836 INFO] confusion matrix:
[[0.934 0.013 0.009 0.005 0.002 0.    0.002 0.007 0.014 0.014]
 [0.007 0.965 0.    0.    0.    0.002 0.    0.001 0.002 0.023]
 [0.061 0.    0.771 0.031 0.024 0.039 0.056 0.012 0.002 0.004]
 [0.027 0.001 0.032 0.71  0.023 0.131 0.04  0.02  0.007 0.009]
 [0.023 0.002 0.024 0.018 0.858 0.017 0.032 0.024 0.002 0.   ]
 [0.007 0.003 0.023 0.097 0.025 0.81  0.009 0.023 0.001 0.002]
 [0.008 0.003 0.021 0.018 0.005 0.01  0.93  0.001 0.002 0.002]
 [0.015 0.001 0.006 0.015 0.025 0.036 0.008 0.893 0.001 0.   ]
 [0.053 0.012 0.003 0.002 0.    0.002 0.006 0.    0.908 0.014]
 [0.017 0.046 0.002 0.003 0.001 0.    0.001 0.    0.006 0.924]]
[2025-06-14 02:33:19,841 INFO] 16000 iteration, USE_EMA: True, {'train/sup_loss': tensor(0.5317, device='cuda:0'), 'train/unsup_loss': tensor(0.0022, device='cuda:0'), 'train/total_loss': tensor(0.7493, device='cuda:0'), 'lr': 0.013617877998446389, 'train/prefecth_time': 0.09532806396484375, 'train/run_time': 0.11492147064208984, 'eval/loss': tensor(0.4485, device='cuda:0'), 'eval/top-1-acc': 0.8703, 'eval/top-5-acc': np.float64(0.9924)}, BEST_EVAL_ACC: 0.8704, at 15900 iters
[2025-06-14 02:37:01,299 INFO] confusion matrix:
[[0.94  0.008 0.008 0.003 0.001 0.    0.002 0.008 0.017 0.013]
 [0.009 0.962 0.    0.    0.    0.002 0.    0.001 0.003 0.023]
 [0.064 0.    0.776 0.03  0.026 0.038 0.051 0.009 0.003 0.003]
 [0.027 0.002 0.027 0.72  0.022 0.13  0.037 0.019 0.007 0.009]
 [0.022 0.001 0.024 0.019 0.862 0.015 0.031 0.024 0.002 0.   ]
 [0.009 0.004 0.022 0.099 0.024 0.809 0.007 0.024 0.001 0.001]
 [0.008 0.002 0.018 0.02  0.005 0.01  0.93  0.003 0.002 0.002]
 [0.015 0.001 0.006 0.017 0.023 0.032 0.009 0.896 0.001 0.   ]
 [0.052 0.01  0.004 0.001 0.001 0.003 0.004 0.    0.912 0.013]
 [0.015 0.041 0.002 0.003 0.    0.002 0.002 0.    0.004 0.931]]
[2025-06-14 02:37:01,304 INFO] 17000 iteration, USE_EMA: True, {'train/sup_loss': tensor(0.2047, device='cuda:0'), 'train/unsup_loss': tensor(0.0063, device='cuda:0'), 'train/total_loss': tensor(0.8375, device='cuda:0'), 'lr': 0.011750153400260371, 'train/prefecth_time': 0.13707264709472655, 'train/run_time': 0.11720761871337891, 'eval/loss': tensor(0.4464, device='cuda:0'), 'eval/top-1-acc': 0.8738, 'eval/top-5-acc': np.float64(0.993)}, BEST_EVAL_ACC: 0.8738, at 17000 iters
[2025-06-14 02:40:43,371 INFO] confusion matrix:
[[0.939 0.011 0.011 0.004 0.001 0.    0.001 0.006 0.014 0.013]
 [0.007 0.966 0.    0.    0.    0.002 0.    0.001 0.003 0.021]
 [0.061 0.    0.779 0.03  0.028 0.036 0.047 0.012 0.003 0.004]
 [0.024 0.001 0.029 0.72  0.024 0.139 0.034 0.014 0.007 0.008]
 [0.021 0.001 0.026 0.016 0.867 0.015 0.029 0.023 0.002 0.   ]
 [0.008 0.003 0.023 0.096 0.023 0.821 0.005 0.02  0.    0.001]
 [0.005 0.002 0.02  0.019 0.005 0.009 0.93  0.004 0.003 0.003]
 [0.014 0.001 0.005 0.02  0.018 0.039 0.009 0.893 0.001 0.   ]
 [0.039 0.013 0.003 0.003 0.    0.002 0.005 0.    0.922 0.013]
 [0.014 0.042 0.002 0.002 0.001 0.001 0.001 0.    0.004 0.933]]
[2025-06-14 02:40:43,377 INFO] 18000 iteration, USE_EMA: True, {'train/sup_loss': tensor(0.3786, device='cuda:0'), 'train/unsup_loss': tensor(0.0022, device='cuda:0'), 'train/total_loss': tensor(0.6015, device='cuda:0'), 'lr': 0.009826957485191697, 'train/prefecth_time': 0.0934683837890625, 'train/run_time': 0.1150327377319336, 'eval/loss': tensor(0.4412, device='cuda:0'), 'eval/top-1-acc': 0.877, 'eval/top-5-acc': np.float64(0.9931)}, BEST_EVAL_ACC: 0.877, at 18000 iters
[2025-06-14 02:44:27,049 INFO] confusion matrix:
[[0.94  0.009 0.01  0.004 0.001 0.001 0.002 0.005 0.014 0.014]
 [0.007 0.968 0.    0.    0.    0.002 0.    0.001 0.002 0.02 ]
 [0.058 0.001 0.789 0.026 0.028 0.038 0.042 0.013 0.002 0.003]
 [0.025 0.001 0.031 0.716 0.025 0.136 0.034 0.018 0.006 0.008]
 [0.022 0.001 0.027 0.016 0.869 0.011 0.028 0.024 0.002 0.   ]
 [0.007 0.003 0.022 0.094 0.025 0.822 0.005 0.02  0.001 0.001]
 [0.006 0.003 0.017 0.019 0.005 0.008 0.935 0.004 0.002 0.001]
 [0.012 0.001 0.005 0.021 0.019 0.033 0.007 0.901 0.001 0.   ]
 [0.047 0.01  0.004 0.003 0.    0.001 0.004 0.001 0.917 0.013]
 [0.018 0.041 0.002 0.002 0.001 0.001 0.001 0.001 0.004 0.929]]
[2025-06-14 02:44:27,057 INFO] 19000 iteration, USE_EMA: True, {'train/sup_loss': tensor(0.0884, device='cuda:0'), 'train/unsup_loss': tensor(0.0029, device='cuda:0'), 'train/total_loss': tensor(0.3806, device='cuda:0'), 'lr': 0.007857369471732094, 'train/prefecth_time': 0.09435593414306641, 'train/run_time': 0.11556582641601562, 'eval/loss': tensor(0.4343, device='cuda:0'), 'eval/top-1-acc': 0.8786, 'eval/top-5-acc': np.float64(0.9928)}, BEST_EVAL_ACC: 0.8786, at 19000 iters
[2025-06-14 02:48:08,158 INFO] confusion matrix:
[[0.946 0.01  0.006 0.005 0.001 0.001 0.004 0.004 0.013 0.01 ]
 [0.008 0.968 0.    0.    0.    0.002 0.    0.001 0.002 0.019]
 [0.064 0.    0.777 0.025 0.023 0.044 0.052 0.01  0.002 0.003]
 [0.027 0.002 0.027 0.718 0.021 0.141 0.034 0.016 0.007 0.007]
 [0.021 0.001 0.028 0.019 0.864 0.015 0.026 0.024 0.002 0.   ]
 [0.009 0.003 0.021 0.093 0.019 0.828 0.009 0.017 0.    0.001]
 [0.007 0.003 0.015 0.016 0.004 0.01  0.938 0.003 0.002 0.002]
 [0.012 0.001 0.004 0.017 0.018 0.036 0.005 0.906 0.001 0.   ]
 [0.048 0.01  0.003 0.003 0.    0.001 0.003 0.001 0.919 0.012]
 [0.016 0.042 0.001 0.003 0.    0.001 0.001 0.001 0.004 0.931]]
