[2025-06-11 13:35:00,206 WARNING] USE GPU: 0 for training
[2025-06-11 13:35:01,366 INFO] Number of Trainable Params: 1469642
[2025-06-11 13:35:01,595 INFO] model_arch: <models.mixmatch.mixmatch.MixMatch object at 0x7caef9b87590>
[2025-06-11 13:35:01,596 INFO] Arguments: Namespace(save_dir='./saved_models', save_name='mixmatch_cifar10_250_0', resume=False, load_path='None', overwrite=False, use_tensorboard=True, epoch=1, num_train_iter=20000, num_eval_iter=100, num_labels=250, batch_size=64, uratio=1, eval_batch_size=1024, alpha=0.5, T=0.5, ema_m=0.999, ulb_loss_ratio=100, ramp_up=0.4, optim='SGD', lr=0.03, momentum=0.9, weight_decay=0.0005, amp=False, clip=0, net='WideResNet', net_from_name=False, depth=28, widen_factor=2, leaky_slope=0.1, dropout=0.0, data_dir='./data', dataset='cifar10', train_sampler='RandomSampler', num_classes=10, num_workers=0, world_size=1, rank=0, dist_url='tcp://127.0.0.1:10027', dist_backend='nccl', seed=0, gpu=0, multiprocessing_distributed=False, c='config/mixmatch/mixmatch_cifar10_250_0.yaml', alg='mixmatch', distributed=False, bn_momentum=0.0010000000000000009)
[2025-06-11 13:35:14,336 INFO] [!] data loader keys: dict_keys(['train_lb', 'train_ulb', 'eval'])
[2025-06-11 13:35:22,527 INFO] confusion matrix:
[[0.828 0.088 0.084 0.    0.    0.    0.    0.    0.    0.   ]
 [0.959 0.01  0.031 0.    0.    0.    0.    0.    0.    0.   ]
 [0.908 0.022 0.07  0.    0.    0.    0.    0.    0.    0.   ]
 [0.95  0.019 0.031 0.    0.    0.    0.    0.    0.    0.   ]
 [0.94  0.01  0.05  0.    0.    0.    0.    0.    0.    0.   ]
 [0.923 0.032 0.045 0.    0.    0.    0.    0.    0.    0.   ]
 [0.973 0.    0.027 0.    0.    0.    0.    0.    0.    0.   ]
 [0.944 0.009 0.047 0.    0.    0.    0.    0.    0.    0.   ]
 [0.867 0.066 0.067 0.    0.    0.    0.    0.    0.    0.   ]
 [0.97  0.009 0.021 0.    0.    0.    0.    0.    0.    0.   ]]
[2025-06-11 13:35:22,772 INFO] 0 iteration, USE_EMA: True, {'train/sup_loss': tensor(2.4440, device='cuda:0'), 'train/unsup_loss': tensor(0.0053, device='cuda:0'), 'train/total_loss': tensor(2.4440, device='cuda:0'), 'lr': 0.0299999999291586, 'train/prefecth_time': 0.7542005615234375, 'train/run_time': 2.327805908203125, 'eval/loss': tensor(13.4868, device='cuda:0'), 'eval/top-1-acc': 0.0908, 'eval/top-5-acc': np.float64(0.5013)}, BEST_EVAL_ACC: 0.0908, at 0 iters
[2025-06-11 13:35:47,896 INFO] confusion matrix:
[[0.725 0.268 0.007 0.    0.    0.    0.    0.    0.    0.   ]
 [0.949 0.051 0.    0.    0.    0.    0.    0.    0.    0.   ]
 [0.907 0.07  0.015 0.008 0.    0.    0.    0.    0.    0.   ]
 [0.965 0.034 0.001 0.    0.    0.    0.    0.    0.    0.   ]
 [0.957 0.024 0.017 0.002 0.    0.    0.    0.    0.    0.   ]
 [0.94  0.052 0.007 0.001 0.    0.    0.    0.    0.    0.   ]
 [0.991 0.008 0.001 0.    0.    0.    0.    0.    0.    0.   ]
 [0.956 0.04  0.004 0.    0.    0.    0.    0.    0.    0.   ]
 [0.766 0.229 0.005 0.    0.    0.    0.    0.    0.    0.   ]
 [0.945 0.055 0.    0.    0.    0.    0.    0.    0.    0.   ]]
[2025-06-11 13:35:47,901 INFO] 100 iteration, USE_EMA: True, {'train/sup_loss': tensor(1.5983, device='cuda:0'), 'train/unsup_loss': tensor(0.0062, device='cuda:0'), 'train/total_loss': tensor(1.6060, device='cuda:0'), 'lr': 0.029999277349792332, 'train/prefecth_time': 0.11047593688964844, 'train/run_time': 0.11189711761474609, 'eval/loss': tensor(4.3926, device='cuda:0'), 'eval/top-1-acc': 0.0791, 'eval/top-5-acc': np.float64(0.4926)}, BEST_EVAL_ACC: 0.0908, at 0 iters
[2025-06-11 13:36:13,055 INFO] confusion matrix:
[[0.77  0.105 0.123 0.002 0.    0.    0.    0.    0.    0.   ]
 [0.967 0.026 0.007 0.    0.    0.    0.    0.    0.    0.   ]
 [0.846 0.03  0.082 0.029 0.013 0.    0.    0.    0.    0.   ]
 [0.942 0.011 0.044 0.003 0.    0.    0.    0.    0.    0.   ]
 [0.911 0.008 0.044 0.03  0.007 0.    0.    0.    0.    0.   ]
 [0.923 0.013 0.059 0.005 0.    0.    0.    0.    0.    0.   ]
 [0.97  0.003 0.017 0.01  0.    0.    0.    0.    0.    0.   ]
 [0.955 0.015 0.028 0.002 0.    0.    0.    0.    0.    0.   ]
 [0.854 0.061 0.083 0.001 0.    0.    0.    0.    0.    0.001]
 [0.966 0.019 0.015 0.    0.    0.    0.    0.    0.    0.   ]]
[2025-06-11 13:36:13,060 INFO] 200 iteration, USE_EMA: True, {'train/sup_loss': tensor(1.7550, device='cuda:0'), 'train/unsup_loss': tensor(0.0172, device='cuda:0'), 'train/total_loss': tensor(1.7979, device='cuda:0'), 'lr': 0.02999713798215552, 'train/prefecth_time': 0.08714335632324219, 'train/run_time': 0.1136608657836914, 'eval/loss': tensor(2.9175, device='cuda:0'), 'eval/top-1-acc': 0.0888, 'eval/top-5-acc': np.float64(0.5343)}, BEST_EVAL_ACC: 0.0908, at 0 iters
[2025-06-11 13:36:38,349 INFO] confusion matrix:
[[0.719 0.003 0.253 0.015 0.004 0.    0.    0.    0.002 0.004]
 [0.945 0.    0.05  0.004 0.    0.    0.    0.    0.    0.001]
 [0.73  0.    0.143 0.067 0.054 0.    0.    0.    0.003 0.003]
 [0.858 0.    0.106 0.032 0.003 0.    0.    0.    0.001 0.   ]
 [0.796 0.    0.069 0.061 0.073 0.    0.    0.    0.001 0.   ]
 [0.803 0.    0.156 0.037 0.004 0.    0.    0.    0.    0.   ]
 [0.846 0.    0.06  0.053 0.04  0.    0.    0.    0.    0.001]
 [0.882 0.    0.099 0.012 0.006 0.    0.    0.    0.    0.001]
 [0.833 0.    0.159 0.005 0.    0.    0.    0.    0.003 0.   ]
 [0.93  0.    0.067 0.003 0.    0.    0.    0.    0.    0.   ]]
[2025-06-11 13:36:38,354 INFO] 300 iteration, USE_EMA: True, {'train/sup_loss': tensor(1.8206, device='cuda:0'), 'train/unsup_loss': tensor(0.0215, device='cuda:0'), 'train/total_loss': tensor(1.9011, device='cuda:0'), 'lr': 0.02999358192728497, 'train/prefecth_time': 0.09373043060302734, 'train/run_time': 0.115336669921875, 'eval/loss': tensor(2.4762, device='cuda:0'), 'eval/top-1-acc': 0.097, 'eval/top-5-acc': np.float64(0.5959)}, BEST_EVAL_ACC: 0.097, at 300 iters
[2025-06-11 13:37:03,680 INFO] confusion matrix:
[[0.769 0.    0.187 0.018 0.004 0.    0.    0.    0.021 0.001]
 [0.923 0.    0.051 0.007 0.    0.    0.    0.    0.004 0.015]
 [0.714 0.    0.157 0.058 0.066 0.    0.    0.    0.005 0.   ]
 [0.811 0.    0.121 0.05  0.015 0.    0.    0.    0.001 0.002]
 [0.721 0.    0.105 0.054 0.114 0.    0.    0.    0.006 0.   ]
 [0.733 0.    0.184 0.065 0.014 0.    0.    0.    0.001 0.003]
 [0.756 0.    0.077 0.06  0.106 0.    0.    0.    0.    0.001]
 [0.793 0.    0.157 0.02  0.026 0.    0.    0.    0.    0.004]
 [0.851 0.    0.122 0.008 0.    0.    0.    0.    0.018 0.001]
 [0.903 0.    0.075 0.008 0.    0.    0.    0.    0.002 0.012]]
[2025-06-11 13:37:03,690 INFO] 400 iteration, USE_EMA: True, {'train/sup_loss': tensor(1.8392, device='cuda:0'), 'train/unsup_loss': tensor(0.0259, device='cuda:0'), 'train/total_loss': tensor(1.9686, device='cuda:0'), 'lr': 0.02998860935312395, 'train/prefecth_time': 0.10430665588378907, 'train/run_time': 0.11772777557373047, 'eval/loss': tensor(2.3330, device='cuda:0'), 'eval/top-1-acc': 0.112, 'eval/top-5-acc': np.float64(0.6179)}, BEST_EVAL_ACC: 0.112, at 400 iters
[2025-06-11 13:37:28,772 INFO] confusion matrix:
[[0.729 0.    0.159 0.022 0.009 0.    0.    0.    0.079 0.002]
 [0.819 0.    0.045 0.023 0.004 0.    0.    0.    0.073 0.036]
 [0.661 0.    0.201 0.044 0.078 0.    0.001 0.    0.014 0.001]
 [0.743 0.    0.114 0.088 0.04  0.    0.    0.    0.008 0.007]
 [0.619 0.    0.141 0.049 0.168 0.    0.    0.    0.023 0.   ]
 [0.637 0.    0.201 0.115 0.031 0.    0.    0.    0.014 0.002]
 [0.611 0.    0.116 0.07  0.195 0.    0.    0.    0.007 0.001]
 [0.679 0.    0.203 0.045 0.058 0.    0.    0.    0.012 0.003]
 [0.749 0.    0.098 0.008 0.001 0.    0.    0.    0.142 0.002]
 [0.758 0.    0.084 0.021 0.003 0.    0.    0.    0.094 0.04 ]]
[2025-06-11 13:37:28,779 INFO] 500 iteration, USE_EMA: True, {'train/sup_loss': tensor(0.7624, device='cuda:0'), 'train/unsup_loss': tensor(0.0095, device='cuda:0'), 'train/total_loss': tensor(0.8216, device='cuda:0'), 'lr': 0.02998222049451428, 'train/prefecth_time': 0.08723497772216797, 'train/run_time': 0.11587193298339844, 'eval/loss': tensor(2.2978, device='cuda:0'), 'eval/top-1-acc': 0.1368, 'eval/top-5-acc': np.float64(0.6192)}, BEST_EVAL_ACC: 0.1368, at 500 iters
[2025-06-11 13:37:53,653 INFO] confusion matrix:
[[0.676 0.    0.122 0.018 0.011 0.    0.    0.    0.17  0.003]
 [0.565 0.    0.027 0.035 0.009 0.    0.    0.    0.31  0.054]
 [0.597 0.    0.222 0.037 0.113 0.    0.    0.    0.03  0.001]
 [0.633 0.    0.102 0.143 0.085 0.001 0.    0.    0.032 0.004]
 [0.493 0.    0.164 0.053 0.246 0.    0.    0.    0.044 0.   ]
 [0.53  0.    0.182 0.175 0.077 0.    0.    0.    0.035 0.001]
 [0.488 0.    0.131 0.073 0.286 0.    0.    0.    0.022 0.   ]
 [0.537 0.    0.213 0.062 0.138 0.    0.    0.    0.046 0.004]
 [0.576 0.    0.047 0.009 0.002 0.    0.    0.    0.364 0.002]
 [0.484 0.    0.054 0.037 0.016 0.    0.    0.    0.348 0.061]]
[2025-06-11 13:37:53,658 INFO] 600 iteration, USE_EMA: True, {'train/sup_loss': tensor(0.4429, device='cuda:0'), 'train/unsup_loss': tensor(0.0092, device='cuda:0'), 'train/total_loss': tensor(0.5118, device='cuda:0'), 'lr': 0.029974415653185222, 'train/prefecth_time': 0.09027174377441406, 'train/run_time': 0.11514675140380859, 'eval/loss': tensor(2.2872, device='cuda:0'), 'eval/top-1-acc': 0.1712, 'eval/top-5-acc': np.float64(0.6182)}, BEST_EVAL_ACC: 0.1712, at 600 iters
[2025-06-11 13:38:18,620 INFO] confusion matrix:
[[0.632 0.    0.083 0.03  0.017 0.    0.    0.    0.236 0.002]
 [0.353 0.    0.01  0.038 0.04  0.    0.    0.    0.501 0.058]
 [0.502 0.    0.226 0.052 0.158 0.    0.001 0.    0.061 0.   ]
 [0.471 0.    0.072 0.23  0.162 0.001 0.    0.    0.06  0.004]
 [0.367 0.    0.175 0.07  0.327 0.    0.    0.    0.061 0.   ]
 [0.391 0.    0.155 0.254 0.134 0.002 0.    0.    0.064 0.   ]
 [0.329 0.    0.145 0.103 0.387 0.    0.    0.    0.036 0.   ]
 [0.355 0.    0.189 0.109 0.254 0.    0.    0.    0.085 0.008]
 [0.459 0.    0.019 0.011 0.006 0.    0.    0.    0.504 0.001]
 [0.299 0.    0.025 0.053 0.045 0.    0.    0.    0.508 0.07 ]]
[2025-06-11 13:38:18,625 INFO] 700 iteration, USE_EMA: True, {'train/sup_loss': tensor(1.5220, device='cuda:0'), 'train/unsup_loss': tensor(0.0179, device='cuda:0'), 'train/total_loss': tensor(1.6788, device='cuda:0'), 'lr': 0.029965195197739245, 'train/prefecth_time': 0.0875335693359375, 'train/run_time': 0.115980224609375, 'eval/loss': tensor(2.2790, device='cuda:0'), 'eval/top-1-acc': 0.1991, 'eval/top-5-acc': np.float64(0.6216)}, BEST_EVAL_ACC: 0.1991, at 700 iters
[2025-06-11 13:38:43,750 INFO] confusion matrix:
[[0.598 0.    0.059 0.037 0.018 0.    0.    0.    0.283 0.005]
 [0.218 0.    0.008 0.046 0.076 0.    0.    0.    0.585 0.067]
 [0.425 0.    0.228 0.072 0.192 0.    0.008 0.    0.075 0.   ]
 [0.344 0.    0.072 0.282 0.225 0.001 0.    0.    0.072 0.004]
 [0.3   0.    0.179 0.079 0.37  0.    0.005 0.    0.067 0.   ]
 [0.269 0.    0.138 0.322 0.19  0.002 0.001 0.    0.078 0.   ]
 [0.227 0.    0.136 0.123 0.455 0.    0.013 0.    0.046 0.   ]
 [0.234 0.    0.173 0.119 0.361 0.    0.    0.    0.1   0.013]
 [0.38  0.    0.011 0.012 0.012 0.    0.    0.    0.584 0.001]
 [0.198 0.    0.02  0.061 0.069 0.    0.    0.    0.565 0.087]]
[2025-06-11 13:38:43,755 INFO] 800 iteration, USE_EMA: True, {'train/sup_loss': tensor(1.1920, device='cuda:0'), 'train/unsup_loss': tensor(0.0110, device='cuda:0'), 'train/total_loss': tensor(1.3023, device='cuda:0'), 'lr': 0.029954559563634613, 'train/prefecth_time': 0.08976812744140625, 'train/run_time': 0.11638227081298828, 'eval/loss': tensor(2.2581, device='cuda:0'), 'eval/top-1-acc': 0.2164, 'eval/top-5-acc': np.float64(0.6301)}, BEST_EVAL_ACC: 0.2164, at 800 iters
[2025-06-11 13:39:08,848 INFO] confusion matrix:
[[0.582 0.    0.04  0.04  0.019 0.    0.    0.    0.311 0.008]
 [0.153 0.    0.01  0.035 0.094 0.    0.    0.    0.624 0.084]
 [0.36  0.    0.229 0.079 0.236 0.    0.017 0.    0.078 0.001]
 [0.265 0.    0.068 0.305 0.28  0.    0.002 0.    0.075 0.005]
 [0.237 0.    0.166 0.075 0.425 0.    0.021 0.    0.074 0.002]
 [0.212 0.    0.131 0.326 0.246 0.003 0.003 0.    0.078 0.001]
 [0.166 0.    0.118 0.129 0.5   0.    0.038 0.    0.049 0.   ]
 [0.167 0.    0.147 0.114 0.441 0.    0.002 0.    0.107 0.022]
 [0.296 0.    0.009 0.014 0.017 0.    0.    0.    0.661 0.003]
 [0.157 0.    0.019 0.053 0.087 0.    0.    0.    0.574 0.11 ]]
[2025-06-11 13:39:08,853 INFO] 900 iteration, USE_EMA: True, {'train/sup_loss': tensor(0.7621, device='cuda:0'), 'train/unsup_loss': tensor(0.0072, device='cuda:0'), 'train/total_loss': tensor(0.8429, device='cuda:0'), 'lr': 0.029942509253164804, 'train/prefecth_time': 0.0878325424194336, 'train/run_time': 0.11571065521240234, 'eval/loss': tensor(2.2245, device='cuda:0'), 'eval/top-1-acc': 0.2353, 'eval/top-5-acc': np.float64(0.6471)}, BEST_EVAL_ACC: 0.2353, at 900 iters
[2025-06-11 13:39:34,030 INFO] confusion matrix:
[[0.557 0.    0.032 0.039 0.025 0.    0.001 0.    0.334 0.012]
 [0.12  0.    0.01  0.032 0.112 0.001 0.    0.    0.61  0.115]
 [0.314 0.    0.215 0.091 0.262 0.001 0.034 0.    0.082 0.001]
 [0.198 0.    0.061 0.333 0.325 0.    0.009 0.    0.066 0.008]
 [0.202 0.    0.14  0.078 0.458 0.    0.049 0.    0.069 0.004]
 [0.174 0.    0.112 0.345 0.27  0.012 0.008 0.    0.077 0.002]
 [0.125 0.    0.089 0.136 0.53  0.    0.072 0.    0.048 0.   ]
 [0.124 0.    0.127 0.111 0.494 0.004 0.005 0.    0.108 0.027]
 [0.249 0.    0.008 0.012 0.023 0.    0.    0.    0.702 0.006]
 [0.125 0.    0.016 0.054 0.106 0.    0.001 0.    0.546 0.152]]
[2025-06-11 13:39:34,036 INFO] 1000 iteration, USE_EMA: True, {'train/sup_loss': tensor(1.1922, device='cuda:0'), 'train/unsup_loss': tensor(0.0104, device='cuda:0'), 'train/total_loss': tensor(1.3221, device='cuda:0'), 'lr': 0.029929044835434817, 'train/prefecth_time': 0.09055510711669922, 'train/run_time': 0.11681507110595703, 'eval/loss': tensor(2.1758, device='cuda:0'), 'eval/top-1-acc': 0.2501, 'eval/top-5-acc': np.float64(0.6716)}, BEST_EVAL_ACC: 0.2501, at 1000 iters
[2025-06-11 13:39:59,337 INFO] confusion matrix:
[[0.549 0.    0.027 0.036 0.035 0.    0.001 0.    0.338 0.014]
 [0.105 0.    0.01  0.033 0.132 0.001 0.    0.    0.58  0.139]
 [0.27  0.    0.209 0.1   0.278 0.001 0.055 0.    0.086 0.001]
 [0.163 0.    0.056 0.357 0.336 0.002 0.013 0.001 0.064 0.008]
 [0.165 0.    0.128 0.084 0.482 0.001 0.064 0.    0.071 0.005]
 [0.147 0.    0.094 0.358 0.295 0.024 0.013 0.    0.067 0.002]
 [0.097 0.    0.071 0.147 0.519 0.    0.118 0.    0.048 0.   ]
 [0.102 0.    0.11  0.101 0.544 0.005 0.005 0.002 0.099 0.032]
 [0.228 0.    0.008 0.012 0.025 0.    0.    0.    0.72  0.007]
 [0.108 0.    0.014 0.051 0.121 0.    0.001 0.    0.516 0.189]]
[2025-06-11 13:39:59,343 INFO] 1100 iteration, USE_EMA: True, {'train/sup_loss': tensor(0.9705, device='cuda:0'), 'train/unsup_loss': tensor(0.0103, device='cuda:0'), 'train/total_loss': tensor(1.1127, device='cuda:0'), 'lr': 0.029914166946334277, 'train/prefecth_time': 0.09157379150390625, 'train/run_time': 0.11634349060058594, 'eval/loss': tensor(2.1154, device='cuda:0'), 'eval/top-1-acc': 0.265, 'eval/top-5-acc': np.float64(0.7059)}, BEST_EVAL_ACC: 0.265, at 1100 iters
[2025-06-11 13:40:24,585 INFO] confusion matrix:
[[0.547 0.    0.029 0.029 0.042 0.    0.002 0.    0.335 0.016]
 [0.1   0.003 0.008 0.034 0.145 0.001 0.    0.    0.553 0.156]
 [0.254 0.    0.199 0.101 0.284 0.001 0.071 0.    0.089 0.001]
 [0.142 0.    0.054 0.374 0.334 0.006 0.017 0.001 0.062 0.01 ]
 [0.129 0.    0.113 0.084 0.507 0.001 0.09  0.    0.071 0.005]
 [0.125 0.    0.093 0.352 0.303 0.037 0.02  0.001 0.065 0.004]
 [0.073 0.    0.06  0.154 0.507 0.    0.159 0.    0.047 0.   ]
 [0.087 0.    0.09  0.095 0.583 0.006 0.011 0.009 0.084 0.035]
 [0.208 0.    0.007 0.013 0.033 0.    0.001 0.    0.729 0.009]
 [0.089 0.001 0.015 0.048 0.128 0.    0.001 0.    0.471 0.247]]
[2025-06-11 13:40:24,591 INFO] 1200 iteration, USE_EMA: True, {'train/sup_loss': tensor(0.5191, device='cuda:0'), 'train/unsup_loss': tensor(0.0076, device='cuda:0'), 'train/total_loss': tensor(0.6336, device='cuda:0'), 'lr': 0.029897876288507395, 'train/prefecth_time': 0.09708748626708984, 'train/run_time': 0.11508665466308594, 'eval/loss': tensor(2.0603, device='cuda:0'), 'eval/top-1-acc': 0.2811, 'eval/top-5-acc': np.float64(0.7353)}, BEST_EVAL_ACC: 0.2811, at 1200 iters
[2025-06-11 13:40:49,817 INFO] confusion matrix:
[[0.538 0.    0.03  0.03  0.039 0.001 0.003 0.001 0.339 0.019]
 [0.096 0.008 0.01  0.031 0.15  0.001 0.    0.    0.516 0.188]
 [0.217 0.    0.217 0.1   0.283 0.003 0.09  0.    0.089 0.001]
 [0.118 0.    0.058 0.374 0.335 0.011 0.028 0.002 0.064 0.01 ]
 [0.106 0.    0.099 0.088 0.522 0.002 0.102 0.001 0.075 0.005]
 [0.106 0.    0.101 0.319 0.308 0.058 0.032 0.002 0.069 0.005]
 [0.055 0.    0.053 0.152 0.494 0.    0.199 0.    0.047 0.   ]
 [0.067 0.    0.091 0.086 0.579 0.012 0.012 0.03  0.081 0.042]
 [0.175 0.    0.009 0.013 0.034 0.    0.003 0.    0.749 0.017]
 [0.088 0.002 0.018 0.044 0.132 0.    0.001 0.    0.41  0.305]]
[2025-06-11 13:40:49,822 INFO] 1300 iteration, USE_EMA: True, {'train/sup_loss': tensor(0.9383, device='cuda:0'), 'train/unsup_loss': tensor(0.0081, device='cuda:0'), 'train/total_loss': tensor(1.0705, device='cuda:0'), 'lr': 0.029880173631319812, 'train/prefecth_time': 0.11329273223876953, 'train/run_time': 0.11660492706298828, 'eval/loss': tensor(1.9915, device='cuda:0'), 'eval/top-1-acc': 0.3, 'eval/top-5-acc': np.float64(0.7705)}, BEST_EVAL_ACC: 0.3, at 1300 iters
[2025-06-11 13:41:15,367 INFO] confusion matrix:
[[0.525 0.001 0.031 0.031 0.043 0.001 0.005 0.001 0.344 0.018]
 [0.089 0.021 0.008 0.03  0.157 0.001 0.    0.001 0.481 0.212]
 [0.184 0.    0.223 0.114 0.283 0.006 0.099 0.    0.089 0.002]
 [0.102 0.    0.059 0.384 0.33  0.018 0.031 0.002 0.064 0.01 ]
 [0.084 0.    0.089 0.087 0.536 0.006 0.113 0.002 0.075 0.008]
 [0.082 0.    0.097 0.31  0.313 0.083 0.037 0.004 0.068 0.006]
 [0.04  0.001 0.05  0.173 0.466 0.    0.23  0.    0.04  0.   ]
 [0.049 0.    0.086 0.088 0.578 0.019 0.012 0.045 0.08  0.043]
 [0.147 0.    0.007 0.014 0.033 0.001 0.002 0.    0.775 0.021]
 [0.06  0.004 0.02  0.045 0.124 0.    0.001 0.    0.382 0.364]]
[2025-06-11 13:41:15,372 INFO] 1400 iteration, USE_EMA: True, {'train/sup_loss': tensor(0.4248, device='cuda:0'), 'train/unsup_loss': tensor(0.0087, device='cuda:0'), 'train/total_loss': tensor(0.5774, device='cuda:0'), 'lr': 0.02986105981082222, 'train/prefecth_time': 0.11442585754394531, 'train/run_time': 0.11961763000488282, 'eval/loss': tensor(1.9287, device='cuda:0'), 'eval/top-1-acc': 0.3186, 'eval/top-5-acc': np.float64(0.805)}, BEST_EVAL_ACC: 0.3186, at 1400 iters
[2025-06-11 13:41:40,616 INFO] confusion matrix:
[[0.518 0.001 0.029 0.033 0.04  0.001 0.006 0.002 0.344 0.026]
 [0.08  0.053 0.011 0.028 0.142 0.001 0.    0.001 0.436 0.248]
 [0.162 0.    0.22  0.122 0.274 0.007 0.117 0.    0.096 0.002]
 [0.087 0.    0.063 0.393 0.307 0.027 0.042 0.003 0.062 0.016]
 [0.069 0.    0.087 0.09  0.531 0.01  0.125 0.003 0.077 0.008]
 [0.066 0.    0.09  0.318 0.298 0.111 0.036 0.006 0.068 0.007]
 [0.03  0.001 0.047 0.17  0.431 0.004 0.276 0.    0.039 0.002]
 [0.043 0.    0.083 0.087 0.551 0.031 0.013 0.066 0.074 0.052]
 [0.136 0.    0.007 0.017 0.032 0.001 0.002 0.    0.782 0.023]
 [0.051 0.008 0.021 0.042 0.109 0.    0.002 0.    0.348 0.419]]
[2025-06-11 13:41:40,621 INFO] 1500 iteration, USE_EMA: True, {'train/sup_loss': tensor(0.2991, device='cuda:0'), 'train/unsup_loss': tensor(0.0083, device='cuda:0'), 'train/total_loss': tensor(0.4545, device='cuda:0'), 'lr': 0.02984053572971093, 'train/prefecth_time': 0.13466213989257814, 'train/run_time': 0.117206787109375, 'eval/loss': tensor(1.8606, device='cuda:0'), 'eval/top-1-acc': 0.3369, 'eval/top-5-acc': np.float64(0.8335)}, BEST_EVAL_ACC: 0.3369, at 1500 iters
[2025-06-11 13:42:05,864 INFO] confusion matrix:
[[0.51  0.002 0.029 0.036 0.039 0.001 0.006 0.002 0.345 0.03 ]
 [0.083 0.098 0.009 0.031 0.131 0.002 0.    0.001 0.382 0.263]
 [0.152 0.    0.225 0.13  0.262 0.009 0.122 0.001 0.093 0.006]
 [0.065 0.003 0.065 0.406 0.295 0.037 0.045 0.006 0.062 0.016]
 [0.063 0.    0.084 0.087 0.534 0.012 0.128 0.008 0.075 0.009]
 [0.051 0.001 0.087 0.326 0.28  0.135 0.035 0.009 0.067 0.009]
 [0.027 0.001 0.042 0.176 0.406 0.004 0.304 0.    0.037 0.003]
 [0.036 0.    0.075 0.085 0.53  0.044 0.012 0.098 0.066 0.054]
 [0.128 0.005 0.006 0.017 0.029 0.002 0.004 0.    0.783 0.026]
 [0.051 0.014 0.022 0.035 0.109 0.001 0.002 0.    0.308 0.458]]
[2025-06-11 13:42:05,868 INFO] 1600 iteration, USE_EMA: True, {'train/sup_loss': tensor(0.2971, device='cuda:0'), 'train/unsup_loss': tensor(0.0070, device='cuda:0'), 'train/total_loss': tensor(0.4366, device='cuda:0'), 'lr': 0.029818602357285205, 'train/prefecth_time': 0.09018284606933594, 'train/run_time': 0.11587551879882813, 'eval/loss': tensor(1.8033, device='cuda:0'), 'eval/top-1-acc': 0.3551, 'eval/top-5-acc': np.float64(0.851)}, BEST_EVAL_ACC: 0.3551, at 1600 iters
[2025-06-11 13:42:30,970 INFO] confusion matrix:
[[0.5   0.002 0.031 0.038 0.042 0.001 0.009 0.002 0.34  0.035]
 [0.072 0.151 0.007 0.033 0.126 0.005 0.    0.001 0.346 0.259]
 [0.131 0.    0.215 0.139 0.272 0.012 0.129 0.001 0.092 0.009]
 [0.054 0.003 0.064 0.425 0.278 0.043 0.05  0.009 0.055 0.019]
 [0.057 0.    0.08  0.09  0.524 0.013 0.141 0.015 0.071 0.009]
 [0.041 0.001 0.08  0.324 0.267 0.162 0.037 0.012 0.065 0.011]
 [0.019 0.001 0.037 0.177 0.36  0.006 0.361 0.    0.036 0.003]
 [0.031 0.    0.066 0.085 0.502 0.049 0.012 0.135 0.062 0.058]
 [0.117 0.009 0.005 0.018 0.029 0.004 0.004 0.    0.781 0.033]
 [0.044 0.018 0.021 0.034 0.102 0.002 0.002 0.    0.273 0.504]]
[2025-06-11 13:42:30,977 INFO] 1700 iteration, USE_EMA: True, {'train/sup_loss': tensor(0.1501, device='cuda:0'), 'train/unsup_loss': tensor(0.0072, device='cuda:0'), 'train/total_loss': tensor(0.3033, device='cuda:0'), 'lr': 0.02979526072940148, 'train/prefecth_time': 0.08503539276123047, 'train/run_time': 0.11552982330322266, 'eval/loss': tensor(1.7497, device='cuda:0'), 'eval/top-1-acc': 0.3758, 'eval/top-5-acc': np.float64(0.8695)}, BEST_EVAL_ACC: 0.3758, at 1700 iters
[2025-06-11 13:42:55,904 INFO] confusion matrix:
[[0.48  0.008 0.031 0.04  0.045 0.001 0.012 0.002 0.342 0.039]
 [0.066 0.211 0.006 0.033 0.118 0.005 0.    0.001 0.302 0.258]
 [0.122 0.    0.224 0.143 0.266 0.016 0.132 0.001 0.087 0.009]
 [0.051 0.005 0.063 0.433 0.256 0.049 0.053 0.013 0.055 0.022]
 [0.052 0.    0.079 0.088 0.521 0.016 0.145 0.017 0.071 0.011]
 [0.036 0.002 0.081 0.321 0.249 0.186 0.035 0.014 0.064 0.012]
 [0.013 0.003 0.035 0.168 0.329 0.007 0.405 0.    0.037 0.003]
 [0.029 0.    0.057 0.084 0.471 0.059 0.014 0.168 0.057 0.061]
 [0.109 0.015 0.004 0.017 0.027 0.004 0.004 0.    0.785 0.035]
 [0.04  0.022 0.016 0.036 0.099 0.003 0.002 0.    0.263 0.519]]
[2025-06-11 13:42:55,911 INFO] 1800 iteration, USE_EMA: True, {'train/sup_loss': tensor(0.2608, device='cuda:0'), 'train/unsup_loss': tensor(0.0093, device='cuda:0'), 'train/total_loss': tensor(0.4691, device='cuda:0'), 'lr': 0.029770511948424474, 'train/prefecth_time': 0.08700313568115234, 'train/run_time': 0.11619999694824219, 'eval/loss': tensor(1.6977, device='cuda:0'), 'eval/top-1-acc': 0.3932, 'eval/top-5-acc': np.float64(0.8823)}, BEST_EVAL_ACC: 0.3932, at 1800 iters
[2025-06-11 13:43:20,913 INFO] confusion matrix:
[[0.476 0.012 0.031 0.044 0.043 0.002 0.012 0.003 0.333 0.044]
 [0.063 0.295 0.006 0.035 0.097 0.006 0.    0.002 0.256 0.24 ]
 [0.11  0.    0.246 0.147 0.242 0.022 0.135 0.002 0.087 0.009]
 [0.044 0.006 0.065 0.438 0.225 0.067 0.061 0.019 0.051 0.024]
 [0.047 0.001 0.079 0.087 0.517 0.021 0.15  0.022 0.064 0.012]
 [0.032 0.004 0.079 0.327 0.22  0.212 0.038 0.016 0.059 0.013]
 [0.013 0.007 0.032 0.167 0.288 0.011 0.448 0.002 0.03  0.002]
 [0.026 0.002 0.054 0.084 0.434 0.069 0.015 0.204 0.051 0.061]
 [0.1   0.021 0.004 0.019 0.021 0.005 0.006 0.    0.785 0.039]
 [0.035 0.033 0.017 0.036 0.094 0.003 0.003 0.    0.232 0.547]]
[2025-06-11 13:43:20,921 INFO] 1900 iteration, USE_EMA: True, {'train/sup_loss': tensor(1.0677, device='cuda:0'), 'train/unsup_loss': tensor(0.0100, device='cuda:0'), 'train/total_loss': tensor(1.3060, device='cuda:0'), 'lr': 0.02974435718317509, 'train/prefecth_time': 0.0919065933227539, 'train/run_time': 0.11681788635253906, 'eval/loss': tensor(1.6440, device='cuda:0'), 'eval/top-1-acc': 0.4168, 'eval/top-5-acc': np.float64(0.8909)}, BEST_EVAL_ACC: 0.4168, at 1900 iters
[2025-06-11 13:43:45,945 INFO] confusion matrix:
[[0.479 0.016 0.031 0.043 0.041 0.003 0.012 0.003 0.324 0.048]
 [0.053 0.368 0.008 0.032 0.087 0.008 0.003 0.002 0.215 0.224]
 [0.11  0.    0.258 0.148 0.224 0.028 0.139 0.003 0.08  0.01 ]
 [0.038 0.01  0.062 0.443 0.201 0.083 0.067 0.024 0.048 0.024]
 [0.047 0.003 0.072 0.083 0.506 0.024 0.163 0.025 0.065 0.012]
 [0.026 0.004 0.079 0.32  0.197 0.247 0.038 0.02  0.057 0.012]
 [0.01  0.01  0.031 0.162 0.25  0.012 0.494 0.002 0.027 0.002]
 [0.027 0.002 0.05  0.078 0.404 0.08  0.017 0.226 0.047 0.069]
 [0.102 0.026 0.004 0.017 0.018 0.005 0.007 0.001 0.773 0.047]
 [0.034 0.041 0.016 0.036 0.073 0.004 0.003 0.001 0.188 0.604]]
[2025-06-11 13:43:45,950 INFO] 2000 iteration, USE_EMA: True, {'train/sup_loss': tensor(1.5761, device='cuda:0'), 'train/unsup_loss': tensor(0.0172, device='cuda:0'), 'train/total_loss': tensor(2.0069, device='cuda:0'), 'lr': 0.029716797668875233, 'train/prefecth_time': 0.09013632202148437, 'train/run_time': 0.11705958557128907, 'eval/loss': tensor(1.5955, device='cuda:0'), 'eval/top-1-acc': 0.4398, 'eval/top-5-acc': np.float64(0.8979)}, BEST_EVAL_ACC: 0.4398, at 2000 iters
[2025-06-11 13:44:10,939 INFO] confusion matrix:
[[0.488 0.017 0.034 0.043 0.038 0.004 0.014 0.003 0.31  0.049]
 [0.046 0.449 0.006 0.03  0.067 0.009 0.004 0.002 0.17  0.217]
 [0.107 0.004 0.272 0.14  0.204 0.039 0.147 0.004 0.073 0.01 ]
 [0.035 0.011 0.066 0.438 0.179 0.101 0.077 0.026 0.041 0.026]
 [0.046 0.004 0.075 0.083 0.498 0.026 0.169 0.028 0.061 0.01 ]
 [0.024 0.004 0.081 0.313 0.175 0.278 0.041 0.021 0.05  0.013]
 [0.01  0.011 0.03  0.16  0.214 0.013 0.533 0.002 0.024 0.003]
 [0.025 0.004 0.046 0.077 0.359 0.09  0.02  0.268 0.042 0.069]
 [0.109 0.03  0.005 0.018 0.017 0.006 0.007 0.001 0.757 0.05 ]
 [0.035 0.054 0.014 0.034 0.06  0.004 0.005 0.001 0.159 0.634]]
[2025-06-11 13:44:10,944 INFO] 2100 iteration, USE_EMA: True, {'train/sup_loss': tensor(0.3558, device='cuda:0'), 'train/unsup_loss': tensor(0.0081, device='cuda:0'), 'train/total_loss': tensor(0.5683, device='cuda:0'), 'lr': 0.02968783470708948, 'train/prefecth_time': 0.08711369323730468, 'train/run_time': 0.1163661117553711, 'eval/loss': tensor(1.5476, device='cuda:0'), 'eval/top-1-acc': 0.4615, 'eval/top-5-acc': np.float64(0.9056)}, BEST_EVAL_ACC: 0.4615, at 2100 iters
[2025-06-11 13:44:35,954 INFO] confusion matrix:
[[0.512 0.022 0.038 0.04  0.036 0.004 0.014 0.003 0.285 0.046]
 [0.045 0.518 0.008 0.027 0.053 0.011 0.005 0.002 0.137 0.194]
 [0.106 0.007 0.274 0.143 0.191 0.044 0.15  0.004 0.067 0.014]
 [0.033 0.014 0.068 0.431 0.165 0.115 0.084 0.027 0.037 0.026]
 [0.047 0.005 0.075 0.085 0.485 0.03  0.173 0.032 0.059 0.009]
 [0.021 0.005 0.088 0.3   0.152 0.309 0.045 0.023 0.044 0.013]
 [0.01  0.013 0.033 0.16  0.186 0.014 0.56  0.002 0.018 0.004]
 [0.024 0.006 0.047 0.077 0.334 0.095 0.021 0.293 0.04  0.063]
 [0.114 0.036 0.007 0.02  0.017 0.007 0.008 0.001 0.74  0.05 ]
 [0.038 0.07  0.014 0.029 0.054 0.005 0.005 0.001 0.132 0.652]]
[2025-06-11 13:44:35,959 INFO] 2200 iteration, USE_EMA: True, {'train/sup_loss': tensor(0.8473, device='cuda:0'), 'train/unsup_loss': tensor(0.0077, device='cuda:0'), 'train/total_loss': tensor(1.0586, device='cuda:0'), 'lr': 0.029657469665663596, 'train/prefecth_time': 0.08865586853027344, 'train/run_time': 0.11548876953125, 'eval/loss': tensor(1.5115, device='cuda:0'), 'eval/top-1-acc': 0.4774, 'eval/top-5-acc': np.float64(0.9094)}, BEST_EVAL_ACC: 0.4774, at 2200 iters
[2025-06-11 13:45:01,289 INFO] confusion matrix:
[[0.515 0.027 0.039 0.04  0.033 0.004 0.015 0.003 0.279 0.045]
 [0.04  0.56  0.008 0.022 0.043 0.011 0.005 0.001 0.121 0.189]
 [0.099 0.007 0.284 0.145 0.176 0.049 0.158 0.004 0.062 0.016]
 [0.028 0.014 0.069 0.426 0.147 0.131 0.091 0.031 0.038 0.025]
 [0.043 0.006 0.075 0.087 0.482 0.036 0.177 0.033 0.052 0.009]
 [0.02  0.006 0.091 0.294 0.137 0.321 0.054 0.027 0.04  0.01 ]
 [0.011 0.015 0.035 0.157 0.16  0.013 0.589 0.002 0.015 0.003]
 [0.021 0.007 0.047 0.073 0.315 0.095 0.023 0.321 0.036 0.062]
 [0.121 0.037 0.007 0.019 0.016 0.008 0.008 0.001 0.731 0.052]
 [0.038 0.084 0.013 0.028 0.051 0.003 0.004 0.001 0.117 0.661]]
[2025-06-11 13:45:01,294 INFO] 2300 iteration, USE_EMA: True, {'train/sup_loss': tensor(0.0964, device='cuda:0'), 'train/unsup_loss': tensor(0.0094, device='cuda:0'), 'train/total_loss': tensor(0.3663, device='cuda:0'), 'lr': 0.029625703978659948, 'train/prefecth_time': 0.08573996734619141, 'train/run_time': 0.1159261474609375, 'eval/loss': tensor(1.4799, device='cuda:0'), 'eval/top-1-acc': 0.489, 'eval/top-5-acc': np.float64(0.9146)}, BEST_EVAL_ACC: 0.489, at 2300 iters
[2025-06-11 13:45:26,831 INFO] confusion matrix:
[[0.514 0.031 0.039 0.042 0.031 0.005 0.015 0.006 0.272 0.045]
 [0.04  0.595 0.008 0.02  0.037 0.014 0.005 0.002 0.1   0.179]
 [0.104 0.008 0.301 0.139 0.153 0.054 0.166 0.006 0.053 0.016]
 [0.026 0.015 0.071 0.427 0.127 0.143 0.103 0.03  0.033 0.025]
 [0.043 0.006 0.074 0.088 0.461 0.043 0.186 0.041 0.05  0.008]
 [0.021 0.008 0.093 0.292 0.122 0.336 0.055 0.029 0.034 0.01 ]
 [0.009 0.018 0.039 0.149 0.128 0.017 0.62  0.002 0.015 0.003]
 [0.022 0.006 0.048 0.07  0.282 0.105 0.023 0.348 0.033 0.063]
 [0.125 0.042 0.008 0.018 0.014 0.009 0.008 0.001 0.717 0.058]
 [0.037 0.095 0.013 0.027 0.044 0.005 0.005 0.001 0.105 0.668]]
[2025-06-11 13:45:26,837 INFO] 2400 iteration, USE_EMA: True, {'train/sup_loss': tensor(1.1404, device='cuda:0'), 'train/unsup_loss': tensor(0.0095, device='cuda:0'), 'train/total_loss': tensor(1.4269, device='cuda:0'), 'lr': 0.02959253914628976, 'train/prefecth_time': 0.09284156799316406, 'train/run_time': 0.11657635498046875, 'eval/loss': tensor(1.4559, device='cuda:0'), 'eval/top-1-acc': 0.4987, 'eval/top-5-acc': np.float64(0.916)}, BEST_EVAL_ACC: 0.4987, at 2400 iters
[2025-06-11 13:45:52,725 INFO] confusion matrix:
[[0.514 0.034 0.038 0.042 0.03  0.006 0.014 0.007 0.271 0.044]
 [0.038 0.626 0.007 0.018 0.026 0.016 0.005 0.002 0.095 0.167]
 [0.101 0.009 0.309 0.135 0.144 0.057 0.168 0.008 0.052 0.017]
 [0.026 0.015 0.071 0.419 0.121 0.153 0.108 0.031 0.032 0.024]
 [0.044 0.007 0.077 0.081 0.451 0.048 0.192 0.045 0.048 0.007]
 [0.021 0.009 0.088 0.295 0.105 0.345 0.059 0.036 0.031 0.011]
 [0.01  0.016 0.04  0.146 0.11  0.018 0.642 0.002 0.014 0.002]
 [0.02  0.008 0.048 0.068 0.255 0.111 0.027 0.371 0.03  0.062]
 [0.132 0.048 0.009 0.018 0.012 0.009 0.008 0.001 0.704 0.059]
 [0.035 0.097 0.014 0.024 0.043 0.006 0.006 0.002 0.089 0.684]]
[2025-06-11 13:45:52,730 INFO] 2500 iteration, USE_EMA: True, {'train/sup_loss': tensor(1.3649, device='cuda:0'), 'train/unsup_loss': tensor(0.0181, device='cuda:0'), 'train/total_loss': tensor(1.9297, device='cuda:0'), 'lr': 0.029557976734842277, 'train/prefecth_time': 0.09536418914794922, 'train/run_time': 0.12073526763916016, 'eval/loss': tensor(1.4342, device='cuda:0'), 'eval/top-1-acc': 0.5065, 'eval/top-5-acc': np.float64(0.9184)}, BEST_EVAL_ACC: 0.5065, at 2500 iters
[2025-06-11 13:46:18,504 INFO] confusion matrix:
[[0.54  0.035 0.036 0.041 0.028 0.008 0.014 0.006 0.246 0.046]
 [0.041 0.663 0.006 0.018 0.022 0.016 0.005 0.002 0.079 0.148]
 [0.106 0.01  0.316 0.131 0.14  0.064 0.163 0.007 0.046 0.017]
 [0.027 0.017 0.068 0.421 0.104 0.161 0.116 0.033 0.028 0.025]
 [0.044 0.009 0.081 0.084 0.439 0.052 0.186 0.051 0.047 0.007]
 [0.023 0.01  0.087 0.291 0.092 0.362 0.059 0.036 0.029 0.011]
 [0.01  0.017 0.041 0.145 0.089 0.02  0.659 0.003 0.014 0.002]
 [0.022 0.008 0.041 0.064 0.234 0.121 0.027 0.391 0.027 0.065]
 [0.152 0.058 0.007 0.017 0.012 0.01  0.009 0.001 0.675 0.059]
 [0.031 0.104 0.012 0.024 0.039 0.004 0.007 0.002 0.087 0.69 ]]
[2025-06-11 13:46:18,509 INFO] 2600 iteration, USE_EMA: True, {'train/sup_loss': tensor(0.1583, device='cuda:0'), 'train/unsup_loss': tensor(0.0082, device='cuda:0'), 'train/total_loss': tensor(0.4235, device='cuda:0'), 'lr': 0.029522018376610795, 'train/prefecth_time': 0.09292047882080078, 'train/run_time': 0.1167459487915039, 'eval/loss': tensor(1.4124, device='cuda:0'), 'eval/top-1-acc': 0.5156, 'eval/top-5-acc': np.float64(0.9207)}, BEST_EVAL_ACC: 0.5156, at 2600 iters
[2025-06-11 13:46:44,465 INFO] confusion matrix:
[[0.551 0.039 0.037 0.04  0.027 0.01  0.014 0.006 0.229 0.047]
 [0.041 0.68  0.006 0.018 0.019 0.017 0.005 0.003 0.074 0.137]
 [0.106 0.01  0.329 0.12  0.132 0.076 0.157 0.007 0.046 0.017]
 [0.024 0.017 0.067 0.413 0.088 0.187 0.121 0.033 0.024 0.026]
 [0.042 0.011 0.079 0.085 0.438 0.059 0.182 0.053 0.044 0.007]
 [0.021 0.011 0.084 0.286 0.083 0.389 0.055 0.035 0.026 0.01 ]
 [0.01  0.017 0.042 0.136 0.079 0.026 0.67  0.003 0.014 0.003]
 [0.019 0.008 0.039 0.065 0.219 0.124 0.025 0.412 0.024 0.065]
 [0.16  0.065 0.007 0.013 0.01  0.012 0.011 0.001 0.662 0.059]
 [0.031 0.106 0.014 0.02  0.032 0.004 0.007 0.002 0.08  0.704]]
[2025-06-11 13:46:44,470 INFO] 2700 iteration, USE_EMA: True, {'train/sup_loss': tensor(1.4862, device='cuda:0'), 'train/unsup_loss': tensor(0.0231, device='cuda:0'), 'train/total_loss': tensor(2.2664, device='cuda:0'), 'lr': 0.029484665769815555, 'train/prefecth_time': 0.15108895874023437, 'train/run_time': 0.11984099578857423, 'eval/loss': tensor(1.3923, device='cuda:0'), 'eval/top-1-acc': 0.5248, 'eval/top-5-acc': np.float64(0.9228)}, BEST_EVAL_ACC: 0.5248, at 2700 iters
[2025-06-11 13:47:10,107 INFO] confusion matrix:
[[0.558 0.042 0.038 0.04  0.023 0.011 0.013 0.007 0.222 0.046]
 [0.035 0.714 0.005 0.015 0.016 0.018 0.006 0.002 0.063 0.126]
 [0.108 0.013 0.336 0.114 0.122 0.084 0.157 0.007 0.042 0.017]
 [0.023 0.02  0.068 0.405 0.085 0.197 0.124 0.031 0.02  0.027]
 [0.041 0.011 0.082 0.084 0.438 0.064 0.178 0.053 0.042 0.007]
 [0.022 0.012 0.085 0.278 0.079 0.4   0.055 0.034 0.024 0.011]
 [0.01  0.016 0.045 0.134 0.07  0.03  0.675 0.003 0.015 0.002]
 [0.017 0.009 0.033 0.065 0.203 0.13  0.025 0.436 0.023 0.059]
 [0.161 0.068 0.006 0.014 0.01  0.014 0.011 0.001 0.66  0.055]
 [0.032 0.111 0.012 0.021 0.027 0.006 0.007 0.002 0.073 0.709]]
[2025-06-11 13:47:10,113 INFO] 2800 iteration, USE_EMA: True, {'train/sup_loss': tensor(1.4977, device='cuda:0'), 'train/unsup_loss': tensor(0.0178, device='cuda:0'), 'train/total_loss': tensor(2.1202, device='cuda:0'), 'lr': 0.02944592067852356, 'train/prefecth_time': 0.1227991714477539, 'train/run_time': 0.11794153594970704, 'eval/loss': tensor(1.3765, device='cuda:0'), 'eval/top-1-acc': 0.5331, 'eval/top-5-acc': np.float64(0.9249)}, BEST_EVAL_ACC: 0.5331, at 2800 iters
[2025-06-11 13:47:35,655 INFO] confusion matrix:
[[0.561 0.047 0.036 0.04  0.019 0.012 0.011 0.007 0.22  0.047]
 [0.033 0.732 0.005 0.012 0.011 0.019 0.008 0.002 0.059 0.119]
 [0.108 0.015 0.346 0.114 0.112 0.089 0.151 0.007 0.042 0.016]
 [0.023 0.021 0.065 0.406 0.073 0.209 0.123 0.033 0.019 0.028]
 [0.043 0.011 0.082 0.084 0.431 0.065 0.182 0.057 0.04  0.005]
 [0.021 0.012 0.083 0.279 0.071 0.415 0.052 0.034 0.023 0.01 ]
 [0.01  0.016 0.042 0.13  0.056 0.031 0.694 0.003 0.016 0.002]
 [0.015 0.01  0.032 0.065 0.189 0.125 0.027 0.459 0.024 0.054]
 [0.155 0.07  0.006 0.014 0.01  0.014 0.011 0.001 0.668 0.051]
 [0.03  0.113 0.013 0.022 0.025 0.006 0.006 0.002 0.069 0.714]]
[2025-06-11 13:47:35,661 INFO] 2900 iteration, USE_EMA: True, {'train/sup_loss': tensor(1.3881, device='cuda:0'), 'train/unsup_loss': tensor(0.0174, device='cuda:0'), 'train/total_loss': tensor(2.0202, device='cuda:0'), 'lr': 0.02940578493256525, 'train/prefecth_time': 0.15815977478027343, 'train/run_time': 0.11853187561035156, 'eval/loss': tensor(1.3654, device='cuda:0'), 'eval/top-1-acc': 0.5426, 'eval/top-5-acc': np.float64(0.9254)}, BEST_EVAL_ACC: 0.5426, at 2900 iters
[2025-06-11 13:48:01,054 INFO] confusion matrix:
[[0.561 0.047 0.035 0.039 0.018 0.017 0.011 0.007 0.214 0.051]
 [0.031 0.749 0.004 0.013 0.01  0.02  0.007 0.002 0.05  0.114]
 [0.11  0.013 0.346 0.115 0.101 0.096 0.156 0.008 0.039 0.016]
 [0.023 0.022 0.061 0.415 0.062 0.214 0.129 0.03  0.018 0.026]
 [0.043 0.011 0.076 0.087 0.421 0.069 0.189 0.06  0.038 0.006]
 [0.02  0.012 0.081 0.285 0.064 0.424 0.05  0.032 0.022 0.01 ]
 [0.01  0.016 0.043 0.128 0.048 0.037 0.704 0.002 0.011 0.001]
 [0.016 0.012 0.03  0.069 0.177 0.134 0.025 0.464 0.021 0.052]
 [0.165 0.067 0.006 0.015 0.008 0.014 0.01  0.001 0.663 0.051]
 [0.028 0.115 0.014 0.022 0.019 0.007 0.007 0.003 0.065 0.72 ]]
[2025-06-11 13:48:01,059 INFO] 3000 iteration, USE_EMA: True, {'train/sup_loss': tensor(0.2849, device='cuda:0'), 'train/unsup_loss': tensor(0.0073, device='cuda:0'), 'train/total_loss': tensor(0.5590, device='cuda:0'), 'lr': 0.029364260427448087, 'train/prefecth_time': 0.13313023376464844, 'train/run_time': 0.12025091552734375, 'eval/loss': tensor(1.3567, device='cuda:0'), 'eval/top-1-acc': 0.5467, 'eval/top-5-acc': np.float64(0.9263)}, BEST_EVAL_ACC: 0.5467, at 3000 iters
[2025-06-11 13:48:26,419 INFO] confusion matrix:
[[0.573 0.051 0.035 0.037 0.017 0.021 0.012 0.008 0.196 0.05 ]
 [0.03  0.765 0.003 0.012 0.009 0.021 0.007 0.002 0.046 0.105]
 [0.108 0.013 0.351 0.112 0.098 0.103 0.15  0.01  0.038 0.017]
 [0.024 0.021 0.06  0.417 0.057 0.221 0.129 0.029 0.016 0.026]
 [0.048 0.011 0.077 0.091 0.419 0.071 0.184 0.06  0.035 0.004]
 [0.021 0.012 0.078 0.288 0.058 0.436 0.046 0.032 0.02  0.009]
 [0.01  0.019 0.042 0.128 0.042 0.041 0.705 0.001 0.011 0.001]
 [0.019 0.013 0.031 0.071 0.161 0.143 0.023 0.472 0.017 0.05 ]
 [0.175 0.067 0.007 0.016 0.008 0.015 0.01  0.001 0.65  0.051]
 [0.028 0.115 0.015 0.02  0.016 0.007 0.007 0.002 0.056 0.734]]
[2025-06-11 13:48:26,424 INFO] 3100 iteration, USE_EMA: True, {'train/sup_loss': tensor(0.2472, device='cuda:0'), 'train/unsup_loss': tensor(0.0067, device='cuda:0'), 'train/total_loss': tensor(0.5068, device='cuda:0'), 'lr': 0.029321349124267034, 'train/prefecth_time': 0.09252454376220703, 'train/run_time': 0.11658716583251953, 'eval/loss': tensor(1.3507, device='cuda:0'), 'eval/top-1-acc': 0.5522, 'eval/top-5-acc': np.float64(0.9271)}, BEST_EVAL_ACC: 0.5522, at 3100 iters
[2025-06-11 13:48:51,571 INFO] confusion matrix:
[[0.582 0.054 0.036 0.037 0.016 0.023 0.012 0.008 0.183 0.049]
 [0.031 0.775 0.004 0.012 0.01  0.02  0.007 0.002 0.042 0.097]
 [0.112 0.012 0.361 0.105 0.092 0.108 0.153 0.009 0.033 0.015]
 [0.022 0.022 0.06  0.413 0.058 0.226 0.132 0.028 0.014 0.025]
 [0.048 0.011 0.075 0.09  0.42  0.075 0.182 0.062 0.034 0.003]
 [0.021 0.011 0.079 0.283 0.052 0.451 0.046 0.029 0.02  0.008]
 [0.011 0.018 0.042 0.125 0.042 0.04  0.708 0.001 0.012 0.001]
 [0.019 0.011 0.031 0.069 0.151 0.142 0.022 0.492 0.015 0.048]
 [0.187 0.067 0.007 0.014 0.006 0.017 0.01  0.001 0.641 0.05 ]
 [0.029 0.12  0.016 0.016 0.013 0.008 0.007 0.003 0.052 0.736]]
[2025-06-11 13:48:51,579 INFO] 3200 iteration, USE_EMA: True, {'train/sup_loss': tensor(0.5600, device='cuda:0'), 'train/unsup_loss': tensor(0.0053, device='cuda:0'), 'train/total_loss': tensor(0.7729, device='cuda:0'), 'lr': 0.029277053049611944, 'train/prefecth_time': 0.09349890899658203, 'train/run_time': 0.11638969421386719, 'eval/loss': tensor(1.3411, device='cuda:0'), 'eval/top-1-acc': 0.5579, 'eval/top-5-acc': np.float64(0.929)}, BEST_EVAL_ACC: 0.5579, at 3200 iters
[2025-06-11 13:49:16,678 INFO] confusion matrix:
[[0.586 0.054 0.038 0.037 0.013 0.022 0.012 0.011 0.178 0.049]
 [0.033 0.782 0.003 0.01  0.01  0.02  0.007 0.003 0.04  0.092]
 [0.114 0.012 0.365 0.099 0.089 0.11  0.155 0.009 0.032 0.015]
 [0.022 0.023 0.063 0.4   0.056 0.236 0.136 0.028 0.013 0.023]
 [0.048 0.011 0.075 0.087 0.419 0.074 0.176 0.072 0.035 0.003]
 [0.021 0.011 0.083 0.274 0.048 0.457 0.043 0.033 0.021 0.009]
 [0.01  0.018 0.044 0.12  0.04  0.045 0.709 0.002 0.011 0.001]
 [0.02  0.01  0.033 0.067 0.138 0.142 0.02  0.517 0.013 0.04 ]
 [0.192 0.068 0.007 0.014 0.006 0.016 0.01  0.002 0.639 0.046]
 [0.031 0.122 0.017 0.015 0.012 0.007 0.007 0.004 0.044 0.741]]
[2025-06-11 13:49:16,685 INFO] 3300 iteration, USE_EMA: True, {'train/sup_loss': tensor(0.1400, device='cuda:0'), 'train/unsup_loss': tensor(0.0075, device='cuda:0'), 'train/total_loss': tensor(0.4493, device='cuda:0'), 'lr': 0.02923137429547185, 'train/prefecth_time': 0.09051622772216797, 'train/run_time': 0.11590505981445312, 'eval/loss': tensor(1.3328, device='cuda:0'), 'eval/top-1-acc': 0.5615, 'eval/top-5-acc': np.float64(0.9307)}, BEST_EVAL_ACC: 0.5615, at 3300 iters
[2025-06-11 13:49:41,868 INFO] confusion matrix:
[[0.603 0.054 0.036 0.039 0.011 0.023 0.012 0.012 0.16  0.05 ]
 [0.034 0.791 0.004 0.01  0.01  0.02  0.007 0.003 0.034 0.087]
 [0.118 0.013 0.377 0.092 0.086 0.109 0.152 0.009 0.03  0.014]
 [0.023 0.023 0.065 0.393 0.051 0.247 0.134 0.028 0.012 0.024]
 [0.049 0.01  0.072 0.081 0.415 0.077 0.187 0.074 0.032 0.003]
 [0.02  0.012 0.088 0.261 0.047 0.47  0.04  0.031 0.02  0.011]
 [0.011 0.018 0.045 0.119 0.037 0.047 0.709 0.002 0.01  0.002]
 [0.021 0.009 0.035 0.062 0.131 0.14  0.018 0.533 0.011 0.04 ]
 [0.207 0.069 0.007 0.013 0.005 0.016 0.011 0.002 0.624 0.046]
 [0.033 0.126 0.018 0.015 0.011 0.007 0.007 0.004 0.034 0.745]]
[2025-06-11 13:49:41,875 INFO] 3400 iteration, USE_EMA: True, {'train/sup_loss': tensor(0.1760, device='cuda:0'), 'train/unsup_loss': tensor(0.0071, device='cuda:0'), 'train/total_loss': tensor(0.4782, device='cuda:0'), 'lr': 0.029184315019136143, 'train/prefecth_time': 0.08656486511230468, 'train/run_time': 0.11560140991210938, 'eval/loss': tensor(1.3214, device='cuda:0'), 'eval/top-1-acc': 0.566, 'eval/top-5-acc': np.float64(0.9337)}, BEST_EVAL_ACC: 0.566, at 3400 iters
[2025-06-11 13:50:06,978 INFO] confusion matrix:
[[0.612 0.057 0.036 0.038 0.011 0.024 0.011 0.012 0.152 0.047]
 [0.034 0.803 0.004 0.009 0.01  0.02  0.006 0.003 0.029 0.082]
 [0.116 0.012 0.393 0.086 0.079 0.112 0.151 0.009 0.029 0.013]
 [0.026 0.023 0.066 0.393 0.051 0.245 0.131 0.032 0.012 0.021]
 [0.053 0.01  0.076 0.076 0.418 0.077 0.182 0.074 0.031 0.003]
 [0.02  0.012 0.091 0.255 0.044 0.476 0.044 0.03  0.018 0.01 ]
 [0.011 0.018 0.047 0.12  0.033 0.049 0.709 0.003 0.008 0.002]
 [0.021 0.009 0.035 0.057 0.125 0.142 0.017 0.547 0.008 0.039]
 [0.21  0.071 0.008 0.012 0.005 0.017 0.01  0.002 0.62  0.045]
 [0.032 0.127 0.018 0.015 0.009 0.007 0.006 0.004 0.031 0.751]]
[2025-06-11 13:50:06,984 INFO] 3500 iteration, USE_EMA: True, {'train/sup_loss': tensor(1.4189, device='cuda:0'), 'train/unsup_loss': tensor(0.0169, device='cuda:0'), 'train/total_loss': tensor(2.1583, device='cuda:0'), 'lr': 0.029135877443092723, 'train/prefecth_time': 0.09491046142578125, 'train/run_time': 0.11637779235839844, 'eval/loss': tensor(1.3115, device='cuda:0'), 'eval/top-1-acc': 0.5722, 'eval/top-5-acc': np.float64(0.9345)}, BEST_EVAL_ACC: 0.5722, at 3500 iters
[2025-06-11 13:50:32,178 INFO] confusion matrix:
[[0.622 0.058 0.035 0.038 0.008 0.024 0.011 0.012 0.143 0.049]
 [0.03  0.819 0.004 0.009 0.007 0.021 0.005 0.004 0.026 0.075]
 [0.118 0.013 0.404 0.081 0.077 0.112 0.147 0.01  0.025 0.013]
 [0.026 0.021 0.067 0.389 0.05  0.254 0.13  0.03  0.013 0.02 ]
 [0.053 0.011 0.085 0.073 0.424 0.077 0.167 0.077 0.03  0.003]
 [0.02  0.012 0.094 0.253 0.041 0.482 0.042 0.03  0.017 0.009]
 [0.012 0.018 0.048 0.122 0.03  0.049 0.71  0.003 0.006 0.002]
 [0.023 0.007 0.036 0.054 0.12  0.144 0.018 0.555 0.008 0.035]
 [0.219 0.07  0.008 0.012 0.005 0.019 0.011 0.002 0.611 0.043]
 [0.038 0.129 0.018 0.014 0.007 0.007 0.006 0.004 0.026 0.751]]
[2025-06-11 13:50:32,184 INFO] 3600 iteration, USE_EMA: True, {'train/sup_loss': tensor(1.5967, device='cuda:0'), 'train/unsup_loss': tensor(0.0230, device='cuda:0'), 'train/total_loss': tensor(2.6332, device='cuda:0'), 'lr': 0.029086063854923013, 'train/prefecth_time': 0.08880908966064453, 'train/run_time': 0.11601484680175782, 'eval/loss': tensor(1.3048, device='cuda:0'), 'eval/top-1-acc': 0.5767, 'eval/top-5-acc': np.float64(0.9358)}, BEST_EVAL_ACC: 0.5767, at 3600 iters
[2025-06-11 13:50:57,448 INFO] confusion matrix:
[[0.632 0.057 0.034 0.035 0.006 0.025 0.011 0.012 0.14  0.048]
 [0.029 0.821 0.005 0.009 0.007 0.021 0.005 0.004 0.023 0.076]
 [0.12  0.01  0.41  0.079 0.072 0.114 0.148 0.01  0.024 0.013]
 [0.027 0.018 0.069 0.391 0.046 0.251 0.133 0.031 0.012 0.022]
 [0.052 0.011 0.085 0.068 0.421 0.077 0.17  0.084 0.029 0.003]
 [0.021 0.01  0.096 0.252 0.041 0.483 0.041 0.031 0.016 0.009]
 [0.012 0.017 0.049 0.119 0.025 0.051 0.716 0.003 0.006 0.002]
 [0.027 0.009 0.034 0.052 0.12  0.142 0.018 0.558 0.008 0.032]
 [0.226 0.068 0.009 0.012 0.004 0.018 0.011 0.002 0.606 0.044]
 [0.037 0.126 0.018 0.015 0.007 0.007 0.006 0.005 0.024 0.755]]
[2025-06-11 13:50:57,453 INFO] 3700 iteration, USE_EMA: True, {'train/sup_loss': tensor(0.5782, device='cuda:0'), 'train/unsup_loss': tensor(0.0057, device='cuda:0'), 'train/total_loss': tensor(0.8425, device='cuda:0'), 'lr': 0.029034876607193928, 'train/prefecth_time': 0.088725341796875, 'train/run_time': 0.1165103988647461, 'eval/loss': tensor(1.2990, device='cuda:0'), 'eval/top-1-acc': 0.5793, 'eval/top-5-acc': np.float64(0.937)}, BEST_EVAL_ACC: 0.5793, at 3700 iters
[2025-06-11 13:51:22,630 INFO] confusion matrix:
[[0.65  0.061 0.031 0.033 0.007 0.028 0.009 0.011 0.125 0.045]
 [0.031 0.829 0.004 0.01  0.007 0.021 0.005 0.004 0.019 0.07 ]
 [0.125 0.012 0.403 0.079 0.073 0.119 0.145 0.011 0.021 0.012]
 [0.03  0.018 0.066 0.392 0.045 0.259 0.128 0.03  0.01  0.022]
 [0.056 0.009 0.086 0.067 0.417 0.082 0.173 0.083 0.024 0.003]
 [0.02  0.01  0.094 0.247 0.042 0.492 0.039 0.031 0.015 0.01 ]
 [0.011 0.017 0.049 0.12  0.026 0.053 0.715 0.004 0.004 0.001]
 [0.03  0.007 0.033 0.052 0.119 0.145 0.014 0.564 0.006 0.03 ]
 [0.246 0.068 0.009 0.011 0.005 0.017 0.012 0.002 0.586 0.044]
 [0.041 0.128 0.017 0.013 0.007 0.007 0.006 0.005 0.017 0.759]]
[2025-06-11 13:51:22,635 INFO] 3800 iteration, USE_EMA: True, {'train/sup_loss': tensor(0.1751, device='cuda:0'), 'train/unsup_loss': tensor(0.0054, device='cuda:0'), 'train/total_loss': tensor(0.4336, device='cuda:0'), 'lr': 0.028982318117346775, 'train/prefecth_time': 0.09079510498046875, 'train/run_time': 0.11608262634277344, 'eval/loss': tensor(1.2965, device='cuda:0'), 'eval/top-1-acc': 0.5807, 'eval/top-5-acc': np.float64(0.9379)}, BEST_EVAL_ACC: 0.5807, at 3800 iters
[2025-06-11 13:51:47,618 INFO] confusion matrix:
[[0.667 0.056 0.031 0.032 0.007 0.028 0.008 0.011 0.115 0.045]
 [0.031 0.836 0.004 0.008 0.007 0.021 0.005 0.004 0.017 0.067]
 [0.129 0.012 0.399 0.075 0.07  0.128 0.148 0.011 0.017 0.011]
 [0.028 0.018 0.066 0.392 0.04  0.265 0.128 0.031 0.01  0.022]
 [0.057 0.008 0.087 0.068 0.408 0.086 0.176 0.084 0.023 0.003]
 [0.02  0.01  0.09  0.242 0.038 0.502 0.041 0.033 0.014 0.01 ]
 [0.011 0.017 0.051 0.115 0.021 0.055 0.722 0.004 0.004 0.   ]
 [0.03  0.007 0.034 0.055 0.111 0.148 0.015 0.567 0.005 0.028]
 [0.252 0.067 0.01  0.012 0.004 0.018 0.011 0.002 0.581 0.043]
 [0.043 0.126 0.016 0.014 0.007 0.007 0.006 0.006 0.016 0.759]]
[2025-06-11 13:51:47,623 INFO] 3900 iteration, USE_EMA: True, {'train/sup_loss': tensor(0.1817, device='cuda:0'), 'train/unsup_loss': tensor(0.0072, device='cuda:0'), 'train/total_loss': tensor(0.5304, device='cuda:0'), 'lr': 0.028928390867583073, 'train/prefecth_time': 0.09048473358154296, 'train/run_time': 0.1166974105834961, 'eval/loss': tensor(1.2942, device='cuda:0'), 'eval/top-1-acc': 0.5833, 'eval/top-5-acc': np.float64(0.9383)}, BEST_EVAL_ACC: 0.5833, at 3900 iters
[2025-06-11 13:52:12,904 INFO] confusion matrix:
[[0.682 0.057 0.032 0.033 0.007 0.029 0.008 0.011 0.098 0.043]
 [0.032 0.837 0.004 0.008 0.007 0.022 0.005 0.004 0.013 0.068]
 [0.129 0.01  0.402 0.077 0.067 0.133 0.144 0.011 0.016 0.011]
 [0.031 0.015 0.063 0.394 0.034 0.272 0.127 0.029 0.012 0.023]
 [0.06  0.008 0.087 0.069 0.401 0.087 0.177 0.086 0.022 0.003]
 [0.018 0.01  0.085 0.245 0.033 0.514 0.039 0.035 0.012 0.009]
 [0.011 0.018 0.051 0.114 0.019 0.059 0.721 0.003 0.004 0.   ]
 [0.03  0.007 0.033 0.05  0.103 0.154 0.016 0.575 0.004 0.028]
 [0.269 0.066 0.01  0.014 0.005 0.02  0.01  0.001 0.566 0.039]
 [0.043 0.115 0.016 0.014 0.007 0.008 0.006 0.005 0.012 0.774]]
[2025-06-11 13:52:12,909 INFO] 4000 iteration, USE_EMA: True, {'train/sup_loss': tensor(0.7846, device='cuda:0'), 'train/unsup_loss': tensor(0.0081, device='cuda:0'), 'train/total_loss': tensor(1.1890, device='cuda:0'), 'lr': 0.028873097404747344, 'train/prefecth_time': 0.08978819274902344, 'train/run_time': 0.11728205108642578, 'eval/loss': tensor(1.2950, device='cuda:0'), 'eval/top-1-acc': 0.5866, 'eval/top-5-acc': np.float64(0.9391)}, BEST_EVAL_ACC: 0.5866, at 4000 iters
[2025-06-11 13:52:38,253 INFO] confusion matrix:
[[0.691 0.055 0.03  0.03  0.007 0.03  0.008 0.011 0.094 0.044]
 [0.035 0.842 0.004 0.008 0.007 0.023 0.004 0.004 0.008 0.065]
 [0.134 0.009 0.4   0.071 0.067 0.139 0.143 0.011 0.015 0.011]
 [0.03  0.018 0.065 0.381 0.032 0.288 0.127 0.027 0.01  0.022]
 [0.061 0.008 0.091 0.066 0.4   0.089 0.179 0.086 0.017 0.003]
 [0.021 0.009 0.084 0.24  0.036 0.527 0.037 0.03  0.009 0.007]
 [0.011 0.014 0.053 0.113 0.016 0.062 0.723 0.003 0.004 0.001]
 [0.029 0.007 0.032 0.05  0.098 0.159 0.016 0.577 0.004 0.028]
 [0.282 0.067 0.012 0.011 0.005 0.02  0.011 0.002 0.552 0.038]
 [0.046 0.114 0.016 0.013 0.007 0.008 0.006 0.005 0.008 0.777]]
[2025-06-11 13:52:38,258 INFO] 4100 iteration, USE_EMA: True, {'train/sup_loss': tensor(1.1007, device='cuda:0'), 'train/unsup_loss': tensor(0.0084, device='cuda:0'), 'train/total_loss': tensor(1.5312, device='cuda:0'), 'lr': 0.028816440340206802, 'train/prefecth_time': 0.14623574829101563, 'train/run_time': 0.12490306854248047, 'eval/loss': tensor(1.2967, device='cuda:0'), 'eval/top-1-acc': 0.587, 'eval/top-5-acc': np.float64(0.9381)}, BEST_EVAL_ACC: 0.587, at 4100 iters
[2025-06-11 13:53:03,444 INFO] confusion matrix:
[[0.686 0.054 0.031 0.031 0.007 0.031 0.008 0.01  0.098 0.044]
 [0.033 0.841 0.004 0.008 0.007 0.024 0.003 0.003 0.008 0.069]
 [0.134 0.01  0.394 0.068 0.067 0.146 0.142 0.011 0.015 0.013]
 [0.031 0.014 0.062 0.373 0.03  0.301 0.127 0.027 0.01  0.025]
 [0.06  0.008 0.084 0.064 0.399 0.088 0.19  0.087 0.017 0.003]
 [0.018 0.008 0.084 0.235 0.034 0.538 0.036 0.03  0.009 0.008]
 [0.011 0.014 0.054 0.111 0.017 0.065 0.722 0.003 0.003 0.   ]
 [0.029 0.007 0.028 0.051 0.097 0.155 0.017 0.587 0.004 0.025]
 [0.27  0.064 0.012 0.011 0.005 0.025 0.012 0.002 0.56  0.039]
 [0.044 0.109 0.016 0.012 0.005 0.008 0.006 0.005 0.008 0.787]]
[2025-06-11 13:53:03,449 INFO] 4200 iteration, USE_EMA: True, {'train/sup_loss': tensor(0.7574, device='cuda:0'), 'train/unsup_loss': tensor(0.0057, device='cuda:0'), 'train/total_loss': tensor(1.0543, device='cuda:0'), 'lr': 0.02875842234972806, 'train/prefecth_time': 0.11279622650146484, 'train/run_time': 0.11642598724365234, 'eval/loss': tensor(1.2930, device='cuda:0'), 'eval/top-1-acc': 0.5887, 'eval/top-5-acc': np.float64(0.9392)}, BEST_EVAL_ACC: 0.5887, at 4200 iters
[2025-06-11 13:53:28,617 INFO] confusion matrix:
[[0.691 0.053 0.029 0.028 0.007 0.032 0.008 0.011 0.097 0.044]
 [0.03  0.842 0.004 0.008 0.007 0.025 0.003 0.002 0.008 0.071]
 [0.137 0.011 0.394 0.065 0.065 0.148 0.14  0.013 0.015 0.012]
 [0.033 0.012 0.06  0.367 0.033 0.304 0.127 0.03  0.011 0.023]
 [0.059 0.009 0.083 0.059 0.4   0.09  0.194 0.088 0.017 0.001]
 [0.017 0.009 0.083 0.232 0.034 0.543 0.037 0.029 0.009 0.007]
 [0.011 0.013 0.055 0.109 0.018 0.065 0.723 0.003 0.003 0.   ]
 [0.028 0.006 0.027 0.048 0.092 0.159 0.018 0.592 0.003 0.027]
 [0.277 0.063 0.011 0.011 0.004 0.024 0.011 0.002 0.555 0.042]
 [0.046 0.109 0.016 0.009 0.005 0.009 0.006 0.005 0.008 0.787]]
[2025-06-11 13:53:28,621 INFO] 4300 iteration, USE_EMA: True, {'train/sup_loss': tensor(0.2074, device='cuda:0'), 'train/unsup_loss': tensor(0.0084, device='cuda:0'), 'train/total_loss': tensor(0.6600, device='cuda:0'), 'lr': 0.028699046173350725, 'train/prefecth_time': 0.12133993530273438, 'train/run_time': 0.11656716918945312, 'eval/loss': tensor(1.2915, device='cuda:0'), 'eval/top-1-acc': 0.5894, 'eval/top-5-acc': np.float64(0.9397)}, BEST_EVAL_ACC: 0.5894, at 4300 iters
[2025-06-11 13:53:53,949 INFO] confusion matrix:
[[0.695 0.051 0.028 0.028 0.006 0.031 0.008 0.013 0.097 0.043]
 [0.031 0.848 0.003 0.008 0.007 0.023 0.004 0.002 0.008 0.066]
 [0.143 0.01  0.395 0.063 0.067 0.148 0.138 0.013 0.012 0.011]
 [0.035 0.01  0.061 0.368 0.034 0.303 0.124 0.03  0.012 0.023]
 [0.06  0.009 0.083 0.059 0.405 0.092 0.188 0.087 0.016 0.001]
 [0.017 0.009 0.081 0.233 0.035 0.545 0.036 0.031 0.008 0.005]
 [0.009 0.011 0.056 0.112 0.017 0.064 0.725 0.003 0.003 0.   ]
 [0.027 0.005 0.027 0.046 0.094 0.155 0.019 0.598 0.003 0.026]
 [0.279 0.061 0.01  0.011 0.004 0.025 0.009 0.002 0.559 0.04 ]
 [0.046 0.106 0.016 0.009 0.005 0.009 0.005 0.006 0.009 0.789]]
[2025-06-11 13:53:53,954 INFO] 4400 iteration, USE_EMA: True, {'train/sup_loss': tensor(0.5834, device='cuda:0'), 'train/unsup_loss': tensor(0.0067, device='cuda:0'), 'train/total_loss': tensor(0.9509, device='cuda:0'), 'lr': 0.028638314615258023, 'train/prefecth_time': 0.09000054168701171, 'train/run_time': 0.11605443572998046, 'eval/loss': tensor(1.2866, device='cuda:0'), 'eval/top-1-acc': 0.5927, 'eval/top-5-acc': np.float64(0.9399)}, BEST_EVAL_ACC: 0.5927, at 4400 iters
[2025-06-11 13:54:19,273 INFO] confusion matrix:
[[0.696 0.052 0.028 0.027 0.005 0.032 0.007 0.012 0.099 0.042]
 [0.032 0.849 0.003 0.008 0.007 0.025 0.004 0.002 0.008 0.062]
 [0.14  0.01  0.401 0.068 0.064 0.148 0.133 0.013 0.013 0.01 ]
 [0.034 0.01  0.062 0.364 0.031 0.314 0.122 0.029 0.011 0.023]
 [0.058 0.009 0.086 0.058 0.405 0.093 0.186 0.086 0.018 0.001]
 [0.017 0.008 0.078 0.233 0.034 0.554 0.035 0.03  0.006 0.005]
 [0.009 0.01  0.057 0.112 0.015 0.065 0.726 0.003 0.003 0.   ]
 [0.027 0.005 0.027 0.045 0.09  0.156 0.017 0.604 0.003 0.026]
 [0.282 0.061 0.011 0.011 0.004 0.024 0.007 0.002 0.56  0.038]
 [0.047 0.115 0.016 0.01  0.005 0.009 0.005 0.006 0.008 0.779]]
[2025-06-11 13:54:19,278 INFO] 4500 iteration, USE_EMA: True, {'train/sup_loss': tensor(0.1711, device='cuda:0'), 'train/unsup_loss': tensor(0.0056, device='cuda:0'), 'train/total_loss': tensor(0.4878, device='cuda:0'), 'lr': 0.028576230543644353, 'train/prefecth_time': 0.0965348129272461, 'train/run_time': 0.1151651840209961, 'eval/loss': tensor(1.2848, device='cuda:0'), 'eval/top-1-acc': 0.5938, 'eval/top-5-acc': np.float64(0.9408)}, BEST_EVAL_ACC: 0.5938, at 4500 iters
[2025-06-11 13:54:44,199 INFO] confusion matrix:
[[0.696 0.051 0.024 0.027 0.005 0.035 0.007 0.012 0.097 0.046]
 [0.029 0.85  0.003 0.008 0.007 0.023 0.004 0.002 0.008 0.066]
 [0.138 0.009 0.397 0.071 0.064 0.15  0.133 0.014 0.014 0.01 ]
 [0.032 0.012 0.061 0.367 0.029 0.316 0.12  0.03  0.011 0.022]
 [0.057 0.008 0.086 0.06  0.403 0.092 0.184 0.09  0.019 0.001]
 [0.015 0.007 0.077 0.236 0.034 0.557 0.033 0.029 0.007 0.005]
 [0.009 0.01  0.055 0.113 0.015 0.07  0.721 0.003 0.003 0.001]
 [0.026 0.005 0.029 0.045 0.088 0.156 0.018 0.603 0.003 0.027]
 [0.284 0.056 0.011 0.011 0.004 0.027 0.007 0.002 0.558 0.04 ]
 [0.045 0.109 0.014 0.011 0.005 0.009 0.005 0.005 0.008 0.789]]
[2025-06-11 13:54:44,210 INFO] 4600 iteration, USE_EMA: True, {'train/sup_loss': tensor(1.4466, device='cuda:0'), 'train/unsup_loss': tensor(0.0172, device='cuda:0'), 'train/total_loss': tensor(2.4366, device='cuda:0'), 'lr': 0.028512796890579825, 'train/prefecth_time': 0.08879507446289063, 'train/run_time': 0.11550457763671874, 'eval/loss': tensor(1.2817, device='cuda:0'), 'eval/top-1-acc': 0.5941, 'eval/top-5-acc': np.float64(0.942)}, BEST_EVAL_ACC: 0.5941, at 4600 iters
[2025-06-11 13:55:09,150 INFO] confusion matrix:
[[0.692 0.049 0.025 0.025 0.005 0.035 0.007 0.012 0.105 0.045]
 [0.029 0.855 0.003 0.008 0.007 0.022 0.001 0.002 0.009 0.064]
 [0.14  0.009 0.396 0.071 0.063 0.153 0.134 0.011 0.013 0.01 ]
 [0.034 0.01  0.065 0.366 0.027 0.32  0.115 0.029 0.012 0.022]
 [0.058 0.007 0.086 0.061 0.406 0.093 0.176 0.092 0.019 0.002]
 [0.015 0.006 0.075 0.234 0.036 0.56  0.032 0.03  0.007 0.005]
 [0.009 0.011 0.056 0.117 0.015 0.071 0.714 0.003 0.003 0.001]
 [0.024 0.005 0.029 0.046 0.084 0.157 0.018 0.611 0.002 0.024]
 [0.28  0.058 0.013 0.01  0.004 0.027 0.008 0.002 0.56  0.038]
 [0.044 0.106 0.013 0.011 0.005 0.01  0.005 0.005 0.01  0.791]]
[2025-06-11 13:55:09,162 INFO] 4700 iteration, USE_EMA: True, {'train/sup_loss': tensor(1.4286, device='cuda:0'), 'train/unsup_loss': tensor(0.0176, device='cuda:0'), 'train/total_loss': tensor(2.4601, device='cuda:0'), 'lr': 0.028448016651871785, 'train/prefecth_time': 0.0910604476928711, 'train/run_time': 0.11575142669677735, 'eval/loss': tensor(1.2734, device='cuda:0'), 'eval/top-1-acc': 0.5951, 'eval/top-5-acc': np.float64(0.9438)}, BEST_EVAL_ACC: 0.5951, at 4700 iters
[2025-06-11 13:55:34,337 INFO] confusion matrix:
[[0.696 0.046 0.024 0.026 0.004 0.034 0.008 0.01  0.103 0.049]
 [0.025 0.859 0.002 0.009 0.006 0.02  0.002 0.002 0.009 0.066]
 [0.142 0.009 0.399 0.072 0.064 0.151 0.131 0.011 0.011 0.01 ]
 [0.036 0.009 0.064 0.358 0.028 0.33  0.113 0.029 0.011 0.022]
 [0.058 0.007 0.085 0.061 0.406 0.095 0.175 0.092 0.019 0.002]
 [0.016 0.006 0.075 0.232 0.035 0.562 0.031 0.031 0.007 0.005]
 [0.009 0.009 0.056 0.117 0.016 0.068 0.717 0.004 0.003 0.001]
 [0.023 0.005 0.031 0.045 0.085 0.156 0.015 0.613 0.003 0.024]
 [0.277 0.055 0.014 0.01  0.004 0.026 0.007 0.001 0.567 0.039]
 [0.042 0.096 0.014 0.011 0.005 0.009 0.005 0.004 0.008 0.806]]
[2025-06-11 13:55:34,342 INFO] 4800 iteration, USE_EMA: True, {'train/sup_loss': tensor(0.7793, device='cuda:0'), 'train/unsup_loss': tensor(0.0071, device='cuda:0'), 'train/total_loss': tensor(1.2027, device='cuda:0'), 'lr': 0.028381892886923343, 'train/prefecth_time': 0.08775523376464844, 'train/run_time': 0.11603955078125, 'eval/loss': tensor(1.2690, device='cuda:0'), 'eval/top-1-acc': 0.5983, 'eval/top-5-acc': np.float64(0.944)}, BEST_EVAL_ACC: 0.5983, at 4800 iters
[2025-06-11 13:55:59,645 INFO] confusion matrix:
[[0.7   0.042 0.022 0.024 0.004 0.033 0.008 0.012 0.104 0.051]
 [0.027 0.854 0.002 0.008 0.006 0.02  0.002 0.002 0.009 0.07 ]
 [0.139 0.009 0.399 0.071 0.064 0.153 0.134 0.011 0.009 0.011]
 [0.038 0.009 0.067 0.351 0.028 0.327 0.119 0.029 0.01  0.022]
 [0.059 0.007 0.082 0.058 0.413 0.088 0.179 0.094 0.017 0.003]
 [0.015 0.007 0.075 0.226 0.034 0.566 0.038 0.028 0.005 0.006]
 [0.009 0.007 0.054 0.113 0.017 0.066 0.726 0.004 0.003 0.001]
 [0.024 0.004 0.031 0.045 0.084 0.156 0.015 0.613 0.002 0.026]
 [0.286 0.053 0.013 0.01  0.004 0.027 0.007 0.001 0.559 0.04 ]
 [0.043 0.085 0.013 0.009 0.005 0.01  0.007 0.004 0.008 0.816]]
[2025-06-11 13:55:59,651 INFO] 4900 iteration, USE_EMA: True, {'train/sup_loss': tensor(1.3813, device='cuda:0'), 'train/unsup_loss': tensor(0.0163, device='cuda:0'), 'train/total_loss': tensor(2.3799, device='cuda:0'), 'lr': 0.02831442871858888, 'train/prefecth_time': 0.10635260772705078, 'train/run_time': 0.11606425476074218, 'eval/loss': tensor(1.2650, device='cuda:0'), 'eval/top-1-acc': 0.5997, 'eval/top-5-acc': np.float64(0.9449)}, BEST_EVAL_ACC: 0.5997, at 4900 iters
[2025-06-11 13:56:24,995 INFO] confusion matrix:
[[0.703 0.041 0.023 0.023 0.004 0.033 0.009 0.013 0.102 0.049]
 [0.027 0.852 0.002 0.008 0.006 0.02  0.002 0.003 0.009 0.071]
 [0.143 0.008 0.399 0.072 0.062 0.15  0.136 0.011 0.008 0.011]
 [0.039 0.01  0.065 0.362 0.028 0.314 0.118 0.029 0.012 0.023]
 [0.059 0.006 0.086 0.057 0.425 0.081 0.175 0.092 0.016 0.003]
 [0.017 0.008 0.072 0.232 0.035 0.56  0.036 0.03  0.006 0.004]
 [0.008 0.007 0.052 0.115 0.017 0.065 0.729 0.004 0.003 0.   ]
 [0.024 0.004 0.031 0.046 0.084 0.154 0.016 0.612 0.003 0.026]
 [0.285 0.049 0.013 0.01  0.004 0.026 0.007 0.002 0.563 0.041]
 [0.043 0.084 0.012 0.01  0.004 0.009 0.006 0.004 0.008 0.82 ]]
[2025-06-11 13:56:25,001 INFO] 5000 iteration, USE_EMA: True, {'train/sup_loss': tensor(1.0259, device='cuda:0'), 'train/unsup_loss': tensor(0.0099, device='cuda:0'), 'train/total_loss': tensor(1.6430, device='cuda:0'), 'lr': 0.028245627333026553, 'train/prefecth_time': 0.09652838134765625, 'train/run_time': 0.11668313598632812, 'eval/loss': tensor(1.2598, device='cuda:0'), 'eval/top-1-acc': 0.6025, 'eval/top-5-acc': np.float64(0.945)}, BEST_EVAL_ACC: 0.6025, at 5000 iters
[2025-06-11 13:56:50,212 INFO] confusion matrix:
[[0.703 0.043 0.023 0.02  0.003 0.032 0.01  0.012 0.105 0.049]
 [0.027 0.852 0.002 0.008 0.005 0.02  0.002 0.002 0.011 0.071]
 [0.138 0.008 0.398 0.072 0.061 0.153 0.138 0.011 0.01  0.011]
 [0.039 0.01  0.066 0.356 0.028 0.316 0.122 0.029 0.012 0.022]
 [0.057 0.006 0.084 0.053 0.427 0.082 0.178 0.092 0.017 0.004]
 [0.017 0.006 0.075 0.234 0.034 0.559 0.036 0.03  0.006 0.003]
 [0.008 0.007 0.053 0.109 0.017 0.064 0.735 0.004 0.003 0.   ]
 [0.025 0.004 0.032 0.045 0.084 0.156 0.016 0.614 0.002 0.022]
 [0.278 0.048 0.013 0.01  0.004 0.025 0.007 0.002 0.574 0.039]
 [0.043 0.083 0.012 0.009 0.004 0.01  0.008 0.004 0.008 0.819]]
[2025-06-11 13:56:50,217 INFO] 5100 iteration, USE_EMA: True, {'train/sup_loss': tensor(0.9615, device='cuda:0'), 'train/unsup_loss': tensor(0.0079, device='cuda:0'), 'train/total_loss': tensor(1.4627, device='cuda:0'), 'lr': 0.028175491979547836, 'train/prefecth_time': 0.09102281951904297, 'train/run_time': 0.11570550537109375, 'eval/loss': tensor(1.2497, device='cuda:0'), 'eval/top-1-acc': 0.6037, 'eval/top-5-acc': np.float64(0.9459)}, BEST_EVAL_ACC: 0.6037, at 5100 iters
[2025-06-11 13:57:15,692 INFO] confusion matrix:
[[0.707 0.043 0.021 0.02  0.004 0.032 0.011 0.012 0.102 0.048]
 [0.026 0.859 0.002 0.008 0.005 0.02  0.002 0.002 0.011 0.065]
 [0.135 0.008 0.399 0.074 0.063 0.153 0.138 0.011 0.009 0.01 ]
 [0.039 0.009 0.066 0.371 0.025 0.316 0.112 0.028 0.012 0.022]
 [0.057 0.004 0.081 0.056 0.428 0.083 0.179 0.093 0.015 0.004]
 [0.017 0.008 0.075 0.237 0.033 0.557 0.035 0.029 0.005 0.004]
 [0.007 0.005 0.052 0.111 0.015 0.065 0.737 0.004 0.004 0.   ]
 [0.024 0.004 0.032 0.046 0.083 0.153 0.016 0.619 0.002 0.021]
 [0.269 0.048 0.013 0.011 0.003 0.026 0.007 0.002 0.58  0.041]
 [0.044 0.083 0.013 0.009 0.004 0.009 0.008 0.004 0.006 0.82 ]]
[2025-06-11 13:57:15,697 INFO] 5200 iteration, USE_EMA: True, {'train/sup_loss': tensor(0.2693, device='cuda:0'), 'train/unsup_loss': tensor(0.0039, device='cuda:0'), 'train/total_loss': tensor(0.5197, device='cuda:0'), 'lr': 0.028104025970464058, 'train/prefecth_time': 0.0928370590209961, 'train/run_time': 0.11623404693603516, 'eval/loss': tensor(1.2418, device='cuda:0'), 'eval/top-1-acc': 0.6077, 'eval/top-5-acc': np.float64(0.9468)}, BEST_EVAL_ACC: 0.6077, at 5200 iters
[2025-06-11 13:57:41,313 INFO] confusion matrix:
[[0.709 0.043 0.022 0.02  0.004 0.032 0.011 0.012 0.099 0.048]
 [0.025 0.862 0.001 0.008 0.005 0.02  0.002 0.002 0.01  0.065]
 [0.134 0.008 0.404 0.068 0.062 0.153 0.141 0.011 0.009 0.01 ]
 [0.041 0.009 0.061 0.365 0.026 0.315 0.115 0.032 0.013 0.023]
 [0.057 0.005 0.078 0.051 0.441 0.082 0.175 0.092 0.015 0.004]
 [0.019 0.008 0.074 0.236 0.032 0.562 0.031 0.028 0.007 0.003]
 [0.008 0.005 0.054 0.106 0.014 0.065 0.74  0.005 0.003 0.   ]
 [0.025 0.004 0.031 0.045 0.085 0.153 0.016 0.62  0.002 0.019]
 [0.273 0.048 0.013 0.01  0.003 0.027 0.007 0.002 0.577 0.04 ]
 [0.044 0.085 0.012 0.01  0.004 0.008 0.008 0.005 0.007 0.817]]
[2025-06-11 13:57:41,318 INFO] 5300 iteration, USE_EMA: True, {'train/sup_loss': tensor(0.9982, device='cuda:0'), 'train/unsup_loss': tensor(0.0099, device='cuda:0'), 'train/total_loss': tensor(1.6544, device='cuda:0'), 'lr': 0.028031232680929965, 'train/prefecth_time': 0.09530892944335938, 'train/run_time': 0.11557855987548828, 'eval/loss': tensor(1.2356, device='cuda:0'), 'eval/top-1-acc': 0.6097, 'eval/top-5-acc': np.float64(0.947)}, BEST_EVAL_ACC: 0.6097, at 5300 iters
[2025-06-11 13:58:06,479 INFO] confusion matrix:
[[0.709 0.044 0.021 0.019 0.004 0.032 0.01  0.013 0.1   0.048]
 [0.025 0.865 0.001 0.008 0.005 0.02  0.001 0.002 0.01  0.063]
 [0.132 0.008 0.407 0.062 0.066 0.154 0.14  0.011 0.01  0.01 ]
 [0.04  0.011 0.064 0.365 0.027 0.317 0.112 0.029 0.014 0.021]
 [0.061 0.005 0.076 0.049 0.446 0.086 0.17  0.088 0.015 0.004]
 [0.02  0.008 0.073 0.223 0.036 0.574 0.028 0.028 0.007 0.003]
 [0.009 0.005 0.054 0.104 0.016 0.066 0.739 0.004 0.003 0.   ]
 [0.024 0.004 0.032 0.04  0.089 0.155 0.016 0.622 0.002 0.016]
 [0.271 0.046 0.012 0.011 0.003 0.025 0.006 0.002 0.586 0.038]
 [0.043 0.09  0.012 0.008 0.004 0.01  0.007 0.006 0.007 0.813]]
[2025-06-11 13:58:06,484 INFO] 5400 iteration, USE_EMA: True, {'train/sup_loss': tensor(0.2031, device='cuda:0'), 'train/unsup_loss': tensor(0.0059, device='cuda:0'), 'train/total_loss': tensor(0.6023, device='cuda:0'), 'lr': 0.02795711554878433, 'train/prefecth_time': 0.08852569580078125, 'train/run_time': 0.11558096313476562, 'eval/loss': tensor(1.2301, device='cuda:0'), 'eval/top-1-acc': 0.6126, 'eval/top-5-acc': np.float64(0.947)}, BEST_EVAL_ACC: 0.6126, at 5400 iters
[2025-06-11 13:58:31,664 INFO] confusion matrix:
[[0.708 0.044 0.021 0.02  0.004 0.032 0.01  0.013 0.099 0.049]
 [0.023 0.871 0.001 0.008 0.005 0.018 0.001 0.002 0.01  0.061]
 [0.132 0.008 0.403 0.064 0.068 0.156 0.137 0.012 0.01  0.01 ]
 [0.041 0.009 0.063 0.384 0.027 0.31  0.103 0.029 0.013 0.021]
 [0.06  0.006 0.076 0.055 0.45  0.086 0.159 0.089 0.014 0.005]
 [0.02  0.008 0.071 0.227 0.034 0.574 0.027 0.028 0.007 0.004]
 [0.009 0.003 0.054 0.107 0.014 0.065 0.74  0.003 0.004 0.001]
 [0.026 0.004 0.032 0.039 0.088 0.154 0.015 0.626 0.002 0.014]
 [0.264 0.048 0.011 0.011 0.003 0.025 0.006 0.002 0.594 0.036]
 [0.043 0.089 0.011 0.01  0.004 0.007 0.004 0.005 0.006 0.821]]
[2025-06-11 13:58:31,669 INFO] 5500 iteration, USE_EMA: True, {'train/sup_loss': tensor(0.6848, device='cuda:0'), 'train/unsup_loss': tensor(0.0082, device='cuda:0'), 'train/total_loss': tensor(1.2511, device='cuda:0'), 'lr': 0.02788167807438759, 'train/prefecth_time': 0.1415045166015625, 'train/run_time': 0.12292371368408203, 'eval/loss': tensor(1.2224, device='cuda:0'), 'eval/top-1-acc': 0.6171, 'eval/top-5-acc': np.float64(0.9478)}, BEST_EVAL_ACC: 0.6171, at 5500 iters
[2025-06-11 13:58:57,043 INFO] confusion matrix:
[[0.712 0.045 0.019 0.021 0.004 0.033 0.01  0.013 0.096 0.047]
 [0.023 0.877 0.001 0.007 0.005 0.017 0.001 0.002 0.01  0.057]
 [0.13  0.009 0.395 0.067 0.068 0.161 0.138 0.012 0.01  0.01 ]
 [0.039 0.008 0.06  0.39  0.029 0.31  0.101 0.028 0.013 0.022]
 [0.06  0.006 0.075 0.053 0.457 0.086 0.16  0.086 0.014 0.003]
 [0.017 0.008 0.068 0.234 0.034 0.574 0.028 0.025 0.007 0.005]
 [0.01  0.004 0.052 0.105 0.013 0.066 0.742 0.002 0.005 0.001]
 [0.024 0.005 0.031 0.042 0.087 0.156 0.015 0.624 0.001 0.015]
 [0.261 0.048 0.011 0.01  0.002 0.024 0.007 0.002 0.602 0.033]
 [0.041 0.093 0.012 0.01  0.004 0.007 0.005 0.004 0.006 0.818]]
[2025-06-11 13:58:57,048 INFO] 5600 iteration, USE_EMA: True, {'train/sup_loss': tensor(0.9981, device='cuda:0'), 'train/unsup_loss': tensor(0.0079, device='cuda:0'), 'train/total_loss': tensor(1.5524, device='cuda:0'), 'lr': 0.027804923820456517, 'train/prefecth_time': 0.11744127655029298, 'train/run_time': 0.1172088623046875, 'eval/loss': tensor(1.2218, device='cuda:0'), 'eval/top-1-acc': 0.6191, 'eval/top-5-acc': np.float64(0.9476)}, BEST_EVAL_ACC: 0.6191, at 5600 iters
[2025-06-11 13:59:22,529 INFO] confusion matrix:
[[0.712 0.042 0.018 0.021 0.004 0.034 0.01  0.014 0.098 0.047]
 [0.025 0.873 0.001 0.006 0.005 0.017 0.001 0.002 0.01  0.06 ]
 [0.13  0.007 0.394 0.07  0.068 0.164 0.138 0.011 0.008 0.01 ]
 [0.041 0.008 0.06  0.391 0.029 0.31  0.098 0.028 0.013 0.022]
 [0.06  0.005 0.073 0.055 0.46  0.086 0.16  0.084 0.014 0.003]
 [0.016 0.008 0.067 0.234 0.034 0.581 0.026 0.023 0.006 0.005]
 [0.01  0.003 0.05  0.108 0.013 0.068 0.738 0.003 0.006 0.001]
 [0.025 0.004 0.029 0.042 0.089 0.159 0.014 0.623 0.001 0.014]
 [0.262 0.045 0.012 0.011 0.002 0.023 0.006 0.002 0.602 0.035]
 [0.041 0.087 0.012 0.009 0.004 0.007 0.005 0.005 0.007 0.823]]
[2025-06-11 13:59:22,534 INFO] 5700 iteration, USE_EMA: True, {'train/sup_loss': tensor(1.4588, device='cuda:0'), 'train/unsup_loss': tensor(0.0191, device='cuda:0'), 'train/total_loss': tensor(2.8205, device='cuda:0'), 'lr': 0.027726856411895998, 'train/prefecth_time': 0.12208566284179688, 'train/run_time': 0.12507036590576173, 'eval/loss': tensor(1.2219, device='cuda:0'), 'eval/top-1-acc': 0.6197, 'eval/top-5-acc': np.float64(0.9482)}, BEST_EVAL_ACC: 0.6197, at 5700 iters
[2025-06-11 13:59:47,910 INFO] confusion matrix:
[[0.722 0.042 0.017 0.021 0.004 0.033 0.01  0.015 0.093 0.043]
 [0.024 0.874 0.001 0.006 0.004 0.017 0.001 0.002 0.01  0.061]
 [0.13  0.006 0.39  0.065 0.068 0.176 0.134 0.011 0.009 0.011]
 [0.041 0.008 0.062 0.386 0.028 0.315 0.096 0.029 0.013 0.022]
 [0.06  0.005 0.071 0.051 0.467 0.092 0.154 0.084 0.013 0.003]
 [0.015 0.008 0.067 0.227 0.033 0.593 0.024 0.022 0.006 0.005]
 [0.009 0.003 0.05  0.107 0.013 0.073 0.735 0.003 0.006 0.001]
 [0.025 0.004 0.029 0.039 0.09  0.165 0.011 0.623 0.001 0.013]
 [0.259 0.045 0.011 0.01  0.002 0.023 0.007 0.002 0.609 0.032]
 [0.042 0.086 0.011 0.01  0.004 0.008 0.003 0.006 0.007 0.823]]
[2025-06-11 13:59:47,915 INFO] 5800 iteration, USE_EMA: True, {'train/sup_loss': tensor(1.4014, device='cuda:0'), 'train/unsup_loss': tensor(0.0212, device='cuda:0'), 'train/total_loss': tensor(2.9375, device='cuda:0'), 'lr': 0.027647479535627795, 'train/prefecth_time': 0.12191734313964844, 'train/run_time': 0.12557721710205078, 'eval/loss': tensor(1.2203, device='cuda:0'), 'eval/top-1-acc': 0.6222, 'eval/top-5-acc': np.float64(0.949)}, BEST_EVAL_ACC: 0.6222, at 5800 iters
[2025-06-11 14:00:13,260 INFO] confusion matrix:
[[0.734 0.041 0.017 0.019 0.006 0.032 0.01  0.015 0.083 0.043]
 [0.025 0.874 0.001 0.004 0.004 0.017 0.001 0.002 0.01  0.062]
 [0.139 0.007 0.401 0.058 0.068 0.172 0.13  0.007 0.008 0.01 ]
 [0.04  0.007 0.064 0.384 0.028 0.319 0.097 0.027 0.013 0.021]
 [0.062 0.004 0.072 0.052 0.472 0.092 0.147 0.083 0.013 0.003]
 [0.019 0.008 0.066 0.221 0.034 0.596 0.02  0.025 0.006 0.005]
 [0.011 0.003 0.051 0.104 0.014 0.077 0.73  0.003 0.005 0.002]
 [0.026 0.004 0.03  0.039 0.09  0.165 0.01  0.622 0.001 0.013]
 [0.268 0.04  0.01  0.009 0.002 0.023 0.007 0.002 0.605 0.034]
 [0.042 0.084 0.011 0.01  0.004 0.009 0.003 0.005 0.007 0.825]]
[2025-06-11 14:00:13,265 INFO] 5900 iteration, USE_EMA: True, {'train/sup_loss': tensor(0.2277, device='cuda:0'), 'train/unsup_loss': tensor(0.0064, device='cuda:0'), 'train/total_loss': tensor(0.6977, device='cuda:0'), 'lr': 0.027566796940416454, 'train/prefecth_time': 0.09301676940917969, 'train/run_time': 0.11609734344482422, 'eval/loss': tensor(1.2190, device='cuda:0'), 'eval/top-1-acc': 0.6243, 'eval/top-5-acc': np.float64(0.9493)}, BEST_EVAL_ACC: 0.6243, at 5900 iters
[2025-06-11 14:00:38,570 INFO] confusion matrix:
[[0.732 0.043 0.019 0.021 0.006 0.03  0.01  0.015 0.081 0.043]
 [0.023 0.877 0.001 0.004 0.004 0.017 0.002 0.002 0.01  0.06 ]
 [0.14  0.008 0.404 0.054 0.068 0.172 0.131 0.008 0.005 0.01 ]
 [0.041 0.011 0.068 0.377 0.027 0.314 0.099 0.029 0.013 0.021]
 [0.06  0.006 0.077 0.049 0.475 0.091 0.149 0.077 0.013 0.003]
 [0.017 0.008 0.068 0.222 0.034 0.594 0.022 0.025 0.006 0.004]
 [0.011 0.004 0.05  0.098 0.013 0.079 0.735 0.003 0.005 0.002]
 [0.026 0.005 0.032 0.041 0.09  0.161 0.011 0.619 0.001 0.014]
 [0.269 0.038 0.01  0.01  0.002 0.023 0.006 0.002 0.608 0.032]
 [0.042 0.09  0.01  0.009 0.004 0.009 0.003 0.005 0.007 0.821]]
[2025-06-11 14:00:38,579 INFO] 6000 iteration, USE_EMA: True, {'train/sup_loss': tensor(0.7447, device='cuda:0'), 'train/unsup_loss': tensor(0.0078, device='cuda:0'), 'train/total_loss': tensor(1.3310, device='cuda:0'), 'lr': 0.027484812436692246, 'train/prefecth_time': 0.08576080322265625, 'train/run_time': 0.11596329498291015, 'eval/loss': tensor(1.2192, device='cuda:0'), 'eval/top-1-acc': 0.6242, 'eval/top-5-acc': np.float64(0.9493)}, BEST_EVAL_ACC: 0.6243, at 5900 iters
[2025-06-11 14:01:03,657 INFO] confusion matrix:
[[0.733 0.045 0.017 0.023 0.005 0.031 0.009 0.015 0.079 0.043]
 [0.024 0.875 0.001 0.005 0.004 0.017 0.002 0.002 0.01  0.06 ]
 [0.137 0.007 0.409 0.06  0.066 0.166 0.132 0.008 0.005 0.01 ]
 [0.04  0.008 0.066 0.381 0.027 0.318 0.1   0.027 0.012 0.021]
 [0.063 0.005 0.08  0.049 0.481 0.088 0.144 0.076 0.011 0.003]
 [0.017 0.006 0.074 0.222 0.033 0.594 0.021 0.023 0.006 0.004]
 [0.011 0.004 0.051 0.1   0.012 0.078 0.734 0.003 0.005 0.002]
 [0.027 0.005 0.032 0.041 0.092 0.165 0.01  0.614 0.    0.014]
 [0.261 0.038 0.012 0.01  0.002 0.024 0.006 0.002 0.611 0.034]
 [0.042 0.091 0.01  0.008 0.004 0.009 0.002 0.005 0.006 0.823]]
[2025-06-11 14:01:03,663 INFO] 6100 iteration, USE_EMA: True, {'train/sup_loss': tensor(0.1975, device='cuda:0'), 'train/unsup_loss': tensor(0.0051, device='cuda:0'), 'train/total_loss': tensor(0.5836, device='cuda:0'), 'lr': 0.027401529896371214, 'train/prefecth_time': 0.0866560287475586, 'train/run_time': 0.11589839935302734, 'eval/loss': tensor(1.2101, device='cuda:0'), 'eval/top-1-acc': 0.6255, 'eval/top-5-acc': np.float64(0.9506)}, BEST_EVAL_ACC: 0.6255, at 6100 iters
[2025-06-11 14:01:28,593 INFO] confusion matrix:
[[0.732 0.045 0.018 0.023 0.005 0.031 0.008 0.015 0.08  0.043]
 [0.024 0.878 0.001 0.006 0.004 0.015 0.002 0.002 0.009 0.059]
 [0.14  0.007 0.425 0.053 0.065 0.154 0.133 0.007 0.006 0.01 ]
 [0.038 0.009 0.071 0.378 0.028 0.314 0.1   0.029 0.013 0.02 ]
 [0.066 0.004 0.082 0.041 0.478 0.083 0.148 0.084 0.011 0.003]
 [0.017 0.006 0.078 0.223 0.034 0.584 0.022 0.024 0.006 0.006]
 [0.009 0.002 0.053 0.098 0.011 0.075 0.741 0.003 0.006 0.002]
 [0.024 0.006 0.035 0.041 0.084 0.153 0.011 0.63  0.    0.016]
 [0.259 0.037 0.01  0.009 0.003 0.023 0.005 0.002 0.616 0.036]
 [0.041 0.089 0.01  0.005 0.004 0.008 0.001 0.005 0.005 0.832]]
[2025-06-11 14:01:28,599 INFO] 6200 iteration, USE_EMA: True, {'train/sup_loss': tensor(0.3023, device='cuda:0'), 'train/unsup_loss': tensor(0.0057, device='cuda:0'), 'train/total_loss': tensor(0.7404, device='cuda:0'), 'lr': 0.027316953252672308, 'train/prefecth_time': 0.08650342559814453, 'train/run_time': 0.11625296020507812, 'eval/loss': tensor(1.1991, device='cuda:0'), 'eval/top-1-acc': 0.6294, 'eval/top-5-acc': np.float64(0.9505)}, BEST_EVAL_ACC: 0.6294, at 6200 iters
[2025-06-11 14:01:53,644 INFO] confusion matrix:
[[0.733 0.047 0.02  0.024 0.005 0.03  0.008 0.015 0.078 0.04 ]
 [0.023 0.881 0.001 0.006 0.004 0.013 0.001 0.002 0.009 0.06 ]
 [0.129 0.009 0.435 0.06  0.065 0.142 0.132 0.011 0.007 0.01 ]
 [0.041 0.009 0.071 0.386 0.027 0.304 0.095 0.031 0.014 0.022]
 [0.064 0.004 0.087 0.047 0.477 0.078 0.144 0.084 0.011 0.004]
 [0.017 0.005 0.08  0.229 0.033 0.578 0.024 0.024 0.005 0.005]
 [0.01  0.002 0.05  0.105 0.012 0.074 0.736 0.002 0.007 0.002]
 [0.021 0.006 0.036 0.044 0.088 0.15  0.01  0.63  0.    0.015]
 [0.263 0.037 0.011 0.009 0.002 0.023 0.005 0.002 0.613 0.035]
 [0.041 0.086 0.009 0.005 0.003 0.008 0.001 0.005 0.007 0.835]]
[2025-06-11 14:01:53,649 INFO] 6300 iteration, USE_EMA: True, {'train/sup_loss': tensor(0.4094, device='cuda:0'), 'train/unsup_loss': tensor(0.0067, device='cuda:0'), 'train/total_loss': tensor(0.9355, device='cuda:0'), 'lr': 0.027231086499931646, 'train/prefecth_time': 0.09672016143798828, 'train/run_time': 0.11647789001464844, 'eval/loss': tensor(1.1929, device='cuda:0'), 'eval/top-1-acc': 0.6304, 'eval/top-5-acc': np.float64(0.9518)}, BEST_EVAL_ACC: 0.6304, at 6300 iters
[2025-06-11 14:02:18,852 INFO] confusion matrix:
[[0.737 0.046 0.02  0.024 0.006 0.029 0.007 0.017 0.075 0.039]
 [0.025 0.879 0.001 0.006 0.004 0.012 0.001 0.002 0.009 0.061]
 [0.134 0.009 0.425 0.06  0.064 0.144 0.134 0.01  0.009 0.011]
 [0.043 0.008 0.071 0.38  0.027 0.307 0.098 0.031 0.014 0.021]
 [0.069 0.004 0.084 0.045 0.479 0.078 0.142 0.083 0.011 0.005]
 [0.019 0.005 0.078 0.224 0.035 0.583 0.022 0.024 0.005 0.005]
 [0.01  0.002 0.052 0.104 0.014 0.076 0.73  0.002 0.008 0.002]
 [0.021 0.006 0.036 0.043 0.086 0.143 0.011 0.638 0.    0.016]
 [0.26  0.037 0.01  0.008 0.002 0.021 0.005 0.002 0.621 0.034]
 [0.042 0.086 0.008 0.006 0.004 0.007 0.001 0.004 0.008 0.834]]
[2025-06-11 14:02:18,857 INFO] 6400 iteration, USE_EMA: True, {'train/sup_loss': tensor(0.1662, device='cuda:0'), 'train/unsup_loss': tensor(0.0054, device='cuda:0'), 'train/total_loss': tensor(0.6000, device='cuda:0'), 'lr': 0.027143933693413842, 'train/prefecth_time': 0.08892546844482421, 'train/run_time': 0.11625910186767578, 'eval/loss': tensor(1.1914, device='cuda:0'), 'eval/top-1-acc': 0.6306, 'eval/top-5-acc': np.float64(0.9528)}, BEST_EVAL_ACC: 0.6306, at 6400 iters
[2025-06-11 14:02:44,177 INFO] confusion matrix:
[[0.738 0.044 0.018 0.022 0.006 0.031 0.006 0.015 0.079 0.041]
 [0.024 0.875 0.001 0.007 0.004 0.012 0.001 0.002 0.009 0.065]
 [0.139 0.007 0.426 0.059 0.062 0.147 0.126 0.011 0.012 0.011]
 [0.049 0.008 0.065 0.383 0.028 0.309 0.089 0.03  0.016 0.023]
 [0.074 0.004 0.082 0.045 0.479 0.079 0.138 0.084 0.01  0.005]
 [0.018 0.005 0.074 0.227 0.035 0.584 0.019 0.026 0.005 0.007]
 [0.01  0.003 0.052 0.11  0.015 0.077 0.72  0.003 0.008 0.002]
 [0.026 0.005 0.033 0.043 0.08  0.15  0.009 0.639 0.    0.015]
 [0.254 0.036 0.009 0.009 0.003 0.021 0.004 0.002 0.626 0.036]
 [0.043 0.082 0.008 0.006 0.002 0.007 0.001 0.005 0.007 0.839]]
[2025-06-11 14:02:44,184 INFO] 6500 iteration, USE_EMA: True, {'train/sup_loss': tensor(0.5650, device='cuda:0'), 'train/unsup_loss': tensor(0.0065, device='cuda:0'), 'train/total_loss': tensor(1.0940, device='cuda:0'), 'lr': 0.02705549894912051, 'train/prefecth_time': 0.08832819366455077, 'train/run_time': 0.11586281585693359, 'eval/loss': tensor(1.1890, device='cuda:0'), 'eval/top-1-acc': 0.6309, 'eval/top-5-acc': np.float64(0.9523)}, BEST_EVAL_ACC: 0.6309, at 6500 iters
[2025-06-11 14:03:09,890 INFO] confusion matrix:
[[0.746 0.04  0.017 0.025 0.006 0.03  0.006 0.016 0.075 0.039]
 [0.026 0.875 0.001 0.007 0.004 0.011 0.001 0.002 0.01  0.063]
 [0.143 0.008 0.436 0.059 0.064 0.138 0.117 0.012 0.012 0.011]
 [0.06  0.008 0.062 0.385 0.029 0.303 0.085 0.03  0.015 0.023]
 [0.078 0.004 0.077 0.047 0.496 0.075 0.124 0.082 0.011 0.006]
 [0.022 0.005 0.079 0.228 0.035 0.571 0.018 0.03  0.005 0.007]
 [0.012 0.002 0.052 0.115 0.016 0.075 0.714 0.004 0.008 0.002]
 [0.031 0.004 0.033 0.044 0.082 0.144 0.008 0.638 0.001 0.015]
 [0.26  0.033 0.008 0.008 0.002 0.021 0.004 0.002 0.628 0.034]
 [0.044 0.079 0.007 0.007 0.002 0.006 0.001 0.005 0.008 0.841]]
[2025-06-11 14:03:09,895 INFO] 6600 iteration, USE_EMA: True, {'train/sup_loss': tensor(1.3686, device='cuda:0'), 'train/unsup_loss': tensor(0.0157, device='cuda:0'), 'train/total_loss': tensor(2.6638, device='cuda:0'), 'lr': 0.026965786443595877, 'train/prefecth_time': 0.0876021728515625, 'train/run_time': 0.11616835021972656, 'eval/loss': tensor(1.1868, device='cuda:0'), 'eval/top-1-acc': 0.633, 'eval/top-5-acc': np.float64(0.9522)}, BEST_EVAL_ACC: 0.633, at 6600 iters
[2025-06-11 14:03:35,040 INFO] confusion matrix:
[[0.751 0.04  0.019 0.021 0.006 0.03  0.006 0.015 0.072 0.04 ]
 [0.026 0.872 0.001 0.007 0.004 0.013 0.001 0.002 0.01  0.064]
 [0.145 0.008 0.426 0.059 0.063 0.144 0.121 0.012 0.009 0.013]
 [0.059 0.008 0.063 0.375 0.027 0.316 0.086 0.029 0.014 0.023]
 [0.079 0.005 0.073 0.047 0.486 0.077 0.135 0.084 0.009 0.005]
 [0.021 0.005 0.077 0.224 0.034 0.581 0.017 0.03  0.005 0.006]
 [0.014 0.002 0.052 0.112 0.015 0.077 0.714 0.004 0.008 0.002]
 [0.033 0.004 0.034 0.042 0.079 0.143 0.009 0.64  0.    0.016]
 [0.265 0.034 0.007 0.009 0.002 0.021 0.004 0.002 0.621 0.035]
 [0.044 0.076 0.006 0.009 0.003 0.008 0.001 0.004 0.008 0.841]]
[2025-06-11 14:03:35,045 INFO] 6700 iteration, USE_EMA: True, {'train/sup_loss': tensor(1.5170, device='cuda:0'), 'train/unsup_loss': tensor(0.0174, device='cuda:0'), 'train/total_loss': tensor(2.9771, device='cuda:0'), 'lr': 0.026874800413729513, 'train/prefecth_time': 0.0918466567993164, 'train/run_time': 0.11625222778320313, 'eval/loss': tensor(1.1846, device='cuda:0'), 'eval/top-1-acc': 0.6307, 'eval/top-5-acc': np.float64(0.9521)}, BEST_EVAL_ACC: 0.633, at 6600 iters
[2025-06-11 14:04:00,374 INFO] confusion matrix:
[[0.75  0.04  0.019 0.02  0.005 0.029 0.007 0.015 0.073 0.042]
 [0.025 0.869 0.001 0.006 0.003 0.014 0.001 0.002 0.01  0.069]
 [0.145 0.008 0.411 0.06  0.064 0.152 0.123 0.013 0.011 0.013]
 [0.062 0.006 0.063 0.361 0.026 0.327 0.083 0.032 0.015 0.025]
 [0.081 0.005 0.07  0.047 0.485 0.08  0.134 0.083 0.01  0.005]
 [0.021 0.005 0.073 0.217 0.034 0.588 0.017 0.033 0.005 0.007]
 [0.012 0.002 0.051 0.11  0.013 0.078 0.718 0.004 0.01  0.002]
 [0.036 0.004 0.032 0.043 0.078 0.137 0.009 0.644 0.001 0.016]
 [0.255 0.033 0.009 0.009 0.002 0.02  0.004 0.002 0.633 0.033]
 [0.042 0.071 0.006 0.007 0.002 0.009 0.001 0.004 0.008 0.85 ]]
[2025-06-11 14:04:00,378 INFO] 6800 iteration, USE_EMA: True, {'train/sup_loss': tensor(1.5534, device='cuda:0'), 'train/unsup_loss': tensor(0.0193, device='cuda:0'), 'train/total_loss': tensor(3.1978, device='cuda:0'), 'lr': 0.026782545156556266, 'train/prefecth_time': 0.08919923400878907, 'train/run_time': 0.11647769927978516, 'eval/loss': tensor(1.1805, device='cuda:0'), 'eval/top-1-acc': 0.6309, 'eval/top-5-acc': np.float64(0.9515)}, BEST_EVAL_ACC: 0.633, at 6600 iters
[2025-06-11 14:04:25,683 INFO] confusion matrix:
[[0.754 0.04  0.015 0.02  0.005 0.029 0.006 0.015 0.075 0.041]
 [0.027 0.867 0.001 0.006 0.003 0.013 0.001 0.002 0.01  0.07 ]
 [0.146 0.006 0.41  0.059 0.062 0.156 0.123 0.014 0.013 0.011]
 [0.066 0.005 0.06  0.357 0.025 0.33  0.082 0.033 0.016 0.026]
 [0.084 0.006 0.063 0.045 0.498 0.08  0.126 0.084 0.01  0.004]
 [0.021 0.004 0.073 0.222 0.033 0.586 0.018 0.033 0.004 0.006]
 [0.014 0.002 0.051 0.109 0.015 0.078 0.714 0.004 0.011 0.002]
 [0.039 0.004 0.03  0.04  0.076 0.136 0.009 0.649 0.001 0.016]
 [0.258 0.031 0.008 0.009 0.002 0.02  0.004 0.002 0.634 0.032]
 [0.044 0.069 0.006 0.007 0.002 0.008 0.001 0.004 0.009 0.85 ]]
[2025-06-11 14:04:25,688 INFO] 6900 iteration, USE_EMA: True, {'train/sup_loss': tensor(0.9265, device='cuda:0'), 'train/unsup_loss': tensor(0.0093, device='cuda:0'), 'train/total_loss': tensor(1.7305, device='cuda:0'), 'lr': 0.026689025029053282, 'train/prefecth_time': 0.08720182037353516, 'train/run_time': 0.11669513702392578, 'eval/loss': tensor(1.1786, device='cuda:0'), 'eval/top-1-acc': 0.6319, 'eval/top-5-acc': np.float64(0.9521)}, BEST_EVAL_ACC: 0.633, at 6600 iters
[2025-06-11 14:04:50,793 INFO] confusion matrix:
[[0.754 0.037 0.017 0.02  0.005 0.031 0.006 0.016 0.073 0.041]
 [0.025 0.87  0.001 0.006 0.003 0.013 0.001 0.002 0.011 0.068]
 [0.145 0.007 0.397 0.058 0.065 0.166 0.125 0.012 0.014 0.011]
 [0.063 0.006 0.059 0.355 0.025 0.334 0.084 0.033 0.015 0.026]
 [0.082 0.005 0.059 0.044 0.509 0.082 0.128 0.077 0.01  0.004]
 [0.02  0.004 0.071 0.219 0.034 0.594 0.018 0.031 0.004 0.005]
 [0.012 0.002 0.05  0.114 0.015 0.077 0.715 0.003 0.011 0.001]
 [0.036 0.004 0.028 0.038 0.08  0.148 0.008 0.641 0.001 0.016]
 [0.269 0.032 0.008 0.009 0.002 0.02  0.004 0.002 0.622 0.032]
 [0.044 0.071 0.006 0.006 0.002 0.009 0.    0.004 0.008 0.85 ]]
[2025-06-11 14:04:50,798 INFO] 7000 iteration, USE_EMA: True, {'train/sup_loss': tensor(0.4396, device='cuda:0'), 'train/unsup_loss': tensor(0.0067, device='cuda:0'), 'train/total_loss': tensor(1.0263, device='cuda:0'), 'lr': 0.026594244447934293, 'train/prefecth_time': 0.12266851043701171, 'train/run_time': 0.12016982269287109, 'eval/loss': tensor(1.1855, device='cuda:0'), 'eval/top-1-acc': 0.6307, 'eval/top-5-acc': np.float64(0.9512)}, BEST_EVAL_ACC: 0.633, at 6600 iters
[2025-06-11 14:05:16,154 INFO] confusion matrix:
[[0.761 0.037 0.012 0.019 0.005 0.029 0.008 0.014 0.072 0.043]
 [0.024 0.871 0.001 0.006 0.003 0.012 0.001 0.002 0.01  0.07 ]
 [0.145 0.005 0.397 0.059 0.068 0.163 0.123 0.014 0.013 0.013]
 [0.067 0.005 0.06  0.359 0.024 0.327 0.083 0.032 0.016 0.027]
 [0.085 0.005 0.056 0.047 0.512 0.077 0.126 0.078 0.01  0.004]
 [0.021 0.004 0.075 0.217 0.036 0.584 0.018 0.035 0.004 0.006]
 [0.011 0.003 0.05  0.115 0.015 0.075 0.714 0.004 0.011 0.002]
 [0.036 0.005 0.028 0.039 0.079 0.144 0.008 0.645 0.001 0.015]
 [0.264 0.03  0.008 0.008 0.002 0.02  0.004 0.002 0.628 0.034]
 [0.042 0.067 0.006 0.006 0.002 0.009 0.    0.004 0.007 0.857]]
[2025-06-11 14:05:16,159 INFO] 7100 iteration, USE_EMA: True, {'train/sup_loss': tensor(1.3195, device='cuda:0'), 'train/unsup_loss': tensor(0.0161, device='cuda:0'), 'train/total_loss': tensor(2.7507, device='cuda:0'), 'lr': 0.026498207889440968, 'train/prefecth_time': 0.13150250244140624, 'train/run_time': 0.11829350280761719, 'eval/loss': tensor(1.1775, device='cuda:0'), 'eval/top-1-acc': 0.6328, 'eval/top-5-acc': np.float64(0.9524)}, BEST_EVAL_ACC: 0.633, at 6600 iters
[2025-06-11 14:05:41,407 INFO] confusion matrix:
[[0.773 0.037 0.011 0.018 0.005 0.027 0.006 0.014 0.068 0.041]
 [0.025 0.875 0.001 0.006 0.003 0.012 0.001 0.002 0.01  0.065]
 [0.155 0.006 0.397 0.057 0.065 0.162 0.122 0.008 0.015 0.013]
 [0.07  0.005 0.06  0.359 0.023 0.324 0.082 0.032 0.017 0.028]
 [0.086 0.006 0.056 0.043 0.511 0.079 0.126 0.08  0.009 0.004]
 [0.025 0.004 0.072 0.22  0.035 0.587 0.017 0.031 0.004 0.005]
 [0.015 0.003 0.051 0.111 0.015 0.074 0.714 0.002 0.012 0.003]
 [0.036 0.005 0.029 0.037 0.079 0.146 0.008 0.642 0.001 0.017]
 [0.273 0.031 0.008 0.008 0.002 0.019 0.004 0.002 0.617 0.036]
 [0.045 0.07  0.006 0.006 0.002 0.009 0.    0.004 0.007 0.851]]
[2025-06-11 14:05:41,412 INFO] 7200 iteration, USE_EMA: True, {'train/sup_loss': tensor(0.2645, device='cuda:0'), 'train/unsup_loss': tensor(0.0073, device='cuda:0'), 'train/total_loss': tensor(0.9214, device='cuda:0'), 'lr': 0.026400919889131548, 'train/prefecth_time': 0.14538829040527343, 'train/run_time': 0.11730115509033204, 'eval/loss': tensor(1.1827, device='cuda:0'), 'eval/top-1-acc': 0.6326, 'eval/top-5-acc': np.float64(0.951)}, BEST_EVAL_ACC: 0.633, at 6600 iters
[2025-06-11 14:06:06,577 INFO] confusion matrix:
[[0.781 0.036 0.009 0.018 0.005 0.027 0.009 0.012 0.064 0.039]
 [0.025 0.878 0.001 0.006 0.003 0.012 0.001 0.002 0.01  0.062]
 [0.154 0.005 0.395 0.056 0.067 0.165 0.12  0.01  0.015 0.013]
 [0.069 0.006 0.059 0.356 0.023 0.331 0.081 0.031 0.017 0.027]
 [0.084 0.005 0.057 0.043 0.514 0.083 0.124 0.077 0.009 0.004]
 [0.024 0.004 0.068 0.217 0.037 0.592 0.016 0.032 0.004 0.006]
 [0.014 0.003 0.049 0.111 0.014 0.071 0.717 0.004 0.014 0.003]
 [0.039 0.003 0.028 0.039 0.075 0.147 0.008 0.647 0.001 0.013]
 [0.279 0.032 0.008 0.008 0.002 0.019 0.004 0.002 0.611 0.035]
 [0.046 0.073 0.006 0.005 0.002 0.009 0.    0.004 0.006 0.849]]
[2025-06-11 14:06:06,582 INFO] 7300 iteration, USE_EMA: True, {'train/sup_loss': tensor(1.1890, device='cuda:0'), 'train/unsup_loss': tensor(0.0147, device='cuda:0'), 'train/total_loss': tensor(2.5346, device='cuda:0'), 'lr': 0.026302385041666636, 'train/prefecth_time': 0.0890982437133789, 'train/run_time': 0.11668287658691406, 'eval/loss': tensor(1.1881, device='cuda:0'), 'eval/top-1-acc': 0.634, 'eval/top-5-acc': np.float64(0.9514)}, BEST_EVAL_ACC: 0.634, at 7300 iters
[2025-06-11 14:06:31,641 INFO] confusion matrix:
[[0.786 0.037 0.012 0.017 0.005 0.027 0.008 0.012 0.056 0.04 ]
 [0.025 0.881 0.001 0.006 0.002 0.012 0.001 0.002 0.01  0.06 ]
 [0.152 0.005 0.394 0.056 0.067 0.169 0.118 0.012 0.012 0.015]
 [0.071 0.005 0.063 0.358 0.022 0.329 0.079 0.031 0.015 0.027]
 [0.084 0.005 0.057 0.042 0.511 0.083 0.121 0.084 0.008 0.005]
 [0.024 0.004 0.067 0.209 0.033 0.603 0.014 0.035 0.004 0.007]
 [0.014 0.003 0.049 0.114 0.014 0.071 0.717 0.004 0.011 0.003]
 [0.038 0.003 0.028 0.036 0.069 0.149 0.009 0.653 0.001 0.014]
 [0.287 0.032 0.008 0.008 0.002 0.018 0.004 0.002 0.605 0.034]
 [0.045 0.074 0.006 0.007 0.002 0.009 0.    0.004 0.006 0.847]]
[2025-06-11 14:06:31,650 INFO] 7400 iteration, USE_EMA: True, {'train/sup_loss': tensor(0.2759, device='cuda:0'), 'train/unsup_loss': tensor(0.0054, device='cuda:0'), 'train/total_loss': tensor(0.7714, device='cuda:0'), 'lr': 0.026202608000592202, 'train/prefecth_time': 0.09181139373779297, 'train/run_time': 0.11677433776855468, 'eval/loss': tensor(1.1840, device='cuda:0'), 'eval/top-1-acc': 0.6355, 'eval/top-5-acc': np.float64(0.9524)}, BEST_EVAL_ACC: 0.6355, at 7400 iters
[2025-06-11 14:06:56,718 INFO] confusion matrix:
[[0.787 0.036 0.01  0.017 0.006 0.03  0.008 0.012 0.055 0.039]
 [0.023 0.886 0.001 0.006 0.002 0.013 0.001 0.002 0.012 0.054]
 [0.155 0.003 0.395 0.053 0.068 0.174 0.116 0.011 0.012 0.013]
 [0.073 0.006 0.058 0.353 0.019 0.339 0.081 0.03  0.014 0.027]
 [0.085 0.005 0.052 0.042 0.511 0.087 0.122 0.085 0.007 0.004]
 [0.026 0.005 0.066 0.205 0.032 0.608 0.014 0.034 0.004 0.006]
 [0.015 0.003 0.047 0.112 0.013 0.071 0.722 0.002 0.012 0.003]
 [0.036 0.003 0.026 0.035 0.067 0.157 0.01  0.652 0.001 0.013]
 [0.294 0.033 0.008 0.009 0.002 0.018 0.004 0.002 0.597 0.033]
 [0.045 0.077 0.005 0.008 0.002 0.009 0.    0.003 0.007 0.844]]
[2025-06-11 14:06:56,725 INFO] 7500 iteration, USE_EMA: True, {'train/sup_loss': tensor(0.7810, device='cuda:0'), 'train/unsup_loss': tensor(0.0048, device='cuda:0'), 'train/total_loss': tensor(1.2331, device='cuda:0'), 'lr': 0.0261015934781198, 'train/prefecth_time': 0.09336966705322265, 'train/run_time': 0.11518310546875, 'eval/loss': tensor(1.1914, device='cuda:0'), 'eval/top-1-acc': 0.6355, 'eval/top-5-acc': np.float64(0.9529)}, BEST_EVAL_ACC: 0.6355, at 7400 iters
[2025-06-11 14:07:21,812 INFO] confusion matrix:
[[0.785 0.038 0.013 0.016 0.006 0.029 0.006 0.012 0.058 0.037]
 [0.022 0.887 0.001 0.006 0.003 0.013 0.001 0.002 0.012 0.053]
 [0.155 0.004 0.41  0.053 0.065 0.164 0.116 0.012 0.01  0.011]
 [0.072 0.005 0.065 0.359 0.021 0.325 0.083 0.029 0.015 0.026]
 [0.085 0.005 0.052 0.045 0.506 0.084 0.124 0.089 0.007 0.003]
 [0.025 0.006 0.066 0.209 0.033 0.602 0.014 0.034 0.004 0.007]
 [0.016 0.003 0.049 0.108 0.013 0.067 0.724 0.003 0.014 0.003]
 [0.036 0.003 0.028 0.036 0.066 0.153 0.012 0.652 0.001 0.013]
 [0.295 0.032 0.008 0.009 0.002 0.017 0.004 0.002 0.596 0.035]
 [0.044 0.084 0.006 0.006 0.002 0.007 0.    0.003 0.006 0.842]]
[2025-06-11 14:07:21,818 INFO] 7600 iteration, USE_EMA: True, {'train/sup_loss': tensor(1.1416, device='cuda:0'), 'train/unsup_loss': tensor(0.0128, device='cuda:0'), 'train/total_loss': tensor(2.3548, device='cuda:0'), 'lr': 0.025999346244904034, 'train/prefecth_time': 0.08796236419677735, 'train/run_time': 0.11562633514404297, 'eval/loss': tensor(1.1864, device='cuda:0'), 'eval/top-1-acc': 0.6363, 'eval/top-5-acc': np.float64(0.9538)}, BEST_EVAL_ACC: 0.6363, at 7600 iters
[2025-06-11 14:07:46,734 INFO] confusion matrix:
[[0.789 0.034 0.012 0.017 0.006 0.029 0.009 0.012 0.053 0.039]
 [0.027 0.881 0.001 0.006 0.002 0.014 0.001 0.002 0.012 0.054]
 [0.154 0.004 0.409 0.052 0.068 0.164 0.116 0.012 0.01  0.011]
 [0.072 0.006 0.068 0.364 0.023 0.312 0.083 0.031 0.015 0.026]
 [0.083 0.005 0.052 0.041 0.522 0.084 0.116 0.088 0.006 0.003]
 [0.023 0.005 0.068 0.213 0.035 0.597 0.015 0.034 0.003 0.007]
 [0.016 0.002 0.046 0.115 0.014 0.063 0.725 0.002 0.015 0.002]
 [0.034 0.003 0.032 0.033 0.065 0.151 0.01  0.658 0.001 0.013]
 [0.298 0.031 0.008 0.009 0.002 0.017 0.004 0.002 0.595 0.034]
 [0.044 0.085 0.006 0.006 0.002 0.009 0.    0.003 0.006 0.839]]
[2025-06-11 14:07:46,739 INFO] 7700 iteration, USE_EMA: True, {'train/sup_loss': tensor(1.0230, device='cuda:0'), 'train/unsup_loss': tensor(0.0089, device='cuda:0'), 'train/total_loss': tensor(1.8825, device='cuda:0'), 'lr': 0.025895871129817248, 'train/prefecth_time': 0.08784710693359375, 'train/run_time': 0.11630387115478516, 'eval/loss': tensor(1.1828, device='cuda:0'), 'eval/top-1-acc': 0.6379, 'eval/top-5-acc': np.float64(0.9538)}, BEST_EVAL_ACC: 0.6379, at 7700 iters
[2025-06-11 14:08:11,964 INFO] confusion matrix:
[[0.788 0.036 0.012 0.018 0.006 0.03  0.007 0.01  0.052 0.041]
 [0.026 0.882 0.001 0.006 0.002 0.013 0.001 0.002 0.012 0.055]
 [0.155 0.004 0.411 0.051 0.066 0.161 0.116 0.011 0.013 0.012]
 [0.071 0.006 0.066 0.371 0.023 0.308 0.083 0.03  0.016 0.026]
 [0.081 0.005 0.051 0.04  0.518 0.083 0.121 0.089 0.008 0.004]
 [0.024 0.005 0.068 0.211 0.035 0.596 0.016 0.034 0.003 0.008]
 [0.015 0.002 0.046 0.115 0.013 0.062 0.727 0.002 0.016 0.002]
 [0.032 0.003 0.028 0.036 0.068 0.153 0.01  0.656 0.001 0.013]
 [0.29  0.031 0.009 0.006 0.002 0.017 0.004 0.003 0.602 0.036]
 [0.046 0.084 0.005 0.006 0.002 0.008 0.    0.003 0.004 0.842]]
[2025-06-11 14:08:11,969 INFO] 7800 iteration, USE_EMA: True, {'train/sup_loss': tensor(1.2131, device='cuda:0'), 'train/unsup_loss': tensor(0.0182, device='cuda:0'), 'train/total_loss': tensor(2.9895, device='cuda:0'), 'lr': 0.02579117301972147, 'train/prefecth_time': 0.09523519897460937, 'train/run_time': 0.11610441589355469, 'eval/loss': tensor(1.1749, device='cuda:0'), 'eval/top-1-acc': 0.6393, 'eval/top-5-acc': np.float64(0.9533)}, BEST_EVAL_ACC: 0.6393, at 7800 iters
[2025-06-11 14:08:37,170 INFO] confusion matrix:
[[0.789 0.032 0.012 0.017 0.006 0.028 0.008 0.01  0.055 0.043]
 [0.025 0.886 0.001 0.005 0.002 0.012 0.001 0.002 0.012 0.054]
 [0.151 0.003 0.422 0.052 0.068 0.153 0.115 0.011 0.013 0.012]
 [0.073 0.006 0.069 0.372 0.023 0.3   0.084 0.029 0.017 0.027]
 [0.08  0.005 0.054 0.042 0.514 0.078 0.125 0.09  0.008 0.004]
 [0.025 0.005 0.071 0.214 0.033 0.591 0.017 0.032 0.004 0.008]
 [0.013 0.002 0.051 0.112 0.013 0.058 0.73  0.002 0.017 0.002]
 [0.032 0.003 0.031 0.035 0.07  0.15  0.011 0.654 0.001 0.013]
 [0.291 0.031 0.009 0.007 0.002 0.016 0.004 0.003 0.602 0.035]
 [0.043 0.081 0.005 0.005 0.002 0.007 0.    0.003 0.005 0.849]]
[2025-06-11 14:08:37,176 INFO] 7900 iteration, USE_EMA: True, {'train/sup_loss': tensor(1.5043, device='cuda:0'), 'train/unsup_loss': tensor(0.0214, device='cuda:0'), 'train/total_loss': tensor(3.6206, device='cuda:0'), 'lr': 0.025685256859237626, 'train/prefecth_time': 0.09710384368896484, 'train/run_time': 0.11621164703369141, 'eval/loss': tensor(1.1690, device='cuda:0'), 'eval/top-1-acc': 0.6409, 'eval/top-5-acc': np.float64(0.9537)}, BEST_EVAL_ACC: 0.6409, at 7900 iters
[2025-06-11 14:09:02,134 INFO] confusion matrix:
[[0.783 0.032 0.016 0.017 0.006 0.03  0.006 0.009 0.059 0.042]
 [0.023 0.886 0.001 0.006 0.002 0.012 0.001 0.002 0.013 0.054]
 [0.151 0.003 0.429 0.051 0.07  0.153 0.112 0.008 0.013 0.01 ]
 [0.071 0.006 0.07  0.382 0.024 0.292 0.082 0.03  0.018 0.025]
 [0.081 0.005 0.053 0.043 0.528 0.074 0.117 0.087 0.008 0.004]
 [0.022 0.005 0.073 0.228 0.034 0.578 0.017 0.03  0.004 0.009]
 [0.01  0.002 0.05  0.115 0.013 0.054 0.734 0.002 0.019 0.001]
 [0.033 0.003 0.034 0.032 0.076 0.147 0.01  0.652 0.001 0.012]
 [0.278 0.031 0.01  0.008 0.002 0.016 0.004 0.003 0.611 0.037]
 [0.039 0.082 0.006 0.005 0.002 0.007 0.    0.003 0.005 0.851]]
[2025-06-11 14:09:02,139 INFO] 8000 iteration, USE_EMA: True, {'train/sup_loss': tensor(1.1814, device='cuda:0'), 'train/unsup_loss': tensor(0.0119, device='cuda:0'), 'train/total_loss': tensor(2.3738, device='cuda:0'), 'lr': 0.025578127650511987, 'train/prefecth_time': 0.09242662048339843, 'train/run_time': 0.11612745666503907, 'eval/loss': tensor(1.1644, device='cuda:0'), 'eval/top-1-acc': 0.6434, 'eval/top-5-acc': np.float64(0.9547)}, BEST_EVAL_ACC: 0.6434, at 8000 iters
[2025-06-11 14:09:27,104 INFO] confusion matrix:
[[0.782 0.032 0.016 0.016 0.007 0.028 0.007 0.012 0.058 0.042]
 [0.021 0.889 0.001 0.006 0.002 0.012 0.001 0.002 0.012 0.054]
 [0.143 0.002 0.443 0.048 0.073 0.143 0.115 0.011 0.011 0.011]
 [0.071 0.006 0.072 0.38  0.025 0.289 0.084 0.032 0.017 0.024]
 [0.079 0.005 0.053 0.041 0.524 0.07  0.121 0.096 0.008 0.003]
 [0.021 0.005 0.081 0.22  0.034 0.575 0.017 0.033 0.005 0.009]
 [0.012 0.002 0.052 0.113 0.014 0.053 0.733 0.003 0.017 0.001]
 [0.031 0.003 0.034 0.029 0.071 0.141 0.01  0.667 0.001 0.013]
 [0.28  0.031 0.01  0.007 0.002 0.017 0.004 0.003 0.608 0.038]
 [0.036 0.086 0.009 0.003 0.004 0.007 0.    0.004 0.005 0.846]]
[2025-06-11 14:09:27,108 INFO] 8100 iteration, USE_EMA: True, {'train/sup_loss': tensor(0.8958, device='cuda:0'), 'train/unsup_loss': tensor(0.0063, device='cuda:0'), 'train/total_loss': tensor(1.5306, device='cuda:0'), 'lr': 0.02546979045297999, 'train/prefecth_time': 0.08674908447265625, 'train/run_time': 0.1157201919555664, 'eval/loss': tensor(1.1628, device='cuda:0'), 'eval/top-1-acc': 0.6447, 'eval/top-5-acc': np.float64(0.9538)}, BEST_EVAL_ACC: 0.6447, at 8100 iters
[2025-06-11 14:09:52,127 INFO] confusion matrix:
[[0.783 0.03  0.015 0.015 0.006 0.028 0.008 0.012 0.058 0.045]
 [0.02  0.89  0.001 0.005 0.002 0.012 0.001 0.002 0.012 0.055]
 [0.146 0.002 0.44  0.047 0.074 0.144 0.118 0.01  0.01  0.009]
 [0.072 0.007 0.074 0.382 0.025 0.289 0.081 0.031 0.014 0.025]
 [0.076 0.004 0.051 0.04  0.533 0.07  0.121 0.093 0.008 0.004]
 [0.018 0.005 0.087 0.217 0.036 0.573 0.019 0.032 0.004 0.009]
 [0.013 0.002 0.053 0.121 0.015 0.05  0.73  0.002 0.013 0.001]
 [0.03  0.003 0.036 0.029 0.074 0.142 0.01  0.662 0.001 0.013]
 [0.279 0.031 0.01  0.007 0.002 0.017 0.004 0.003 0.604 0.043]
 [0.036 0.082 0.009 0.003 0.004 0.007 0.    0.004 0.005 0.85 ]]
[2025-06-11 14:09:52,132 INFO] 8200 iteration, USE_EMA: True, {'train/sup_loss': tensor(1.1439, device='cuda:0'), 'train/unsup_loss': tensor(0.0121, device='cuda:0'), 'train/total_loss': tensor(2.3560, device='cuda:0'), 'lr': 0.025360250383127225, 'train/prefecth_time': 0.13169049072265626, 'train/run_time': 0.11587776184082031, 'eval/loss': tensor(1.1656, device='cuda:0'), 'eval/top-1-acc': 0.6447, 'eval/top-5-acc': np.float64(0.9544)}, BEST_EVAL_ACC: 0.6447, at 8100 iters
[2025-06-11 14:10:17,372 INFO] confusion matrix:
[[0.777 0.03  0.015 0.015 0.007 0.027 0.011 0.011 0.061 0.046]
 [0.02  0.894 0.    0.004 0.002 0.012 0.    0.002 0.012 0.054]
 [0.133 0.001 0.437 0.049 0.078 0.145 0.125 0.011 0.01  0.011]
 [0.065 0.006 0.072 0.378 0.032 0.289 0.084 0.032 0.016 0.026]
 [0.073 0.004 0.051 0.04  0.549 0.067 0.118 0.086 0.008 0.004]
 [0.019 0.004 0.084 0.21  0.043 0.575 0.02  0.033 0.005 0.007]
 [0.011 0.002 0.053 0.114 0.018 0.047 0.737 0.004 0.013 0.001]
 [0.03  0.003 0.035 0.028 0.076 0.141 0.01  0.661 0.001 0.015]
 [0.266 0.031 0.01  0.006 0.002 0.016 0.006 0.002 0.618 0.043]
 [0.036 0.083 0.01  0.003 0.004 0.007 0.    0.004 0.005 0.848]]
[2025-06-11 14:10:17,377 INFO] 8300 iteration, USE_EMA: True, {'train/sup_loss': tensor(1.2960, device='cuda:0'), 'train/unsup_loss': tensor(0.0163, device='cuda:0'), 'train/total_loss': tensor(2.9235, device='cuda:0'), 'lr': 0.02524951261424786, 'train/prefecth_time': 0.12323638153076172, 'train/run_time': 0.11697235107421874, 'eval/loss': tensor(1.1593, device='cuda:0'), 'eval/top-1-acc': 0.6474, 'eval/top-5-acc': np.float64(0.9548)}, BEST_EVAL_ACC: 0.6474, at 8300 iters
[2025-06-11 14:10:42,456 INFO] confusion matrix:
[[0.765 0.029 0.017 0.015 0.007 0.028 0.012 0.011 0.069 0.047]
 [0.019 0.893 0.    0.004 0.002 0.012 0.    0.002 0.013 0.055]
 [0.134 0.002 0.438 0.047 0.079 0.145 0.126 0.01  0.011 0.008]
 [0.063 0.006 0.077 0.374 0.032 0.287 0.086 0.032 0.017 0.026]
 [0.073 0.004 0.054 0.036 0.552 0.065 0.115 0.088 0.009 0.004]
 [0.018 0.005 0.085 0.205 0.047 0.579 0.018 0.031 0.005 0.007]
 [0.009 0.003 0.052 0.106 0.018 0.051 0.739 0.006 0.015 0.001]
 [0.029 0.003 0.035 0.029 0.076 0.139 0.01  0.662 0.001 0.016]
 [0.257 0.03  0.011 0.006 0.003 0.016 0.006 0.003 0.631 0.037]
 [0.033 0.086 0.01  0.003 0.004 0.007 0.    0.005 0.006 0.846]]
[2025-06-11 14:10:42,461 INFO] 8400 iteration, USE_EMA: True, {'train/sup_loss': tensor(0.1318, device='cuda:0'), 'train/unsup_loss': tensor(0.0070, device='cuda:0'), 'train/total_loss': tensor(0.8285, device='cuda:0'), 'lr': 0.02513758237620026, 'train/prefecth_time': 0.11656768035888672, 'train/run_time': 0.11695545959472656, 'eval/loss': tensor(1.1587, device='cuda:0'), 'eval/top-1-acc': 0.6479, 'eval/top-5-acc': np.float64(0.9545)}, BEST_EVAL_ACC: 0.6479, at 8400 iters
[2025-06-11 14:11:07,819 INFO] confusion matrix:
[[0.763 0.03  0.017 0.016 0.006 0.028 0.012 0.012 0.071 0.045]
 [0.019 0.894 0.    0.005 0.002 0.013 0.    0.002 0.011 0.054]
 [0.132 0.004 0.437 0.048 0.079 0.144 0.123 0.013 0.011 0.009]
 [0.06  0.006 0.08  0.38  0.033 0.281 0.086 0.03  0.017 0.027]
 [0.073 0.004 0.056 0.035 0.547 0.063 0.115 0.094 0.009 0.004]
 [0.018 0.005 0.089 0.211 0.042 0.569 0.02  0.033 0.006 0.007]
 [0.009 0.002 0.053 0.11  0.018 0.048 0.741 0.006 0.012 0.001]
 [0.027 0.003 0.035 0.031 0.075 0.135 0.009 0.668 0.002 0.015]
 [0.256 0.027 0.011 0.005 0.003 0.016 0.006 0.003 0.637 0.036]
 [0.034 0.088 0.01  0.005 0.004 0.007 0.    0.004 0.007 0.841]]
[2025-06-11 14:11:07,824 INFO] 8500 iteration, USE_EMA: True, {'train/sup_loss': tensor(0.1870, device='cuda:0'), 'train/unsup_loss': tensor(0.0035, device='cuda:0'), 'train/total_loss': tensor(0.5420, device='cuda:0'), 'lr': 0.02502446495516005, 'train/prefecth_time': 0.09025424194335938, 'train/run_time': 0.11586579132080078, 'eval/loss': tensor(1.1630, device='cuda:0'), 'eval/top-1-acc': 0.6477, 'eval/top-5-acc': np.float64(0.9532)}, BEST_EVAL_ACC: 0.6479, at 8400 iters
[2025-06-11 14:11:33,037 INFO] confusion matrix:
[[0.766 0.028 0.014 0.017 0.006 0.028 0.012 0.012 0.071 0.046]
 [0.018 0.901 0.    0.004 0.002 0.012 0.    0.002 0.011 0.05 ]
 [0.13  0.004 0.439 0.044 0.081 0.147 0.12  0.015 0.011 0.009]
 [0.058 0.008 0.082 0.379 0.035 0.284 0.082 0.029 0.016 0.027]
 [0.074 0.004 0.054 0.037 0.553 0.066 0.105 0.095 0.009 0.003]
 [0.018 0.005 0.089 0.209 0.042 0.574 0.017 0.034 0.005 0.007]
 [0.009 0.002 0.053 0.107 0.015 0.055 0.742 0.005 0.01  0.002]
 [0.028 0.003 0.034 0.031 0.074 0.134 0.009 0.67  0.002 0.015]
 [0.259 0.032 0.01  0.006 0.003 0.015 0.007 0.002 0.635 0.031]
 [0.033 0.091 0.01  0.005 0.004 0.007 0.    0.003 0.007 0.84 ]]
[2025-06-11 14:11:33,042 INFO] 8600 iteration, USE_EMA: True, {'train/sup_loss': tensor(1.5863, device='cuda:0'), 'train/unsup_loss': tensor(0.0213, device='cuda:0'), 'train/total_loss': tensor(3.7186, device='cuda:0'), 'lr': 0.024910165693370425, 'train/prefecth_time': 0.08684140777587891, 'train/run_time': 0.11549353790283202, 'eval/loss': tensor(1.1582, device='cuda:0'), 'eval/top-1-acc': 0.6499, 'eval/top-5-acc': np.float64(0.954)}, BEST_EVAL_ACC: 0.6499, at 8600 iters
[2025-06-11 14:11:57,978 INFO] confusion matrix:
[[0.759 0.029 0.014 0.018 0.006 0.03  0.011 0.011 0.077 0.045]
 [0.018 0.901 0.001 0.004 0.002 0.011 0.    0.002 0.01  0.051]
 [0.132 0.004 0.435 0.049 0.09  0.141 0.113 0.016 0.011 0.009]
 [0.057 0.008 0.082 0.396 0.034 0.276 0.074 0.03  0.016 0.027]
 [0.076 0.004 0.051 0.037 0.565 0.065 0.098 0.091 0.01  0.003]
 [0.019 0.005 0.087 0.217 0.038 0.572 0.015 0.035 0.005 0.007]
 [0.008 0.003 0.056 0.112 0.016 0.055 0.736 0.004 0.008 0.002]
 [0.03  0.003 0.033 0.031 0.076 0.132 0.009 0.668 0.002 0.016]
 [0.251 0.031 0.01  0.006 0.003 0.015 0.007 0.003 0.643 0.031]
 [0.032 0.09  0.01  0.005 0.004 0.007 0.    0.002 0.008 0.842]]
[2025-06-11 14:11:57,985 INFO] 8700 iteration, USE_EMA: True, {'train/sup_loss': tensor(0.9875, device='cuda:0'), 'train/unsup_loss': tensor(0.0106, device='cuda:0'), 'train/total_loss': tensor(2.0461, device='cuda:0'), 'lr': 0.02479468998888986, 'train/prefecth_time': 0.09032089233398438, 'train/run_time': 0.11582262420654296, 'eval/loss': tensor(1.1566, device='cuda:0'), 'eval/top-1-acc': 0.6517, 'eval/top-5-acc': np.float64(0.9547)}, BEST_EVAL_ACC: 0.6517, at 8700 iters
[2025-06-11 14:12:22,709 INFO] confusion matrix:
[[0.755 0.029 0.019 0.018 0.006 0.03  0.011 0.012 0.077 0.043]
 [0.018 0.906 0.001 0.004 0.002 0.01  0.    0.002 0.01  0.047]
 [0.133 0.005 0.436 0.049 0.087 0.14  0.115 0.017 0.01  0.008]
 [0.059 0.009 0.08  0.404 0.033 0.271 0.073 0.029 0.016 0.026]
 [0.075 0.004 0.048 0.037 0.566 0.068 0.1   0.089 0.01  0.003]
 [0.019 0.005 0.085 0.217 0.041 0.57  0.016 0.036 0.004 0.007]
 [0.009 0.002 0.054 0.115 0.015 0.056 0.735 0.004 0.008 0.002]
 [0.028 0.002 0.037 0.03  0.076 0.135 0.008 0.666 0.002 0.016]
 [0.26  0.03  0.01  0.006 0.003 0.015 0.007 0.003 0.634 0.032]
 [0.032 0.102 0.01  0.005 0.004 0.007 0.    0.002 0.009 0.829]]
[2025-06-11 14:12:22,719 INFO] 8800 iteration, USE_EMA: True, {'train/sup_loss': tensor(0.5524, device='cuda:0'), 'train/unsup_loss': tensor(0.0070, device='cuda:0'), 'train/total_loss': tensor(1.2565, device='cuda:0'), 'lr': 0.024678043295337182, 'train/prefecth_time': 0.08638384246826172, 'train/run_time': 0.115653564453125, 'eval/loss': tensor(1.1558, device='cuda:0'), 'eval/top-1-acc': 0.6501, 'eval/top-5-acc': np.float64(0.9552)}, BEST_EVAL_ACC: 0.6517, at 8700 iters
[2025-06-11 14:12:47,501 INFO] confusion matrix:
[[0.763 0.029 0.013 0.019 0.006 0.028 0.012 0.012 0.075 0.043]
 [0.019 0.904 0.001 0.003 0.002 0.01  0.    0.002 0.011 0.048]
 [0.131 0.006 0.439 0.047 0.086 0.135 0.116 0.02  0.011 0.009]
 [0.054 0.008 0.082 0.404 0.033 0.271 0.072 0.034 0.016 0.026]
 [0.076 0.005 0.051 0.039 0.564 0.064 0.098 0.092 0.008 0.003]
 [0.018 0.005 0.089 0.217 0.041 0.564 0.015 0.04  0.004 0.007]
 [0.01  0.003 0.059 0.111 0.015 0.051 0.736 0.006 0.007 0.002]
 [0.03  0.002 0.037 0.027 0.074 0.128 0.009 0.676 0.002 0.015]
 [0.268 0.028 0.011 0.006 0.003 0.015 0.006 0.003 0.627 0.033]
 [0.031 0.095 0.01  0.005 0.004 0.006 0.    0.002 0.009 0.838]]
[2025-06-11 14:12:47,509 INFO] 8900 iteration, USE_EMA: True, {'train/sup_loss': tensor(0.7447, device='cuda:0'), 'train/unsup_loss': tensor(0.0050, device='cuda:0'), 'train/total_loss': tensor(1.2433, device='cuda:0'), 'lr': 0.024560231121633996, 'train/prefecth_time': 0.09005062103271484, 'train/run_time': 0.11545458984375, 'eval/loss': tensor(1.1548, device='cuda:0'), 'eval/top-1-acc': 0.6515, 'eval/top-5-acc': np.float64(0.954)}, BEST_EVAL_ACC: 0.6517, at 8700 iters
[2025-06-11 14:13:12,443 INFO] confusion matrix:
[[0.758 0.027 0.013 0.019 0.007 0.028 0.011 0.012 0.081 0.044]
 [0.018 0.904 0.001 0.003 0.002 0.011 0.    0.002 0.011 0.048]
 [0.132 0.004 0.434 0.046 0.083 0.141 0.119 0.018 0.014 0.009]
 [0.056 0.009 0.083 0.387 0.031 0.281 0.075 0.033 0.015 0.03 ]
 [0.076 0.006 0.051 0.038 0.56  0.065 0.104 0.091 0.007 0.002]
 [0.018 0.006 0.087 0.211 0.04  0.573 0.014 0.039 0.005 0.007]
 [0.009 0.003 0.055 0.109 0.015 0.055 0.738 0.005 0.009 0.002]
 [0.03  0.002 0.034 0.026 0.074 0.128 0.009 0.681 0.002 0.014]
 [0.263 0.027 0.009 0.006 0.003 0.015 0.007 0.002 0.634 0.034]
 [0.032 0.088 0.01  0.006 0.003 0.006 0.    0.002 0.01  0.843]]
[2025-06-11 14:13:12,447 INFO] 9000 iteration, USE_EMA: True, {'train/sup_loss': tensor(1.6281, device='cuda:0'), 'train/unsup_loss': tensor(0.0227, device='cuda:0'), 'train/total_loss': tensor(3.9022, device='cuda:0'), 'lr': 0.024441259031744527, 'train/prefecth_time': 0.08748079681396484, 'train/run_time': 0.11606018829345703, 'eval/loss': tensor(1.1558, device='cuda:0'), 'eval/top-1-acc': 0.6512, 'eval/top-5-acc': np.float64(0.9531)}, BEST_EVAL_ACC: 0.6517, at 8700 iters
[2025-06-11 14:13:37,648 INFO] confusion matrix:
[[0.755 0.027 0.012 0.019 0.007 0.028 0.011 0.011 0.084 0.046]
 [0.017 0.901 0.002 0.003 0.002 0.011 0.    0.002 0.011 0.051]
 [0.135 0.003 0.43  0.047 0.082 0.146 0.116 0.018 0.014 0.009]
 [0.059 0.008 0.082 0.383 0.029 0.288 0.075 0.032 0.016 0.028]
 [0.075 0.005 0.052 0.039 0.55  0.067 0.108 0.093 0.009 0.002]
 [0.019 0.006 0.088 0.212 0.036 0.577 0.014 0.035 0.006 0.007]
 [0.012 0.004 0.056 0.109 0.013 0.054 0.735 0.005 0.009 0.003]
 [0.028 0.002 0.037 0.026 0.072 0.128 0.009 0.684 0.002 0.012]
 [0.254 0.026 0.01  0.006 0.003 0.015 0.006 0.002 0.645 0.033]
 [0.032 0.085 0.011 0.004 0.003 0.008 0.    0.002 0.01  0.845]]
[2025-06-11 14:13:37,653 INFO] 9100 iteration, USE_EMA: True, {'train/sup_loss': tensor(0.2686, device='cuda:0'), 'train/unsup_loss': tensor(0.0041, device='cuda:0'), 'train/total_loss': tensor(0.6816, device='cuda:0'), 'lr': 0.02432113264441283, 'train/prefecth_time': 0.09272195434570313, 'train/run_time': 0.11613359832763671, 'eval/loss': tensor(1.1602, device='cuda:0'), 'eval/top-1-acc': 0.6505, 'eval/top-5-acc': np.float64(0.9524)}, BEST_EVAL_ACC: 0.6517, at 8700 iters
[2025-06-11 14:14:03,032 INFO] confusion matrix:
[[0.751 0.026 0.01  0.021 0.007 0.029 0.011 0.012 0.085 0.048]
 [0.016 0.9   0.002 0.003 0.001 0.011 0.    0.002 0.01  0.055]
 [0.141 0.003 0.424 0.05  0.082 0.144 0.116 0.018 0.014 0.008]
 [0.055 0.009 0.078 0.385 0.03  0.287 0.076 0.032 0.018 0.03 ]
 [0.078 0.004 0.046 0.039 0.552 0.066 0.109 0.094 0.009 0.003]
 [0.019 0.006 0.083 0.21  0.04  0.578 0.014 0.036 0.007 0.007]
 [0.011 0.004 0.054 0.106 0.013 0.052 0.742 0.005 0.01  0.003]
 [0.028 0.002 0.033 0.026 0.069 0.129 0.01  0.69  0.002 0.011]
 [0.252 0.026 0.01  0.005 0.003 0.016 0.006 0.002 0.646 0.034]
 [0.032 0.082 0.012 0.003 0.004 0.008 0.    0.002 0.01  0.847]]
[2025-06-11 14:14:03,037 INFO] 9200 iteration, USE_EMA: True, {'train/sup_loss': tensor(0.6028, device='cuda:0'), 'train/unsup_loss': tensor(0.0055, device='cuda:0'), 'train/total_loss': tensor(1.1517, device='cuda:0'), 'lr': 0.02419985763289746, 'train/prefecth_time': 0.09412889862060547, 'train/run_time': 0.11601683044433594, 'eval/loss': tensor(1.1573, device='cuda:0'), 'eval/top-1-acc': 0.6515, 'eval/top-5-acc': np.float64(0.953)}, BEST_EVAL_ACC: 0.6517, at 8700 iters
[2025-06-11 14:14:28,178 INFO] confusion matrix:
[[0.756 0.027 0.009 0.021 0.006 0.029 0.011 0.012 0.082 0.047]
 [0.017 0.899 0.002 0.003 0.001 0.011 0.    0.002 0.01  0.055]
 [0.144 0.003 0.42  0.054 0.081 0.141 0.12  0.015 0.013 0.009]
 [0.058 0.007 0.075 0.383 0.03  0.284 0.082 0.03  0.019 0.032]
 [0.082 0.004 0.044 0.041 0.54  0.06  0.119 0.098 0.008 0.004]
 [0.021 0.006 0.085 0.211 0.031 0.581 0.021 0.032 0.006 0.006]
 [0.012 0.004 0.053 0.104 0.012 0.049 0.749 0.004 0.01  0.003]
 [0.028 0.002 0.032 0.029 0.065 0.125 0.01  0.696 0.002 0.011]
 [0.262 0.027 0.009 0.005 0.003 0.016 0.007 0.001 0.637 0.033]
 [0.032 0.082 0.011 0.003 0.004 0.006 0.    0.002 0.01  0.85 ]]
[2025-06-11 14:14:28,184 INFO] 9300 iteration, USE_EMA: True, {'train/sup_loss': tensor(0.2559, device='cuda:0'), 'train/unsup_loss': tensor(0.0056, device='cuda:0'), 'train/total_loss': tensor(0.8122, device='cuda:0'), 'lr': 0.024077439724703498, 'train/prefecth_time': 0.10614911651611328, 'train/run_time': 0.11535155487060547, 'eval/loss': tensor(1.1601, device='cuda:0'), 'eval/top-1-acc': 0.6511, 'eval/top-5-acc': np.float64(0.9528)}, BEST_EVAL_ACC: 0.6517, at 8700 iters
[2025-06-11 14:14:53,174 INFO] confusion matrix:
[[0.76  0.026 0.009 0.02  0.006 0.027 0.011 0.012 0.084 0.045]
 [0.016 0.904 0.002 0.003 0.001 0.011 0.    0.002 0.011 0.05 ]
 [0.15  0.003 0.419 0.054 0.08  0.14  0.116 0.015 0.012 0.011]
 [0.058 0.007 0.075 0.388 0.028 0.289 0.08  0.029 0.017 0.029]
 [0.082 0.004 0.046 0.042 0.542 0.06  0.115 0.097 0.008 0.004]
 [0.021 0.005 0.083 0.21  0.034 0.584 0.021 0.031 0.005 0.006]
 [0.012 0.003 0.053 0.11  0.012 0.045 0.749 0.004 0.009 0.003]
 [0.029 0.002 0.029 0.034 0.061 0.125 0.01  0.697 0.002 0.011]
 [0.258 0.029 0.008 0.005 0.003 0.016 0.007 0.001 0.641 0.032]
 [0.031 0.087 0.01  0.003 0.003 0.005 0.    0.002 0.012 0.847]]
[2025-06-11 14:14:53,179 INFO] 9400 iteration, USE_EMA: True, {'train/sup_loss': tensor(0.2237, device='cuda:0'), 'train/unsup_loss': tensor(0.0058, device='cuda:0'), 'train/total_loss': tensor(0.8028, device='cuda:0'), 'lr': 0.0239538847013121, 'train/prefecth_time': 0.10341353607177735, 'train/run_time': 0.11599724578857422, 'eval/loss': tensor(1.1553, device='cuda:0'), 'eval/top-1-acc': 0.6531, 'eval/top-5-acc': np.float64(0.9531)}, BEST_EVAL_ACC: 0.6531, at 9400 iters
[2025-06-11 14:15:18,129 INFO] confusion matrix:
[[0.761 0.028 0.01  0.019 0.006 0.029 0.006 0.012 0.083 0.046]
 [0.017 0.909 0.002 0.002 0.001 0.011 0.    0.002 0.009 0.047]
 [0.15  0.004 0.421 0.054 0.081 0.146 0.107 0.015 0.012 0.01 ]
 [0.061 0.007 0.072 0.38  0.028 0.297 0.078 0.029 0.017 0.031]
 [0.082 0.006 0.047 0.044 0.55  0.064 0.099 0.094 0.01  0.004]
 [0.021 0.007 0.083 0.207 0.033 0.587 0.018 0.032 0.006 0.006]
 [0.013 0.003 0.055 0.113 0.013 0.048 0.74  0.003 0.009 0.003]
 [0.031 0.002 0.029 0.032 0.063 0.125 0.01  0.694 0.002 0.012]
 [0.262 0.028 0.008 0.006 0.003 0.015 0.007 0.001 0.638 0.032]
 [0.03  0.091 0.01  0.004 0.002 0.005 0.    0.002 0.01  0.846]]
[2025-06-11 14:15:18,134 INFO] 9500 iteration, USE_EMA: True, {'train/sup_loss': tensor(0.5318, device='cuda:0'), 'train/unsup_loss': tensor(0.0050, device='cuda:0'), 'train/total_loss': tensor(1.0318, device='cuda:0'), 'lr': 0.02382919839790743, 'train/prefecth_time': 0.14942803955078124, 'train/run_time': 0.12257279968261718, 'eval/loss': tensor(1.1558, device='cuda:0'), 'eval/top-1-acc': 0.6526, 'eval/top-5-acc': np.float64(0.9536)}, BEST_EVAL_ACC: 0.6531, at 9400 iters
[2025-06-11 14:15:43,203 INFO] confusion matrix:
[[0.767 0.028 0.01  0.018 0.005 0.03  0.007 0.013 0.079 0.043]
 [0.017 0.909 0.002 0.002 0.001 0.011 0.    0.002 0.009 0.047]
 [0.148 0.003 0.426 0.049 0.084 0.151 0.103 0.015 0.011 0.01 ]
 [0.06  0.007 0.072 0.384 0.025 0.296 0.075 0.031 0.017 0.033]
 [0.083 0.007 0.047 0.04  0.549 0.065 0.095 0.1   0.009 0.005]
 [0.021 0.007 0.083 0.204 0.035 0.588 0.016 0.033 0.007 0.006]
 [0.012 0.003 0.055 0.113 0.015 0.051 0.734 0.002 0.012 0.003]
 [0.029 0.002 0.031 0.033 0.058 0.127 0.01  0.696 0.002 0.012]
 [0.266 0.031 0.008 0.006 0.003 0.014 0.007 0.002 0.631 0.032]
 [0.031 0.089 0.01  0.004 0.002 0.005 0.    0.002 0.008 0.849]]
[2025-06-11 14:15:43,208 INFO] 9600 iteration, USE_EMA: True, {'train/sup_loss': tensor(0.4001, device='cuda:0'), 'train/unsup_loss': tensor(0.0055, device='cuda:0'), 'train/total_loss': tensor(0.9457, device='cuda:0'), 'lr': 0.023703386703101053, 'train/prefecth_time': 0.1125580825805664, 'train/run_time': 0.11698995208740234, 'eval/loss': tensor(1.1549, device='cuda:0'), 'eval/top-1-acc': 0.6533, 'eval/top-5-acc': np.float64(0.9533)}, BEST_EVAL_ACC: 0.6533, at 9600 iters
[2025-06-11 14:16:08,451 INFO] confusion matrix:
[[0.762 0.028 0.011 0.016 0.006 0.03  0.006 0.013 0.082 0.046]
 [0.016 0.915 0.001 0.001 0.001 0.012 0.    0.002 0.009 0.043]
 [0.148 0.003 0.42  0.049 0.086 0.152 0.106 0.016 0.01  0.01 ]
 [0.062 0.006 0.071 0.381 0.025 0.302 0.074 0.031 0.018 0.03 ]
 [0.083 0.007 0.042 0.038 0.542 0.065 0.102 0.107 0.009 0.005]
 [0.021 0.007 0.081 0.2   0.035 0.593 0.015 0.037 0.005 0.006]
 [0.009 0.002 0.057 0.114 0.014 0.052 0.736 0.002 0.011 0.003]
 [0.029 0.002 0.029 0.033 0.052 0.127 0.01  0.704 0.002 0.012]
 [0.259 0.032 0.008 0.007 0.002 0.014 0.007 0.002 0.636 0.033]
 [0.033 0.094 0.01  0.004 0.002 0.005 0.001 0.002 0.012 0.837]]
[2025-06-11 14:16:08,456 INFO] 9700 iteration, USE_EMA: True, {'train/sup_loss': tensor(1.4975, device='cuda:0'), 'train/unsup_loss': tensor(0.0229, device='cuda:0'), 'train/total_loss': tensor(3.7920, device='cuda:0'), 'lr': 0.023576455558653897, 'train/prefecth_time': 0.11901856231689453, 'train/run_time': 0.11582816314697265, 'eval/loss': tensor(1.1527, device='cuda:0'), 'eval/top-1-acc': 0.6526, 'eval/top-5-acc': np.float64(0.9533)}, BEST_EVAL_ACC: 0.6533, at 9600 iters
[2025-06-11 14:16:33,625 INFO] confusion matrix:
[[0.761 0.026 0.012 0.016 0.006 0.029 0.008 0.012 0.083 0.047]
 [0.016 0.915 0.001 0.001 0.001 0.012 0.    0.002 0.009 0.043]
 [0.147 0.003 0.424 0.049 0.086 0.15  0.105 0.016 0.01  0.01 ]
 [0.062 0.006 0.074 0.376 0.025 0.304 0.076 0.028 0.017 0.032]
 [0.081 0.006 0.045 0.038 0.554 0.066 0.101 0.093 0.009 0.007]
 [0.02  0.007 0.079 0.201 0.035 0.593 0.018 0.037 0.004 0.006]
 [0.009 0.002 0.057 0.115 0.015 0.051 0.739 0.002 0.008 0.002]
 [0.029 0.002 0.031 0.031 0.063 0.131 0.009 0.69  0.002 0.012]
 [0.253 0.029 0.008 0.006 0.002 0.014 0.007 0.002 0.647 0.032]
 [0.031 0.091 0.01  0.004 0.002 0.005 0.001 0.002 0.012 0.842]]
[2025-06-11 14:16:33,630 INFO] 9800 iteration, USE_EMA: True, {'train/sup_loss': tensor(0.3391, device='cuda:0'), 'train/unsup_loss': tensor(0.0047, device='cuda:0'), 'train/total_loss': tensor(0.8081, device='cuda:0'), 'lr': 0.023448410959195577, 'train/prefecth_time': 0.08591398620605468, 'train/run_time': 0.11630390167236328, 'eval/loss': tensor(1.1513, device='cuda:0'), 'eval/top-1-acc': 0.6541, 'eval/top-5-acc': np.float64(0.9537)}, BEST_EVAL_ACC: 0.6541, at 9800 iters
[2025-06-11 14:16:58,656 INFO] confusion matrix:
[[0.755 0.024 0.014 0.018 0.005 0.028 0.008 0.012 0.088 0.048]
 [0.016 0.911 0.001 0.001 0.001 0.011 0.001 0.002 0.009 0.047]
 [0.142 0.002 0.435 0.045 0.085 0.145 0.11  0.015 0.011 0.01 ]
 [0.063 0.006 0.074 0.377 0.027 0.3   0.077 0.027 0.018 0.031]
 [0.079 0.003 0.049 0.039 0.545 0.063 0.11  0.095 0.009 0.008]
 [0.019 0.007 0.08  0.2   0.036 0.592 0.017 0.038 0.005 0.006]
 [0.008 0.002 0.057 0.114 0.014 0.047 0.744 0.002 0.009 0.003]
 [0.026 0.001 0.033 0.032 0.062 0.128 0.01  0.694 0.002 0.012]
 [0.249 0.026 0.008 0.006 0.002 0.013 0.006 0.002 0.654 0.034]
 [0.029 0.087 0.011 0.004 0.002 0.005 0.001 0.002 0.014 0.845]]
[2025-06-11 14:16:58,663 INFO] 9900 iteration, USE_EMA: True, {'train/sup_loss': tensor(0.6244, device='cuda:0'), 'train/unsup_loss': tensor(0.0075, device='cuda:0'), 'train/total_loss': tensor(1.3771, device='cuda:0'), 'lr': 0.02331925895194131, 'train/prefecth_time': 0.0933908462524414, 'train/run_time': 0.116484130859375, 'eval/loss': tensor(1.1466, device='cuda:0'), 'eval/top-1-acc': 0.6552, 'eval/top-5-acc': np.float64(0.9542)}, BEST_EVAL_ACC: 0.6552, at 9900 iters
[2025-06-11 14:17:23,578 INFO] confusion matrix:
[[0.751 0.025 0.015 0.018 0.006 0.028 0.008 0.012 0.089 0.048]
 [0.015 0.909 0.001 0.001 0.001 0.012 0.    0.002 0.009 0.05 ]
 [0.138 0.003 0.436 0.043 0.082 0.148 0.113 0.014 0.013 0.01 ]
 [0.063 0.006 0.074 0.37  0.025 0.31  0.078 0.027 0.016 0.031]
 [0.078 0.002 0.049 0.039 0.546 0.069 0.11  0.09  0.009 0.008]
 [0.019 0.007 0.08  0.194 0.035 0.6   0.017 0.039 0.003 0.006]
 [0.008 0.002 0.056 0.112 0.013 0.05  0.743 0.003 0.01  0.003]
 [0.026 0.002 0.032 0.031 0.061 0.129 0.01  0.694 0.002 0.013]
 [0.247 0.027 0.011 0.004 0.002 0.013 0.006 0.002 0.653 0.035]
 [0.03  0.084 0.01  0.004 0.002 0.005 0.001 0.001 0.013 0.85 ]]
[2025-06-11 14:17:23,585 INFO] 10000 iteration, USE_EMA: True, {'train/sup_loss': tensor(1.3248, device='cuda:0'), 'train/unsup_loss': tensor(0.0138, device='cuda:0'), 'train/total_loss': tensor(2.7000, device='cuda:0'), 'lr': 0.023189005636406333, 'train/prefecth_time': 0.09917235565185546, 'train/run_time': 0.1160224609375, 'eval/loss': tensor(1.1470, device='cuda:0'), 'eval/top-1-acc': 0.6552, 'eval/top-5-acc': np.float64(0.9547)}, BEST_EVAL_ACC: 0.6552, at 9900 iters
[2025-06-11 14:17:48,501 INFO] confusion matrix:
[[0.739 0.024 0.017 0.018 0.006 0.03  0.008 0.013 0.097 0.048]
 [0.013 0.912 0.001 0.001 0.001 0.012 0.001 0.002 0.009 0.048]
 [0.133 0.003 0.439 0.042 0.08  0.153 0.112 0.017 0.012 0.009]
 [0.062 0.006 0.072 0.358 0.026 0.325 0.08  0.028 0.015 0.028]
 [0.075 0.002 0.048 0.037 0.547 0.072 0.11  0.092 0.009 0.008]
 [0.018 0.007 0.083 0.189 0.033 0.603 0.018 0.04  0.003 0.006]
 [0.008 0.002 0.053 0.111 0.013 0.055 0.743 0.003 0.009 0.003]
 [0.025 0.001 0.032 0.03  0.059 0.126 0.01  0.701 0.002 0.014]
 [0.241 0.027 0.011 0.006 0.003 0.014 0.005 0.001 0.659 0.033]
 [0.028 0.081 0.01  0.004 0.002 0.005 0.001 0.001 0.014 0.854]]
[2025-06-11 14:17:48,508 INFO] 10100 iteration, USE_EMA: True, {'train/sup_loss': tensor(1.4975, device='cuda:0'), 'train/unsup_loss': tensor(0.0215, device='cuda:0'), 'train/total_loss': tensor(3.6496, device='cuda:0'), 'lr': 0.023057657164117805, 'train/prefecth_time': 0.08599913787841797, 'train/run_time': 0.11565910339355469, 'eval/loss': tensor(1.1398, device='cuda:0'), 'eval/top-1-acc': 0.6555, 'eval/top-5-acc': np.float64(0.955)}, BEST_EVAL_ACC: 0.6555, at 10100 iters
[2025-06-11 14:18:13,877 INFO] confusion matrix:
[[0.738 0.024 0.016 0.017 0.007 0.031 0.008 0.012 0.099 0.048]
 [0.013 0.902 0.001 0.001 0.001 0.012 0.001 0.002 0.009 0.058]
 [0.131 0.003 0.443 0.042 0.081 0.149 0.113 0.016 0.013 0.009]
 [0.059 0.006 0.076 0.353 0.022 0.322 0.088 0.029 0.015 0.03 ]
 [0.073 0.002 0.049 0.035 0.54  0.072 0.114 0.098 0.01  0.007]
 [0.018 0.007 0.084 0.191 0.031 0.602 0.018 0.04  0.004 0.005]
 [0.008 0.002 0.054 0.109 0.012 0.049 0.751 0.003 0.009 0.003]
 [0.024 0.002 0.032 0.03  0.06  0.128 0.01  0.697 0.002 0.015]
 [0.236 0.026 0.01  0.006 0.002 0.014 0.006 0.001 0.664 0.035]
 [0.026 0.078 0.01  0.004 0.002 0.005 0.001 0.001 0.017 0.856]]
[2025-06-11 14:18:13,886 INFO] 10200 iteration, USE_EMA: True, {'train/sup_loss': tensor(0.3180, device='cuda:0'), 'train/unsup_loss': tensor(0.0040, device='cuda:0'), 'train/total_loss': tensor(0.7164, device='cuda:0'), 'lr': 0.02292521973832432, 'train/prefecth_time': 0.09423942565917968, 'train/run_time': 0.11615711975097656, 'eval/loss': tensor(1.1419, device='cuda:0'), 'eval/top-1-acc': 0.6546, 'eval/top-5-acc': np.float64(0.9548)}, BEST_EVAL_ACC: 0.6555, at 10100 iters
[2025-06-11 14:18:39,601 INFO] confusion matrix:
[[0.736 0.023 0.019 0.017 0.007 0.031 0.006 0.012 0.099 0.05 ]
 [0.013 0.897 0.001 0.001 0.001 0.012 0.001 0.002 0.009 0.063]
 [0.133 0.003 0.448 0.042 0.08  0.144 0.113 0.017 0.011 0.009]
 [0.058 0.006 0.078 0.346 0.022 0.322 0.091 0.029 0.016 0.032]
 [0.073 0.002 0.052 0.033 0.54  0.071 0.114 0.098 0.01  0.007]
 [0.017 0.007 0.086 0.19  0.034 0.6   0.02  0.036 0.005 0.005]
 [0.006 0.003 0.054 0.109 0.012 0.05  0.751 0.003 0.009 0.003]
 [0.024 0.002 0.031 0.031 0.06  0.129 0.01  0.695 0.002 0.016]
 [0.241 0.026 0.011 0.004 0.002 0.013 0.007 0.001 0.658 0.037]
 [0.025 0.075 0.01  0.004 0.002 0.005 0.001 0.001 0.015 0.862]]
[2025-06-11 14:18:39,606 INFO] 10300 iteration, USE_EMA: True, {'train/sup_loss': tensor(1.1831, device='cuda:0'), 'train/unsup_loss': tensor(0.0151, device='cuda:0'), 'train/total_loss': tensor(2.6924, device='cuda:0'), 'lr': 0.02279169961370292, 'train/prefecth_time': 0.08797964477539062, 'train/run_time': 0.11595161437988281, 'eval/loss': tensor(1.1446, device='cuda:0'), 'eval/top-1-acc': 0.6533, 'eval/top-5-acc': np.float64(0.9535)}, BEST_EVAL_ACC: 0.6555, at 10100 iters
[2025-06-11 14:19:05,341 INFO] confusion matrix:
[[0.733 0.021 0.023 0.019 0.007 0.03  0.006 0.012 0.099 0.05 ]
 [0.012 0.898 0.001 0.003 0.001 0.012 0.001 0.002 0.008 0.062]
 [0.129 0.002 0.453 0.042 0.08  0.145 0.116 0.016 0.009 0.008]
 [0.053 0.005 0.085 0.367 0.022 0.308 0.09  0.025 0.015 0.03 ]
 [0.077 0.001 0.059 0.033 0.536 0.069 0.112 0.096 0.01  0.007]
 [0.017 0.007 0.092 0.197 0.033 0.589 0.021 0.036 0.004 0.004]
 [0.006 0.002 0.053 0.113 0.012 0.047 0.753 0.003 0.008 0.003]
 [0.025 0.001 0.032 0.032 0.06  0.129 0.01  0.693 0.002 0.016]
 [0.244 0.026 0.01  0.006 0.002 0.013 0.007 0.001 0.654 0.037]
 [0.025 0.073 0.011 0.004 0.003 0.005 0.001 0.001 0.015 0.862]]
[2025-06-11 14:19:05,346 INFO] 10400 iteration, USE_EMA: True, {'train/sup_loss': tensor(0.2200, device='cuda:0'), 'train/unsup_loss': tensor(0.0061, device='cuda:0'), 'train/total_loss': tensor(0.8349, device='cuda:0'), 'lr': 0.022657103096063724, 'train/prefecth_time': 0.09148099517822265, 'train/run_time': 0.11584130859375, 'eval/loss': tensor(1.1487, device='cuda:0'), 'eval/top-1-acc': 0.6538, 'eval/top-5-acc': np.float64(0.9536)}, BEST_EVAL_ACC: 0.6555, at 10100 iters
[2025-06-11 14:19:31,258 INFO] confusion matrix:
[[0.732 0.022 0.022 0.021 0.006 0.03  0.006 0.012 0.099 0.05 ]
 [0.012 0.895 0.001 0.002 0.001 0.013 0.001 0.002 0.007 0.066]
 [0.133 0.002 0.451 0.043 0.081 0.144 0.111 0.016 0.01  0.009]
 [0.056 0.004 0.084 0.371 0.022 0.303 0.094 0.023 0.013 0.03 ]
 [0.078 0.001 0.059 0.037 0.536 0.068 0.107 0.099 0.009 0.006]
 [0.015 0.006 0.09  0.199 0.031 0.592 0.023 0.035 0.004 0.005]
 [0.006 0.002 0.054 0.114 0.012 0.043 0.754 0.003 0.009 0.003]
 [0.028 0.001 0.031 0.033 0.061 0.126 0.011 0.69  0.002 0.017]
 [0.245 0.025 0.01  0.006 0.002 0.013 0.007 0.001 0.655 0.036]
 [0.024 0.07  0.01  0.004 0.002 0.006 0.001 0.001 0.015 0.867]]
[2025-06-11 14:19:31,263 INFO] 10500 iteration, USE_EMA: True, {'train/sup_loss': tensor(1.0501, device='cuda:0'), 'train/unsup_loss': tensor(0.0122, device='cuda:0'), 'train/total_loss': tensor(2.2674, device='cuda:0'), 'lr': 0.022521436542052096, 'train/prefecth_time': 0.09407059478759766, 'train/run_time': 0.11585536193847656, 'eval/loss': tensor(1.1508, device='cuda:0'), 'eval/top-1-acc': 0.6543, 'eval/top-5-acc': np.float64(0.9531)}, BEST_EVAL_ACC: 0.6555, at 10100 iters
[2025-06-11 14:19:56,388 INFO] confusion matrix:
[[0.734 0.021 0.024 0.022 0.007 0.029 0.006 0.011 0.096 0.05 ]
 [0.013 0.893 0.002 0.002 0.001 0.01  0.002 0.002 0.007 0.068]
 [0.133 0.002 0.463 0.042 0.081 0.136 0.11  0.015 0.01  0.008]
 [0.05  0.005 0.091 0.392 0.022 0.286 0.089 0.023 0.013 0.029]
 [0.078 0.001 0.062 0.036 0.545 0.063 0.103 0.097 0.01  0.005]
 [0.014 0.006 0.094 0.205 0.032 0.583 0.022 0.036 0.003 0.005]
 [0.007 0.002 0.057 0.114 0.011 0.038 0.757 0.003 0.009 0.002]
 [0.028 0.001 0.032 0.034 0.063 0.124 0.013 0.687 0.002 0.016]
 [0.245 0.026 0.01  0.005 0.002 0.012 0.007 0.001 0.656 0.036]
 [0.027 0.067 0.01  0.004 0.002 0.006 0.001 0.001 0.013 0.869]]
[2025-06-11 14:19:56,393 INFO] 10600 iteration, USE_EMA: True, {'train/sup_loss': tensor(0.3635, device='cuda:0'), 'train/unsup_loss': tensor(0.0043, device='cuda:0'), 'train/total_loss': tensor(0.7929, device='cuda:0'), 'lr': 0.022384706358848455, 'train/prefecth_time': 0.08497968292236328, 'train/run_time': 0.1183506851196289, 'eval/loss': tensor(1.1452, device='cuda:0'), 'eval/top-1-acc': 0.6579, 'eval/top-5-acc': np.float64(0.9536)}, BEST_EVAL_ACC: 0.6579, at 10600 iters
[2025-06-11 14:20:21,652 INFO] confusion matrix:
[[0.735 0.022 0.025 0.023 0.007 0.028 0.006 0.01  0.095 0.049]
 [0.011 0.894 0.002 0.001 0.001 0.012 0.001 0.002 0.007 0.069]
 [0.132 0.002 0.468 0.042 0.079 0.136 0.111 0.014 0.009 0.007]
 [0.049 0.006 0.092 0.397 0.023 0.283 0.088 0.024 0.01  0.028]
 [0.077 0.001 0.064 0.037 0.535 0.064 0.111 0.097 0.009 0.005]
 [0.014 0.006 0.095 0.212 0.029 0.579 0.023 0.034 0.003 0.005]
 [0.007 0.002 0.055 0.114 0.011 0.04  0.755 0.003 0.011 0.002]
 [0.027 0.002 0.034 0.035 0.06  0.123 0.012 0.69  0.002 0.015]
 [0.245 0.026 0.01  0.005 0.002 0.012 0.007 0.002 0.656 0.035]
 [0.027 0.068 0.01  0.004 0.002 0.006 0.001 0.001 0.012 0.869]]
[2025-06-11 14:20:21,657 INFO] 10700 iteration, USE_EMA: True, {'train/sup_loss': tensor(0.0940, device='cuda:0'), 'train/unsup_loss': tensor(0.0072, device='cuda:0'), 'train/total_loss': tensor(0.8124, device='cuda:0'), 'lr': 0.02224691900386568, 'train/prefecth_time': 0.10081279754638672, 'train/run_time': 0.11587554931640626, 'eval/loss': tensor(1.1440, device='cuda:0'), 'eval/top-1-acc': 0.6578, 'eval/top-5-acc': np.float64(0.9533)}, BEST_EVAL_ACC: 0.6579, at 10600 iters
[2025-06-11 14:20:46,738 INFO] confusion matrix:
[[0.736 0.023 0.026 0.022 0.007 0.029 0.006 0.01  0.091 0.05 ]
 [0.013 0.896 0.002 0.001 0.001 0.012 0.001 0.002 0.006 0.066]
 [0.128 0.002 0.469 0.044 0.079 0.139 0.108 0.014 0.009 0.008]
 [0.049 0.007 0.09  0.398 0.024 0.283 0.085 0.023 0.012 0.029]
 [0.076 0.001 0.065 0.037 0.531 0.066 0.109 0.1   0.008 0.007]
 [0.014 0.006 0.092 0.215 0.031 0.579 0.022 0.032 0.003 0.006]
 [0.007 0.002 0.049 0.121 0.01  0.042 0.754 0.003 0.01  0.002]
 [0.027 0.002 0.033 0.035 0.059 0.129 0.012 0.686 0.002 0.015]
 [0.242 0.026 0.008 0.006 0.002 0.012 0.007 0.001 0.662 0.034]
 [0.027 0.071 0.009 0.005 0.002 0.006 0.001 0.001 0.012 0.866]]
[2025-06-11 14:20:46,744 INFO] 10800 iteration, USE_EMA: True, {'train/sup_loss': tensor(0.5636, device='cuda:0'), 'train/unsup_loss': tensor(0.0061, device='cuda:0'), 'train/total_loss': tensor(1.1703, device='cuda:0'), 'lr': 0.022108080984444126, 'train/prefecth_time': 0.09233203125, 'train/run_time': 0.1161178207397461, 'eval/loss': tensor(1.1388, device='cuda:0'), 'eval/top-1-acc': 0.6577, 'eval/top-5-acc': np.float64(0.9536)}, BEST_EVAL_ACC: 0.6579, at 10600 iters
[2025-06-11 14:21:11,840 INFO] confusion matrix:
[[0.734 0.026 0.023 0.022 0.007 0.029 0.006 0.011 0.095 0.047]
 [0.012 0.897 0.002 0.001 0.001 0.012 0.001 0.002 0.007 0.065]
 [0.129 0.002 0.463 0.046 0.084 0.139 0.107 0.013 0.009 0.008]
 [0.051 0.007 0.087 0.41  0.024 0.275 0.082 0.023 0.011 0.03 ]
 [0.078 0.001 0.053 0.04  0.549 0.064 0.102 0.101 0.006 0.006]
 [0.016 0.006 0.087 0.219 0.033 0.576 0.02  0.033 0.003 0.007]
 [0.006 0.002 0.049 0.123 0.011 0.041 0.752 0.003 0.01  0.003]
 [0.026 0.003 0.033 0.035 0.057 0.127 0.01  0.693 0.002 0.014]
 [0.235 0.029 0.008 0.005 0.002 0.013 0.007 0.001 0.667 0.033]
 [0.024 0.074 0.009 0.005 0.002 0.006 0.001 0.001 0.012 0.866]]
[2025-06-11 14:21:11,845 INFO] 10900 iteration, USE_EMA: True, {'train/sup_loss': tensor(0.8667, device='cuda:0'), 'train/unsup_loss': tensor(0.0103, device='cuda:0'), 'train/total_loss': tensor(1.8996, device='cuda:0'), 'lr': 0.02196819885754433, 'train/prefecth_time': 0.14518681335449218, 'train/run_time': 0.12213196563720703, 'eval/loss': tensor(1.1293, device='cuda:0'), 'eval/top-1-acc': 0.6607, 'eval/top-5-acc': np.float64(0.9528)}, BEST_EVAL_ACC: 0.6607, at 10900 iters
[2025-06-11 14:21:37,197 INFO] confusion matrix:
[[0.734 0.026 0.024 0.021 0.007 0.03  0.008 0.012 0.091 0.047]
 [0.01  0.901 0.002 0.001 0.001 0.013 0.001 0.002 0.007 0.062]
 [0.128 0.002 0.464 0.048 0.084 0.14  0.106 0.011 0.009 0.008]
 [0.051 0.005 0.091 0.412 0.025 0.269 0.082 0.023 0.012 0.03 ]
 [0.076 0.002 0.058 0.041 0.545 0.064 0.101 0.099 0.008 0.006]
 [0.016 0.006 0.089 0.219 0.032 0.575 0.021 0.035 0.001 0.006]
 [0.007 0.004 0.05  0.118 0.009 0.042 0.755 0.003 0.009 0.003]
 [0.027 0.002 0.033 0.032 0.056 0.131 0.01  0.693 0.002 0.014]
 [0.23  0.027 0.008 0.006 0.002 0.014 0.007 0.001 0.671 0.034]
 [0.025 0.073 0.01  0.004 0.002 0.006 0.001 0.001 0.011 0.867]]
[2025-06-11 14:21:37,202 INFO] 11000 iteration, USE_EMA: True, {'train/sup_loss': tensor(0.1180, device='cuda:0'), 'train/unsup_loss': tensor(0.0069, device='cuda:0'), 'train/total_loss': tensor(0.8041, device='cuda:0'), 'lr': 0.021827279229437307, 'train/prefecth_time': 0.12521590423583984, 'train/run_time': 0.11698550415039062, 'eval/loss': tensor(1.1279, device='cuda:0'), 'eval/top-1-acc': 0.6617, 'eval/top-5-acc': np.float64(0.9521)}, BEST_EVAL_ACC: 0.6617, at 11000 iters
[2025-06-11 14:22:02,341 INFO] confusion matrix:
[[0.742 0.026 0.023 0.018 0.007 0.028 0.007 0.012 0.091 0.046]
 [0.01  0.903 0.002 0.001 0.001 0.012 0.001 0.002 0.007 0.061]
 [0.13  0.003 0.464 0.052 0.078 0.139 0.104 0.012 0.009 0.009]
 [0.052 0.005 0.093 0.419 0.025 0.259 0.079 0.024 0.012 0.032]
 [0.077 0.001 0.059 0.043 0.549 0.063 0.094 0.1   0.007 0.007]
 [0.016 0.006 0.091 0.224 0.032 0.569 0.019 0.035 0.001 0.007]
 [0.006 0.003 0.051 0.123 0.01  0.045 0.746 0.003 0.01  0.003]
 [0.029 0.003 0.033 0.031 0.052 0.13  0.009 0.696 0.002 0.015]
 [0.225 0.025 0.01  0.007 0.002 0.013 0.007 0.001 0.677 0.033]
 [0.025 0.071 0.009 0.005 0.002 0.006 0.001 0.001 0.011 0.869]]
[2025-06-11 14:22:02,346 INFO] 11100 iteration, USE_EMA: True, {'train/sup_loss': tensor(0.9585, device='cuda:0'), 'train/unsup_loss': tensor(0.0112, device='cuda:0'), 'train/total_loss': tensor(2.0820, device='cuda:0'), 'lr': 0.021685328755392582, 'train/prefecth_time': 0.11309343719482422, 'train/run_time': 0.1174505615234375, 'eval/loss': tensor(1.1223, device='cuda:0'), 'eval/top-1-acc': 0.6634, 'eval/top-5-acc': np.float64(0.9525)}, BEST_EVAL_ACC: 0.6634, at 11100 iters
[2025-06-11 14:22:27,650 INFO] confusion matrix:
[[0.742 0.026 0.022 0.017 0.007 0.026 0.01  0.012 0.092 0.046]
 [0.01  0.901 0.001 0.002 0.001 0.012 0.001 0.002 0.008 0.062]
 [0.127 0.001 0.465 0.051 0.08  0.137 0.104 0.014 0.012 0.009]
 [0.054 0.004 0.093 0.422 0.025 0.252 0.081 0.023 0.013 0.033]
 [0.08  0.001 0.061 0.042 0.546 0.06  0.093 0.104 0.006 0.007]
 [0.016 0.006 0.09  0.227 0.031 0.565 0.019 0.038 0.001 0.007]
 [0.006 0.003 0.051 0.118 0.011 0.046 0.748 0.003 0.011 0.003]
 [0.03  0.003 0.033 0.032 0.046 0.125 0.01  0.704 0.002 0.015]
 [0.214 0.026 0.009 0.007 0.003 0.012 0.007 0.001 0.688 0.033]
 [0.025 0.072 0.009 0.005 0.002 0.006 0.001 0.001 0.011 0.868]]
[2025-06-11 14:22:27,655 INFO] 11200 iteration, USE_EMA: True, {'train/sup_loss': tensor(1.7399, device='cuda:0'), 'train/unsup_loss': tensor(0.0233, device='cuda:0'), 'train/total_loss': tensor(4.0703, device='cuda:0'), 'lr': 0.02154235413936386, 'train/prefecth_time': 0.08694374084472656, 'train/run_time': 0.1160360336303711, 'eval/loss': tensor(1.1178, device='cuda:0'), 'eval/top-1-acc': 0.6649, 'eval/top-5-acc': np.float64(0.9533)}, BEST_EVAL_ACC: 0.6649, at 11200 iters
[2025-06-11 14:22:52,732 INFO] confusion matrix:
[[0.736 0.027 0.024 0.016 0.008 0.027 0.009 0.013 0.093 0.047]
 [0.01  0.907 0.001 0.001 0.001 0.012 0.001 0.002 0.008 0.057]
 [0.123 0.001 0.469 0.048 0.079 0.142 0.105 0.012 0.011 0.01 ]
 [0.056 0.004 0.092 0.417 0.024 0.257 0.079 0.025 0.012 0.034]
 [0.076 0.001 0.061 0.04  0.546 0.06  0.094 0.109 0.006 0.007]
 [0.015 0.006 0.089 0.222 0.031 0.572 0.019 0.037 0.001 0.008]
 [0.006 0.003 0.051 0.114 0.01  0.047 0.755 0.002 0.009 0.003]
 [0.029 0.004 0.033 0.03  0.044 0.127 0.011 0.704 0.001 0.017]
 [0.209 0.028 0.009 0.004 0.003 0.013 0.008 0.001 0.692 0.033]
 [0.024 0.074 0.009 0.005 0.002 0.005 0.001 0.001 0.011 0.868]]
[2025-06-11 14:22:52,739 INFO] 11300 iteration, USE_EMA: True, {'train/sup_loss': tensor(0.8939, device='cuda:0'), 'train/unsup_loss': tensor(0.0086, device='cuda:0'), 'train/total_loss': tensor(1.7536, device='cuda:0'), 'lr': 0.021398362133672428, 'train/prefecth_time': 0.09259859466552735, 'train/run_time': 0.11576678466796875, 'eval/loss': tensor(1.1182, device='cuda:0'), 'eval/top-1-acc': 0.6666, 'eval/top-5-acc': np.float64(0.954)}, BEST_EVAL_ACC: 0.6666, at 11300 iters
[2025-06-11 14:23:17,719 INFO] confusion matrix:
[[0.739 0.028 0.025 0.014 0.008 0.027 0.011 0.012 0.088 0.048]
 [0.011 0.912 0.    0.    0.001 0.012 0.001 0.002 0.007 0.054]
 [0.122 0.002 0.467 0.046 0.08  0.144 0.104 0.013 0.012 0.01 ]
 [0.057 0.005 0.093 0.409 0.024 0.26  0.081 0.026 0.012 0.033]
 [0.071 0.002 0.059 0.038 0.556 0.06  0.091 0.109 0.006 0.008]
 [0.015 0.007 0.089 0.223 0.031 0.573 0.017 0.037 0.001 0.007]
 [0.006 0.003 0.052 0.115 0.013 0.047 0.749 0.002 0.01  0.003]
 [0.028 0.004 0.034 0.03  0.044 0.126 0.012 0.703 0.001 0.018]
 [0.201 0.029 0.009 0.005 0.003 0.012 0.008 0.    0.7   0.033]
 [0.024 0.079 0.009 0.005 0.002 0.005 0.001 0.001 0.01  0.864]]
[2025-06-11 14:23:17,726 INFO] 11400 iteration, USE_EMA: True, {'train/sup_loss': tensor(1.1758, device='cuda:0'), 'train/unsup_loss': tensor(0.0165, device='cuda:0'), 'train/total_loss': tensor(2.8252, device='cuda:0'), 'lr': 0.021253359538688253, 'train/prefecth_time': 0.08914566040039062, 'train/run_time': 0.11596431732177734, 'eval/loss': tensor(1.1166, device='cuda:0'), 'eval/top-1-acc': 0.6672, 'eval/top-5-acc': np.float64(0.9538)}, BEST_EVAL_ACC: 0.6672, at 11400 iters
[2025-06-11 14:23:43,013 INFO] confusion matrix:
[[0.744 0.027 0.025 0.014 0.008 0.026 0.011 0.012 0.082 0.051]
 [0.012 0.912 0.001 0.    0.001 0.012 0.001 0.002 0.005 0.054]
 [0.123 0.002 0.477 0.045 0.078 0.138 0.104 0.013 0.01  0.01 ]
 [0.058 0.004 0.095 0.419 0.024 0.251 0.078 0.026 0.012 0.033]
 [0.077 0.002 0.061 0.041 0.549 0.06  0.087 0.109 0.006 0.008]
 [0.015 0.007 0.091 0.229 0.03  0.569 0.016 0.034 0.001 0.008]
 [0.006 0.003 0.053 0.118 0.013 0.045 0.746 0.003 0.01  0.003]
 [0.028 0.003 0.033 0.031 0.044 0.125 0.011 0.706 0.001 0.018]
 [0.205 0.03  0.009 0.005 0.003 0.013 0.007 0.    0.695 0.033]
 [0.024 0.076 0.009 0.005 0.002 0.005 0.001 0.001 0.01  0.867]]
[2025-06-11 14:23:43,020 INFO] 11500 iteration, USE_EMA: True, {'train/sup_loss': tensor(1.2051, device='cuda:0'), 'train/unsup_loss': tensor(0.0144, device='cuda:0'), 'train/total_loss': tensor(2.6469, device='cuda:0'), 'lr': 0.021107353202508818, 'train/prefecth_time': 0.09714060974121094, 'train/run_time': 0.11649024200439453, 'eval/loss': tensor(1.1160, device='cuda:0'), 'eval/top-1-acc': 0.6684, 'eval/top-5-acc': np.float64(0.9539)}, BEST_EVAL_ACC: 0.6684, at 11500 iters
[2025-06-11 14:24:08,726 INFO] confusion matrix:
[[0.746 0.026 0.024 0.014 0.008 0.025 0.012 0.01  0.081 0.054]
 [0.014 0.909 0.001 0.    0.001 0.011 0.001 0.002 0.005 0.056]
 [0.128 0.004 0.473 0.044 0.078 0.132 0.107 0.013 0.01  0.011]
 [0.055 0.004 0.092 0.425 0.025 0.253 0.079 0.024 0.011 0.032]
 [0.075 0.002 0.063 0.042 0.555 0.056 0.086 0.107 0.006 0.008]
 [0.016 0.007 0.09  0.227 0.033 0.572 0.014 0.033 0.001 0.007]
 [0.007 0.003 0.051 0.115 0.015 0.043 0.75  0.003 0.01  0.003]
 [0.028 0.003 0.033 0.032 0.047 0.124 0.011 0.7   0.001 0.021]
 [0.208 0.03  0.009 0.004 0.002 0.013 0.007 0.    0.691 0.036]
 [0.024 0.074 0.008 0.005 0.002 0.005 0.001 0.001 0.01  0.87 ]]
[2025-06-11 14:24:08,735 INFO] 11600 iteration, USE_EMA: True, {'train/sup_loss': tensor(0.2728, device='cuda:0'), 'train/unsup_loss': tensor(0.0048, device='cuda:0'), 'train/total_loss': tensor(0.7513, device='cuda:0'), 'lr': 0.020960350020635704, 'train/prefecth_time': 0.0932176284790039, 'train/run_time': 0.11580070495605468, 'eval/loss': tensor(1.1092, device='cuda:0'), 'eval/top-1-acc': 0.6691, 'eval/top-5-acc': np.float64(0.9543)}, BEST_EVAL_ACC: 0.6691, at 11600 iters
[2025-06-11 14:24:34,282 INFO] confusion matrix:
[[0.751 0.026 0.025 0.015 0.006 0.024 0.01  0.012 0.082 0.049]
 [0.014 0.913 0.001 0.    0.001 0.01  0.001 0.002 0.005 0.053]
 [0.127 0.003 0.479 0.043 0.082 0.13  0.103 0.011 0.01  0.012]
 [0.055 0.005 0.095 0.419 0.023 0.252 0.08  0.025 0.013 0.033]
 [0.077 0.002 0.062 0.042 0.559 0.057 0.081 0.107 0.005 0.008]
 [0.016 0.007 0.094 0.224 0.033 0.569 0.014 0.034 0.001 0.008]
 [0.007 0.003 0.052 0.109 0.015 0.043 0.755 0.002 0.011 0.003]
 [0.025 0.003 0.034 0.031 0.045 0.129 0.011 0.701 0.001 0.02 ]
 [0.209 0.031 0.01  0.004 0.002 0.014 0.007 0.001 0.689 0.033]
 [0.025 0.072 0.008 0.005 0.002 0.006 0.001 0.001 0.01  0.87 ]]
[2025-06-11 14:24:34,287 INFO] 11700 iteration, USE_EMA: True, {'train/sup_loss': tensor(1.1152, device='cuda:0'), 'train/unsup_loss': tensor(0.0144, device='cuda:0'), 'train/total_loss': tensor(2.5539, device='cuda:0'), 'lr': 0.02081235693564895, 'train/prefecth_time': 0.09218287658691406, 'train/run_time': 0.11662713623046875, 'eval/loss': tensor(1.1066, device='cuda:0'), 'eval/top-1-acc': 0.6705, 'eval/top-5-acc': np.float64(0.9544)}, BEST_EVAL_ACC: 0.6705, at 11700 iters
[2025-06-11 14:25:00,070 INFO] confusion matrix:
[[0.751 0.027 0.026 0.015 0.006 0.026 0.009 0.013 0.077 0.05 ]
 [0.014 0.913 0.001 0.    0.001 0.01  0.001 0.002 0.005 0.053]
 [0.124 0.003 0.48  0.043 0.08  0.129 0.104 0.013 0.012 0.012]
 [0.051 0.005 0.093 0.423 0.023 0.25  0.081 0.029 0.013 0.032]
 [0.072 0.002 0.063 0.044 0.56  0.058 0.077 0.111 0.005 0.008]
 [0.015 0.006 0.091 0.231 0.033 0.566 0.014 0.035 0.001 0.008]
 [0.007 0.003 0.053 0.108 0.013 0.043 0.758 0.002 0.01  0.003]
 [0.025 0.002 0.032 0.033 0.044 0.127 0.011 0.705 0.001 0.02 ]
 [0.202 0.03  0.01  0.003 0.001 0.014 0.006 0.001 0.701 0.032]
 [0.024 0.069 0.008 0.005 0.002 0.005 0.001 0.001 0.009 0.876]]
[2025-06-11 14:25:00,075 INFO] 11800 iteration, USE_EMA: True, {'train/sup_loss': tensor(0.2042, device='cuda:0'), 'train/unsup_loss': tensor(0.0037, device='cuda:0'), 'train/total_loss': tensor(0.5713, device='cuda:0'), 'lr': 0.020663380936879146, 'train/prefecth_time': 0.09388441467285157, 'train/run_time': 0.11606630706787109, 'eval/loss': tensor(1.0982, device='cuda:0'), 'eval/top-1-acc': 0.6733, 'eval/top-5-acc': np.float64(0.9544)}, BEST_EVAL_ACC: 0.6733, at 11800 iters
[2025-06-11 14:25:25,181 INFO] confusion matrix:
[[0.748 0.03  0.028 0.014 0.007 0.025 0.01  0.013 0.076 0.049]
 [0.014 0.913 0.001 0.    0.001 0.011 0.001 0.001 0.005 0.053]
 [0.126 0.003 0.48  0.046 0.078 0.128 0.105 0.012 0.012 0.01 ]
 [0.051 0.005 0.093 0.426 0.022 0.251 0.084 0.026 0.012 0.03 ]
 [0.074 0.002 0.065 0.043 0.558 0.058 0.076 0.111 0.005 0.008]
 [0.016 0.005 0.09  0.233 0.032 0.57  0.016 0.03  0.001 0.007]
 [0.008 0.002 0.052 0.105 0.014 0.043 0.761 0.002 0.01  0.003]
 [0.026 0.002 0.033 0.033 0.043 0.13  0.011 0.702 0.001 0.019]
 [0.196 0.031 0.01  0.003 0.002 0.013 0.006 0.001 0.706 0.032]
 [0.024 0.072 0.008 0.005 0.002 0.005 0.    0.001 0.01  0.873]]
[2025-06-11 14:25:25,187 INFO] 11900 iteration, USE_EMA: True, {'train/sup_loss': tensor(0.5669, device='cuda:0'), 'train/unsup_loss': tensor(0.0070, device='cuda:0'), 'train/total_loss': tensor(1.2675, device='cuda:0'), 'lr': 0.020513429060077353, 'train/prefecth_time': 0.08756451416015625, 'train/run_time': 0.11632038116455078, 'eval/loss': tensor(1.0955, device='cuda:0'), 'eval/top-1-acc': 0.6737, 'eval/top-5-acc': np.float64(0.9552)}, BEST_EVAL_ACC: 0.6737, at 11900 iters
[2025-06-11 14:25:50,480 INFO] confusion matrix:
[[0.75  0.029 0.028 0.014 0.006 0.025 0.012 0.015 0.076 0.045]
 [0.015 0.914 0.001 0.    0.    0.01  0.001 0.001 0.005 0.053]
 [0.127 0.002 0.483 0.047 0.078 0.12  0.109 0.012 0.011 0.011]
 [0.048 0.007 0.094 0.433 0.023 0.242 0.083 0.028 0.013 0.029]
 [0.073 0.002 0.064 0.043 0.555 0.058 0.077 0.116 0.005 0.007]
 [0.015 0.006 0.09  0.236 0.031 0.567 0.017 0.03  0.001 0.007]
 [0.009 0.002 0.054 0.105 0.013 0.041 0.763 0.002 0.008 0.003]
 [0.025 0.002 0.034 0.034 0.039 0.13  0.011 0.707 0.001 0.017]
 [0.192 0.029 0.009 0.004 0.002 0.013 0.006 0.001 0.711 0.033]
 [0.024 0.073 0.008 0.005 0.002 0.006 0.    0.001 0.01  0.871]]
[2025-06-11 14:25:50,486 INFO] 12000 iteration, USE_EMA: True, {'train/sup_loss': tensor(0.0983, device='cuda:0'), 'train/unsup_loss': tensor(0.0037, device='cuda:0'), 'train/total_loss': tensor(0.4656, device='cuda:0'), 'lr': 0.02036250838708284, 'train/prefecth_time': 0.09311225891113281, 'train/run_time': 0.11611357116699218, 'eval/loss': tensor(1.0907, device='cuda:0'), 'eval/top-1-acc': 0.6754, 'eval/top-5-acc': np.float64(0.9551)}, BEST_EVAL_ACC: 0.6754, at 12000 iters
[2025-06-11 14:26:15,489 INFO] confusion matrix:
[[0.748 0.027 0.027 0.014 0.007 0.026 0.012 0.015 0.079 0.045]
 [0.015 0.912 0.001 0.    0.    0.01  0.001 0.001 0.005 0.055]
 [0.127 0.001 0.485 0.047 0.079 0.115 0.112 0.012 0.011 0.011]
 [0.051 0.007 0.095 0.428 0.023 0.242 0.086 0.027 0.013 0.028]
 [0.077 0.002 0.062 0.043 0.548 0.058 0.083 0.115 0.005 0.007]
 [0.016 0.006 0.09  0.229 0.033 0.574 0.017 0.028 0.001 0.006]
 [0.009 0.002 0.054 0.1   0.011 0.041 0.77  0.002 0.008 0.003]
 [0.026 0.002 0.034 0.032 0.039 0.131 0.012 0.706 0.001 0.017]
 [0.186 0.026 0.01  0.004 0.002 0.012 0.006 0.001 0.722 0.031]
 [0.025 0.073 0.008 0.005 0.002 0.006 0.    0.001 0.014 0.866]]
[2025-06-11 14:26:15,494 INFO] 12100 iteration, USE_EMA: True, {'train/sup_loss': tensor(0.2448, device='cuda:0'), 'train/unsup_loss': tensor(0.0056, device='cuda:0'), 'train/total_loss': tensor(0.8012, device='cuda:0'), 'lr': 0.020210626045488605, 'train/prefecth_time': 0.08909903717041015, 'train/run_time': 0.11711264038085938, 'eval/loss': tensor(1.0867, device='cuda:0'), 'eval/top-1-acc': 0.6759, 'eval/top-5-acc': np.float64(0.9563)}, BEST_EVAL_ACC: 0.6759, at 12100 iters
[2025-06-11 14:26:40,504 INFO] confusion matrix:
[[0.743 0.031 0.028 0.013 0.007 0.025 0.011 0.014 0.084 0.044]
 [0.015 0.916 0.001 0.    0.    0.01  0.001 0.001 0.005 0.051]
 [0.128 0.001 0.485 0.047 0.081 0.112 0.113 0.012 0.011 0.01 ]
 [0.051 0.007 0.094 0.428 0.024 0.237 0.089 0.026 0.016 0.028]
 [0.079 0.003 0.061 0.042 0.553 0.055 0.082 0.114 0.006 0.005]
 [0.017 0.006 0.09  0.227 0.036 0.568 0.02  0.028 0.002 0.006]
 [0.009 0.002 0.052 0.094 0.011 0.039 0.779 0.002 0.009 0.003]
 [0.027 0.002 0.033 0.033 0.042 0.127 0.013 0.706 0.001 0.016]
 [0.183 0.026 0.009 0.003 0.002 0.013 0.006 0.001 0.731 0.026]
 [0.026 0.076 0.009 0.004 0.002 0.006 0.    0.001 0.012 0.864]]
[2025-06-11 14:26:40,509 INFO] 12200 iteration, USE_EMA: True, {'train/sup_loss': tensor(1.2165, device='cuda:0'), 'train/unsup_loss': tensor(0.0144, device='cuda:0'), 'train/total_loss': tensor(2.6539, device='cuda:0'), 'lr': 0.02005778920830477, 'train/prefecth_time': 0.09003984069824218, 'train/run_time': 0.11573455810546875, 'eval/loss': tensor(1.0845, device='cuda:0'), 'eval/top-1-acc': 0.6773, 'eval/top-5-acc': np.float64(0.9559)}, BEST_EVAL_ACC: 0.6773, at 12200 iters
[2025-06-11 14:27:05,629 INFO] confusion matrix:
[[0.747 0.03  0.027 0.014 0.006 0.025 0.011 0.013 0.083 0.044]
 [0.015 0.917 0.    0.    0.    0.011 0.001 0.001 0.005 0.05 ]
 [0.127 0.001 0.478 0.045 0.078 0.117 0.119 0.013 0.011 0.011]
 [0.051 0.008 0.093 0.421 0.023 0.241 0.093 0.027 0.014 0.029]
 [0.074 0.003 0.061 0.041 0.554 0.057 0.085 0.113 0.007 0.005]
 [0.017 0.006 0.089 0.226 0.038 0.57  0.019 0.026 0.003 0.006]
 [0.009 0.002 0.053 0.09  0.013 0.039 0.781 0.002 0.008 0.003]
 [0.026 0.002 0.032 0.032 0.042 0.13  0.013 0.705 0.001 0.017]
 [0.171 0.027 0.009 0.003 0.002 0.013 0.006 0.001 0.742 0.026]
 [0.026 0.077 0.009 0.004 0.002 0.006 0.    0.001 0.011 0.864]]
[2025-06-11 14:27:05,634 INFO] 12300 iteration, USE_EMA: True, {'train/sup_loss': tensor(0.0817, device='cuda:0'), 'train/unsup_loss': tensor(0.0043, device='cuda:0'), 'train/total_loss': tensor(0.5155, device='cuda:0'), 'lr': 0.01990400509361982, 'train/prefecth_time': 0.08645865631103515, 'train/run_time': 0.11622163391113281, 'eval/loss': tensor(1.0822, device='cuda:0'), 'eval/top-1-acc': 0.6779, 'eval/top-5-acc': np.float64(0.9553)}, BEST_EVAL_ACC: 0.6779, at 12300 iters
[2025-06-11 14:27:30,944 INFO] confusion matrix:
[[0.75  0.03  0.028 0.013 0.006 0.027 0.011 0.013 0.078 0.044]
 [0.016 0.916 0.    0.    0.001 0.011 0.001 0.001 0.005 0.049]
 [0.128 0.001 0.471 0.045 0.08  0.121 0.119 0.013 0.011 0.011]
 [0.053 0.006 0.093 0.406 0.023 0.25  0.098 0.028 0.015 0.028]
 [0.073 0.003 0.054 0.041 0.556 0.059 0.09  0.112 0.007 0.005]
 [0.016 0.005 0.09  0.22  0.037 0.577 0.02  0.026 0.003 0.006]
 [0.009 0.003 0.048 0.084 0.012 0.042 0.79  0.001 0.008 0.003]
 [0.025 0.002 0.032 0.031 0.038 0.133 0.015 0.707 0.001 0.016]
 [0.168 0.027 0.009 0.003 0.002 0.013 0.006 0.001 0.743 0.028]
 [0.028 0.073 0.008 0.003 0.002 0.006 0.    0.001 0.011 0.868]]
[2025-06-11 14:27:30,949 INFO] 12400 iteration, USE_EMA: True, {'train/sup_loss': tensor(1.6137, device='cuda:0'), 'train/unsup_loss': tensor(0.0197, device='cuda:0'), 'train/total_loss': tensor(3.5838, device='cuda:0'), 'lr': 0.01974928096425969, 'train/prefecth_time': 0.11661491394042969, 'train/run_time': 0.11584684753417969, 'eval/loss': tensor(1.0818, device='cuda:0'), 'eval/top-1-acc': 0.6784, 'eval/top-5-acc': np.float64(0.9552)}, BEST_EVAL_ACC: 0.6784, at 12400 iters
[2025-06-11 14:27:56,168 INFO] confusion matrix:
[[0.75  0.031 0.025 0.013 0.006 0.027 0.011 0.013 0.078 0.046]
 [0.014 0.918 0.    0.    0.001 0.011 0.001 0.001 0.005 0.049]
 [0.128 0.002 0.469 0.043 0.079 0.124 0.119 0.014 0.011 0.011]
 [0.053 0.006 0.093 0.399 0.023 0.257 0.098 0.028 0.015 0.028]
 [0.071 0.004 0.053 0.04  0.549 0.064 0.091 0.115 0.007 0.006]
 [0.018 0.005 0.087 0.218 0.035 0.582 0.021 0.026 0.002 0.006]
 [0.01  0.002 0.052 0.078 0.012 0.045 0.789 0.001 0.008 0.003]
 [0.025 0.002 0.032 0.032 0.035 0.138 0.013 0.707 0.001 0.015]
 [0.167 0.027 0.01  0.004 0.002 0.013 0.006 0.001 0.74  0.03 ]
 [0.029 0.068 0.008 0.003 0.002 0.006 0.    0.001 0.009 0.874]]
[2025-06-11 14:27:56,173 INFO] 12500 iteration, USE_EMA: True, {'train/sup_loss': tensor(0.2618, device='cuda:0'), 'train/unsup_loss': tensor(0.0065, device='cuda:0'), 'train/total_loss': tensor(0.9100, device='cuda:0'), 'lr': 0.019593624127444798, 'train/prefecth_time': 0.11631619262695313, 'train/run_time': 0.11773744201660157, 'eval/loss': tensor(1.0857, device='cuda:0'), 'eval/top-1-acc': 0.6777, 'eval/top-5-acc': np.float64(0.954)}, BEST_EVAL_ACC: 0.6784, at 12400 iters
[2025-06-11 14:28:21,417 INFO] confusion matrix:
[[0.753 0.032 0.023 0.009 0.006 0.027 0.01  0.013 0.084 0.043]
 [0.013 0.92  0.    0.    0.001 0.01  0.001 0.002 0.005 0.048]
 [0.13  0.002 0.466 0.043 0.089 0.121 0.113 0.014 0.011 0.011]
 [0.056 0.006 0.09  0.392 0.025 0.26  0.098 0.03  0.015 0.028]
 [0.072 0.004 0.052 0.036 0.559 0.06  0.083 0.121 0.007 0.006]
 [0.019 0.004 0.087 0.211 0.036 0.588 0.021 0.027 0.002 0.005]
 [0.01  0.003 0.054 0.077 0.013 0.045 0.785 0.002 0.008 0.003]
 [0.026 0.002 0.029 0.031 0.037 0.132 0.013 0.714 0.001 0.015]
 [0.167 0.027 0.01  0.004 0.003 0.012 0.006 0.001 0.744 0.026]
 [0.029 0.068 0.008 0.004 0.002 0.006 0.    0.002 0.01  0.871]]
[2025-06-11 14:28:21,423 INFO] 12600 iteration, USE_EMA: True, {'train/sup_loss': tensor(0.3869, device='cuda:0'), 'train/unsup_loss': tensor(0.0042, device='cuda:0'), 'train/total_loss': tensor(0.8032, device='cuda:0'), 'lr': 0.019437041934444902, 'train/prefecth_time': 0.0965357437133789, 'train/run_time': 0.11623526763916016, 'eval/loss': tensor(1.0900, device='cuda:0'), 'eval/top-1-acc': 0.6792, 'eval/top-5-acc': np.float64(0.9539)}, BEST_EVAL_ACC: 0.6792, at 12600 iters
[2025-06-11 14:28:46,961 INFO] confusion matrix:
[[0.757 0.031 0.022 0.009 0.007 0.028 0.009 0.012 0.083 0.042]
 [0.013 0.92  0.    0.    0.001 0.011 0.001 0.002 0.005 0.047]
 [0.13  0.002 0.465 0.042 0.089 0.126 0.108 0.015 0.012 0.011]
 [0.055 0.006 0.092 0.389 0.026 0.262 0.098 0.029 0.015 0.028]
 [0.076 0.004 0.05  0.036 0.558 0.065 0.077 0.122 0.007 0.005]
 [0.019 0.005 0.084 0.208 0.035 0.593 0.02  0.029 0.002 0.005]
 [0.01  0.003 0.054 0.078 0.013 0.045 0.784 0.002 0.008 0.003]
 [0.025 0.002 0.029 0.03  0.034 0.139 0.013 0.713 0.001 0.014]
 [0.171 0.024 0.01  0.003 0.003 0.015 0.006 0.    0.741 0.027]
 [0.029 0.072 0.008 0.004 0.002 0.006 0.    0.002 0.011 0.866]]
[2025-06-11 14:28:46,966 INFO] 12700 iteration, USE_EMA: True, {'train/sup_loss': tensor(0.5366, device='cuda:0'), 'train/unsup_loss': tensor(0.0081, device='cuda:0'), 'train/total_loss': tensor(1.3476, device='cuda:0'), 'lr': 0.019279541780231963, 'train/prefecth_time': 0.09195779418945313, 'train/run_time': 0.11606470489501954, 'eval/loss': tensor(1.0939, device='cuda:0'), 'eval/top-1-acc': 0.6786, 'eval/top-5-acc': np.float64(0.9538)}, BEST_EVAL_ACC: 0.6792, at 12600 iters
[2025-06-11 14:29:12,184 INFO] confusion matrix:
[[0.762 0.031 0.021 0.008 0.007 0.029 0.008 0.012 0.083 0.039]
 [0.013 0.923 0.    0.    0.001 0.01  0.001 0.002 0.004 0.046]
 [0.131 0.002 0.456 0.045 0.091 0.129 0.106 0.014 0.014 0.012]
 [0.056 0.006 0.092 0.383 0.027 0.27  0.095 0.028 0.015 0.028]
 [0.074 0.004 0.047 0.038 0.556 0.066 0.076 0.126 0.007 0.006]
 [0.02  0.005 0.083 0.206 0.035 0.596 0.019 0.028 0.003 0.005]
 [0.01  0.004 0.052 0.081 0.015 0.046 0.776 0.002 0.011 0.003]
 [0.026 0.002 0.028 0.031 0.034 0.142 0.013 0.71  0.001 0.013]
 [0.171 0.026 0.01  0.002 0.003 0.014 0.006 0.    0.74  0.028]
 [0.029 0.08  0.007 0.005 0.002 0.006 0.    0.002 0.011 0.858]]
[2025-06-11 14:29:12,193 INFO] 12800 iteration, USE_EMA: True, {'train/sup_loss': tensor(1.0035, device='cuda:0'), 'train/unsup_loss': tensor(0.0109, device='cuda:0'), 'train/total_loss': tensor(2.0982, device='cuda:0'), 'lr': 0.019121131103130844, 'train/prefecth_time': 0.09286761474609374, 'train/run_time': 0.11592908477783204, 'eval/loss': tensor(1.0977, device='cuda:0'), 'eval/top-1-acc': 0.676, 'eval/top-5-acc': np.float64(0.9536)}, BEST_EVAL_ACC: 0.6792, at 12600 iters
[2025-06-11 14:29:37,050 INFO] confusion matrix:
[[0.767 0.031 0.019 0.008 0.007 0.027 0.01  0.013 0.079 0.039]
 [0.013 0.916 0.    0.    0.001 0.011 0.001 0.002 0.007 0.049]
 [0.132 0.002 0.459 0.045 0.093 0.122 0.109 0.012 0.015 0.011]
 [0.059 0.006 0.092 0.382 0.029 0.266 0.096 0.028 0.017 0.025]
 [0.074 0.004 0.047 0.038 0.548 0.067 0.083 0.127 0.007 0.005]
 [0.021 0.005 0.085 0.207 0.033 0.591 0.019 0.03  0.004 0.005]
 [0.01  0.004 0.051 0.077 0.015 0.045 0.779 0.002 0.014 0.003]
 [0.027 0.002 0.029 0.031 0.035 0.135 0.013 0.713 0.001 0.014]
 [0.174 0.024 0.009 0.003 0.003 0.014 0.006 0.001 0.739 0.027]
 [0.03  0.075 0.007 0.005 0.002 0.006 0.    0.002 0.01  0.863]]
[2025-06-11 14:29:37,058 INFO] 12900 iteration, USE_EMA: True, {'train/sup_loss': tensor(0.3593, device='cuda:0'), 'train/unsup_loss': tensor(0.0045, device='cuda:0'), 'train/total_loss': tensor(0.8133, device='cuda:0'), 'lr': 0.018961817384468074, 'train/prefecth_time': 0.08696198272705079, 'train/run_time': 0.11669884490966796, 'eval/loss': tensor(1.0968, device='cuda:0'), 'eval/top-1-acc': 0.6757, 'eval/top-5-acc': np.float64(0.9539)}, BEST_EVAL_ACC: 0.6792, at 12600 iters
[2025-06-11 14:30:02,019 INFO] confusion matrix:
[[0.77  0.03  0.015 0.008 0.007 0.028 0.01  0.013 0.08  0.039]
 [0.013 0.92  0.    0.    0.001 0.012 0.001 0.002 0.007 0.044]
 [0.13  0.003 0.465 0.042 0.093 0.121 0.109 0.013 0.013 0.011]
 [0.062 0.006 0.092 0.387 0.028 0.26  0.095 0.029 0.015 0.026]
 [0.072 0.004 0.049 0.04  0.559 0.061 0.078 0.126 0.007 0.004]
 [0.02  0.005 0.084 0.208 0.033 0.59  0.018 0.033 0.004 0.005]
 [0.012 0.005 0.052 0.079 0.015 0.043 0.777 0.002 0.012 0.003]
 [0.026 0.002 0.029 0.029 0.036 0.133 0.013 0.72  0.001 0.011]
 [0.179 0.024 0.009 0.003 0.003 0.014 0.006 0.001 0.734 0.027]
 [0.029 0.079 0.008 0.005 0.002 0.005 0.001 0.002 0.009 0.86 ]]
[2025-06-11 14:30:02,024 INFO] 13000 iteration, USE_EMA: True, {'train/sup_loss': tensor(0.1161, device='cuda:0'), 'train/unsup_loss': tensor(0.0045, device='cuda:0'), 'train/total_loss': tensor(0.5627, device='cuda:0'), 'lr': 0.018801608148218487, 'train/prefecth_time': 0.09233999633789063, 'train/run_time': 0.11600691223144531, 'eval/loss': tensor(1.0946, device='cuda:0'), 'eval/top-1-acc': 0.6782, 'eval/top-5-acc': np.float64(0.9539)}, BEST_EVAL_ACC: 0.6792, at 12600 iters
[2025-06-11 14:30:27,483 INFO] confusion matrix:
[[0.784 0.029 0.013 0.007 0.007 0.028 0.01  0.013 0.072 0.037]
 [0.011 0.917 0.001 0.    0.001 0.012 0.001 0.002 0.007 0.048]
 [0.137 0.003 0.461 0.04  0.09  0.12  0.11  0.015 0.013 0.011]
 [0.065 0.006 0.092 0.392 0.026 0.257 0.093 0.029 0.016 0.024]
 [0.075 0.005 0.048 0.04  0.554 0.061 0.081 0.125 0.007 0.004]
 [0.021 0.005 0.085 0.204 0.035 0.588 0.019 0.035 0.004 0.004]
 [0.014 0.003 0.051 0.081 0.015 0.042 0.776 0.003 0.012 0.003]
 [0.025 0.002 0.029 0.028 0.035 0.132 0.013 0.725 0.001 0.01 ]
 [0.183 0.024 0.009 0.004 0.002 0.015 0.006 0.001 0.729 0.027]
 [0.029 0.078 0.008 0.005 0.002 0.006 0.001 0.002 0.009 0.86 ]]
[2025-06-11 14:30:27,488 INFO] 13100 iteration, USE_EMA: True, {'train/sup_loss': tensor(0.8477, device='cuda:0'), 'train/unsup_loss': tensor(0.0078, device='cuda:0'), 'train/total_loss': tensor(1.6308, device='cuda:0'), 'lr': 0.01864051096064991, 'train/prefecth_time': 0.0872836456298828, 'train/run_time': 0.11575084686279297, 'eval/loss': tensor(1.0929, device='cuda:0'), 'eval/top-1-acc': 0.6786, 'eval/top-5-acc': np.float64(0.9538)}, BEST_EVAL_ACC: 0.6792, at 12600 iters
[2025-06-11 14:30:52,756 INFO] confusion matrix:
[[0.787 0.028 0.013 0.007 0.007 0.029 0.01  0.013 0.067 0.039]
 [0.01  0.917 0.    0.    0.001 0.013 0.001 0.003 0.007 0.048]
 [0.135 0.002 0.466 0.04  0.09  0.122 0.107 0.015 0.012 0.011]
 [0.061 0.006 0.095 0.387 0.027 0.264 0.092 0.029 0.015 0.024]
 [0.074 0.005 0.046 0.036 0.565 0.063 0.078 0.122 0.007 0.004]
 [0.019 0.005 0.086 0.201 0.036 0.592 0.019 0.034 0.003 0.005]
 [0.014 0.002 0.051 0.082 0.016 0.045 0.771 0.003 0.013 0.003]
 [0.025 0.002 0.03  0.029 0.036 0.133 0.011 0.723 0.001 0.01 ]
 [0.187 0.025 0.009 0.004 0.002 0.015 0.006 0.001 0.724 0.027]
 [0.029 0.077 0.008 0.005 0.002 0.006 0.001 0.002 0.009 0.861]]
[2025-06-11 14:30:52,762 INFO] 13200 iteration, USE_EMA: True, {'train/sup_loss': tensor(1.2904, device='cuda:0'), 'train/unsup_loss': tensor(0.0178, device='cuda:0'), 'train/total_loss': tensor(3.0711, device='cuda:0'), 'lr': 0.01847853342996579, 'train/prefecth_time': 0.10063638305664062, 'train/run_time': 0.1168117446899414, 'eval/loss': tensor(1.0898, device='cuda:0'), 'eval/top-1-acc': 0.6793, 'eval/top-5-acc': np.float64(0.9545)}, BEST_EVAL_ACC: 0.6793, at 13200 iters
[2025-06-11 14:31:18,080 INFO] confusion matrix:
[[0.791 0.028 0.014 0.008 0.007 0.03  0.008 0.013 0.064 0.037]
 [0.011 0.917 0.001 0.    0.001 0.012 0.001 0.003 0.007 0.047]
 [0.136 0.003 0.474 0.039 0.096 0.116 0.102 0.013 0.01  0.011]
 [0.063 0.006 0.095 0.393 0.028 0.255 0.095 0.026 0.014 0.025]
 [0.078 0.005 0.046 0.033 0.582 0.058 0.073 0.116 0.006 0.003]
 [0.02  0.005 0.086 0.206 0.038 0.586 0.017 0.033 0.003 0.006]
 [0.014 0.003 0.052 0.08  0.02  0.045 0.77  0.003 0.01  0.003]
 [0.025 0.002 0.031 0.029 0.043 0.13  0.01  0.717 0.001 0.012]
 [0.19  0.024 0.01  0.003 0.002 0.012 0.007 0.001 0.725 0.026]
 [0.029 0.076 0.008 0.005 0.002 0.006 0.001 0.002 0.01  0.861]]
[2025-06-11 14:31:18,085 INFO] 13300 iteration, USE_EMA: True, {'train/sup_loss': tensor(1.0137, device='cuda:0'), 'train/unsup_loss': tensor(0.0129, device='cuda:0'), 'train/total_loss': tensor(2.3003, device='cuda:0'), 'lr': 0.018315683205945926, 'train/prefecth_time': 0.09334912109375, 'train/run_time': 0.11597264099121093, 'eval/loss': tensor(1.0872, device='cuda:0'), 'eval/top-1-acc': 0.6816, 'eval/top-5-acc': np.float64(0.9543)}, BEST_EVAL_ACC: 0.6816, at 13300 iters
[2025-06-11 14:31:43,306 INFO] confusion matrix:
[[0.799 0.028 0.013 0.007 0.008 0.03  0.007 0.011 0.059 0.038]
 [0.011 0.917 0.001 0.    0.001 0.011 0.001 0.003 0.007 0.048]
 [0.141 0.003 0.472 0.04  0.095 0.117 0.097 0.013 0.011 0.011]
 [0.067 0.006 0.092 0.402 0.028 0.249 0.089 0.025 0.016 0.026]
 [0.079 0.005 0.046 0.033 0.583 0.056 0.07  0.118 0.006 0.004]
 [0.02  0.005 0.086 0.199 0.039 0.592 0.017 0.032 0.004 0.006]
 [0.016 0.003 0.051 0.081 0.02  0.046 0.764 0.003 0.013 0.003]
 [0.027 0.002 0.031 0.028 0.043 0.128 0.009 0.719 0.001 0.012]
 [0.194 0.023 0.009 0.004 0.002 0.012 0.007 0.001 0.721 0.027]
 [0.029 0.076 0.008 0.005 0.002 0.005 0.001 0.002 0.011 0.861]]
[2025-06-11 14:31:43,311 INFO] 13400 iteration, USE_EMA: True, {'train/sup_loss': tensor(1.2734, device='cuda:0'), 'train/unsup_loss': tensor(0.0179, device='cuda:0'), 'train/total_loss': tensor(3.0653, device='cuda:0'), 'lr': 0.018151967979585158, 'train/prefecth_time': 0.08877347564697266, 'train/run_time': 0.11603961944580078, 'eval/loss': tensor(1.0843, device='cuda:0'), 'eval/top-1-acc': 0.683, 'eval/top-5-acc': np.float64(0.9541)}, BEST_EVAL_ACC: 0.683, at 13400 iters
[2025-06-11 14:32:08,619 INFO] confusion matrix:
[[0.804 0.028 0.012 0.007 0.008 0.028 0.007 0.011 0.056 0.039]
 [0.011 0.919 0.001 0.    0.001 0.012 0.001 0.002 0.008 0.045]
 [0.141 0.002 0.479 0.041 0.099 0.115 0.088 0.012 0.012 0.011]
 [0.068 0.006 0.094 0.423 0.029 0.232 0.083 0.025 0.016 0.024]
 [0.078 0.006 0.048 0.036 0.587 0.05  0.064 0.121 0.006 0.004]
 [0.019 0.005 0.087 0.206 0.041 0.588 0.013 0.032 0.003 0.006]
 [0.016 0.003 0.053 0.091 0.024 0.043 0.75  0.002 0.014 0.004]
 [0.027 0.002 0.031 0.028 0.043 0.129 0.009 0.718 0.001 0.012]
 [0.193 0.023 0.009 0.004 0.002 0.015 0.006 0.001 0.72  0.027]
 [0.029 0.08  0.008 0.005 0.002 0.006 0.    0.001 0.009 0.86 ]]
[2025-06-11 14:32:08,624 INFO] 13500 iteration, USE_EMA: True, {'train/sup_loss': tensor(0.1387, device='cuda:0'), 'train/unsup_loss': tensor(0.0044, device='cuda:0'), 'train/total_loss': tensor(0.5809, device='cuda:0'), 'lr': 0.01798739548273014, 'train/prefecth_time': 0.08851107025146485, 'train/run_time': 0.11574896240234375, 'eval/loss': tensor(1.0815, device='cuda:0'), 'eval/top-1-acc': 0.6848, 'eval/top-5-acc': np.float64(0.955)}, BEST_EVAL_ACC: 0.6848, at 13500 iters
[2025-06-11 14:32:33,926 INFO] confusion matrix:
[[0.813 0.026 0.011 0.007 0.008 0.027 0.006 0.011 0.052 0.039]
 [0.012 0.924 0.001 0.    0.001 0.01  0.001 0.002 0.008 0.041]
 [0.14  0.002 0.486 0.04  0.1   0.11  0.089 0.012 0.011 0.01 ]
 [0.07  0.006 0.094 0.423 0.028 0.226 0.083 0.026 0.018 0.026]
 [0.078 0.005 0.045 0.035 0.588 0.048 0.071 0.12  0.006 0.004]
 [0.02  0.005 0.088 0.205 0.043 0.586 0.012 0.032 0.003 0.006]
 [0.016 0.005 0.053 0.089 0.022 0.041 0.754 0.002 0.014 0.004]
 [0.029 0.002 0.031 0.029 0.045 0.126 0.009 0.715 0.001 0.013]
 [0.199 0.024 0.009 0.004 0.002 0.015 0.005 0.002 0.715 0.025]
 [0.029 0.082 0.008 0.005 0.002 0.004 0.    0.001 0.01  0.859]]
[2025-06-11 14:32:33,931 INFO] 13600 iteration, USE_EMA: True, {'train/sup_loss': tensor(0.0726, device='cuda:0'), 'train/unsup_loss': tensor(0.0049, device='cuda:0'), 'train/total_loss': tensor(0.5656, device='cuda:0'), 'lr': 0.017821973487714207, 'train/prefecth_time': 0.10125516510009766, 'train/run_time': 0.11614002990722656, 'eval/loss': tensor(1.0765, device='cuda:0'), 'eval/top-1-acc': 0.6863, 'eval/top-5-acc': np.float64(0.955)}, BEST_EVAL_ACC: 0.6863, at 13600 iters
[2025-06-11 14:32:59,070 INFO] confusion matrix:
[[0.814 0.027 0.009 0.007 0.008 0.026 0.007 0.012 0.053 0.037]
 [0.012 0.926 0.001 0.    0.001 0.01  0.001 0.002 0.008 0.039]
 [0.143 0.002 0.487 0.039 0.1   0.101 0.097 0.012 0.01  0.009]
 [0.07  0.007 0.091 0.424 0.027 0.22  0.089 0.027 0.018 0.027]
 [0.077 0.004 0.047 0.034 0.59  0.047 0.074 0.118 0.006 0.003]
 [0.021 0.005 0.086 0.207 0.046 0.578 0.015 0.033 0.003 0.006]
 [0.015 0.005 0.052 0.086 0.02  0.04  0.762 0.002 0.015 0.003]
 [0.03  0.002 0.03  0.029 0.046 0.124 0.009 0.717 0.    0.013]
 [0.199 0.026 0.008 0.004 0.002 0.013 0.005 0.002 0.716 0.025]
 [0.031 0.084 0.008 0.005 0.002 0.004 0.001 0.002 0.01  0.853]]
[2025-06-11 14:32:59,075 INFO] 13700 iteration, USE_EMA: True, {'train/sup_loss': tensor(0.1460, device='cuda:0'), 'train/unsup_loss': tensor(0.0046, device='cuda:0'), 'train/total_loss': tensor(0.6012, device='cuda:0'), 'lr': 0.017655709806990286, 'train/prefecth_time': 0.13350653076171876, 'train/run_time': 0.1179730224609375, 'eval/loss': tensor(1.0761, device='cuda:0'), 'eval/top-1-acc': 0.6867, 'eval/top-5-acc': np.float64(0.9549)}, BEST_EVAL_ACC: 0.6867, at 13700 iters
[2025-06-11 14:33:24,323 INFO] confusion matrix:
[[0.815 0.028 0.011 0.007 0.008 0.026 0.007 0.012 0.049 0.037]
 [0.01  0.927 0.001 0.    0.001 0.009 0.001 0.003 0.007 0.041]
 [0.147 0.002 0.485 0.041 0.096 0.099 0.1   0.013 0.009 0.008]
 [0.072 0.008 0.09  0.43  0.028 0.211 0.087 0.028 0.019 0.027]
 [0.08  0.004 0.045 0.034 0.594 0.047 0.074 0.114 0.005 0.003]
 [0.021 0.005 0.085 0.211 0.046 0.572 0.016 0.035 0.003 0.006]
 [0.015 0.004 0.053 0.09  0.02  0.035 0.764 0.002 0.014 0.003]
 [0.029 0.002 0.03  0.029 0.047 0.123 0.009 0.718 0.001 0.012]
 [0.203 0.026 0.008 0.004 0.002 0.012 0.005 0.002 0.712 0.026]
 [0.03  0.083 0.008 0.006 0.002 0.004 0.001 0.002 0.008 0.856]]
[2025-06-11 14:33:24,328 INFO] 13800 iteration, USE_EMA: True, {'train/sup_loss': tensor(0.2330, device='cuda:0'), 'train/unsup_loss': tensor(0.0058, device='cuda:0'), 'train/total_loss': tensor(0.8112, device='cuda:0'), 'lr': 0.017488612292761947, 'train/prefecth_time': 0.12529641723632812, 'train/run_time': 0.11724752044677735, 'eval/loss': tensor(1.0802, device='cuda:0'), 'eval/top-1-acc': 0.6873, 'eval/top-5-acc': np.float64(0.953)}, BEST_EVAL_ACC: 0.6873, at 13800 iters
[2025-06-11 14:33:49,635 INFO] confusion matrix:
[[0.807 0.026 0.009 0.007 0.009 0.026 0.011 0.011 0.055 0.039]
 [0.009 0.93  0.    0.    0.001 0.011 0.001 0.003 0.007 0.038]
 [0.143 0.003 0.485 0.043 0.096 0.102 0.098 0.013 0.009 0.008]
 [0.069 0.01  0.092 0.426 0.03  0.215 0.087 0.026 0.019 0.026]
 [0.079 0.004 0.046 0.034 0.599 0.047 0.075 0.108 0.005 0.003]
 [0.02  0.005 0.085 0.205 0.049 0.576 0.016 0.036 0.003 0.005]
 [0.014 0.004 0.053 0.088 0.019 0.037 0.767 0.002 0.014 0.002]
 [0.027 0.002 0.028 0.03  0.049 0.124 0.01  0.718 0.001 0.011]
 [0.204 0.028 0.008 0.004 0.002 0.012 0.005 0.002 0.709 0.026]
 [0.03  0.084 0.008 0.005 0.002 0.004 0.001 0.002 0.01  0.854]]
[2025-06-11 14:33:49,640 INFO] 13900 iteration, USE_EMA: True, {'train/sup_loss': tensor(1.4531, device='cuda:0'), 'train/unsup_loss': tensor(0.0211, device='cuda:0'), 'train/total_loss': tensor(3.5633, device='cuda:0'), 'lr': 0.017320688836612558, 'train/prefecth_time': 0.13139862060546875, 'train/run_time': 0.12003731536865235, 'eval/loss': tensor(1.0773, device='cuda:0'), 'eval/top-1-acc': 0.6871, 'eval/top-5-acc': np.float64(0.9528)}, BEST_EVAL_ACC: 0.6873, at 13800 iters
[2025-06-11 14:34:14,990 INFO] confusion matrix:
[[0.807 0.026 0.01  0.007 0.009 0.026 0.01  0.012 0.054 0.039]
 [0.008 0.931 0.    0.    0.001 0.012 0.001 0.002 0.007 0.038]
 [0.138 0.003 0.488 0.043 0.098 0.102 0.096 0.014 0.01  0.008]
 [0.066 0.01  0.093 0.426 0.033 0.215 0.085 0.029 0.019 0.024]
 [0.083 0.004 0.045 0.034 0.595 0.047 0.079 0.106 0.004 0.003]
 [0.02  0.005 0.084 0.202 0.047 0.579 0.017 0.037 0.004 0.005]
 [0.012 0.004 0.054 0.094 0.019 0.037 0.761 0.002 0.015 0.002]
 [0.027 0.001 0.028 0.029 0.05  0.122 0.01  0.72  0.001 0.012]
 [0.218 0.029 0.009 0.004 0.002 0.011 0.005 0.002 0.695 0.025]
 [0.029 0.083 0.008 0.006 0.003 0.004 0.001 0.002 0.009 0.855]]
[2025-06-11 14:34:14,995 INFO] 14000 iteration, USE_EMA: True, {'train/sup_loss': tensor(0.0618, device='cuda:0'), 'train/unsup_loss': tensor(0.0044, device='cuda:0'), 'train/total_loss': tensor(0.5040, device='cuda:0'), 'lr': 0.017151947369132583, 'train/prefecth_time': 0.12133580780029297, 'train/run_time': 0.11783968353271485, 'eval/loss': tensor(1.0744, device='cuda:0'), 'eval/top-1-acc': 0.6857, 'eval/top-5-acc': np.float64(0.9536)}, BEST_EVAL_ACC: 0.6873, at 13800 iters
[2025-06-11 14:34:40,346 INFO] confusion matrix:
[[0.804 0.027 0.013 0.008 0.009 0.026 0.011 0.012 0.05  0.04 ]
 [0.008 0.932 0.    0.    0.001 0.012 0.001 0.002 0.005 0.039]
 [0.137 0.002 0.491 0.042 0.097 0.101 0.098 0.013 0.01  0.009]
 [0.064 0.01  0.094 0.429 0.032 0.218 0.08  0.029 0.019 0.025]
 [0.083 0.004 0.046 0.031 0.588 0.047 0.08  0.114 0.004 0.003]
 [0.02  0.005 0.085 0.194 0.049 0.585 0.016 0.037 0.004 0.005]
 [0.012 0.004 0.055 0.097 0.018 0.037 0.759 0.002 0.015 0.001]
 [0.028 0.001 0.029 0.03  0.045 0.12  0.01  0.724 0.001 0.012]
 [0.223 0.032 0.009 0.004 0.002 0.011 0.005 0.002 0.687 0.025]
 [0.029 0.082 0.008 0.006 0.003 0.005 0.001 0.002 0.009 0.855]]
[2025-06-11 14:34:40,351 INFO] 14100 iteration, USE_EMA: True, {'train/sup_loss': tensor(0.6886, device='cuda:0'), 'train/unsup_loss': tensor(0.0055, device='cuda:0'), 'train/total_loss': tensor(1.2415, device='cuda:0'), 'lr': 0.016982395859545057, 'train/prefecth_time': 0.10742384338378906, 'train/run_time': 0.1204160614013672, 'eval/loss': tensor(1.0730, device='cuda:0'), 'eval/top-1-acc': 0.6854, 'eval/top-5-acc': np.float64(0.9535)}, BEST_EVAL_ACC: 0.6873, at 13800 iters
[2025-06-11 14:35:05,680 INFO] confusion matrix:
[[0.799 0.028 0.016 0.009 0.009 0.026 0.011 0.011 0.051 0.04 ]
 [0.008 0.931 0.    0.    0.001 0.011 0.002 0.003 0.005 0.039]
 [0.136 0.002 0.495 0.038 0.097 0.101 0.1   0.014 0.01  0.007]
 [0.064 0.01  0.097 0.43  0.031 0.218 0.077 0.03  0.019 0.024]
 [0.082 0.003 0.048 0.033 0.585 0.047 0.079 0.116 0.004 0.003]
 [0.021 0.005 0.086 0.196 0.048 0.581 0.016 0.039 0.004 0.004]
 [0.01  0.003 0.056 0.106 0.019 0.038 0.749 0.002 0.016 0.001]
 [0.028 0.002 0.031 0.028 0.046 0.12  0.01  0.724 0.001 0.01 ]
 [0.218 0.031 0.008 0.004 0.002 0.012 0.005 0.002 0.693 0.025]
 [0.03  0.077 0.007 0.005 0.003 0.005 0.001 0.002 0.01  0.86 ]]
[2025-06-11 14:35:05,685 INFO] 14200 iteration, USE_EMA: True, {'train/sup_loss': tensor(1.3774, device='cuda:0'), 'train/unsup_loss': tensor(0.0166, device='cuda:0'), 'train/total_loss': tensor(3.0389, device='cuda:0'), 'lr': 0.016812042315329196, 'train/prefecth_time': 0.08979865264892578, 'train/run_time': 0.1161178207397461, 'eval/loss': tensor(1.0741, device='cuda:0'), 'eval/top-1-acc': 0.6847, 'eval/top-5-acc': np.float64(0.954)}, BEST_EVAL_ACC: 0.6873, at 13800 iters
[2025-06-11 14:35:30,765 INFO] confusion matrix:
[[0.803 0.028 0.013 0.009 0.008 0.023 0.011 0.013 0.054 0.038]
 [0.008 0.931 0.    0.    0.001 0.01  0.001 0.003 0.006 0.04 ]
 [0.142 0.002 0.492 0.043 0.091 0.098 0.098 0.014 0.011 0.009]
 [0.064 0.01  0.094 0.441 0.03  0.214 0.075 0.028 0.019 0.025]
 [0.083 0.003 0.051 0.035 0.577 0.047 0.08  0.117 0.004 0.003]
 [0.022 0.005 0.085 0.199 0.044 0.58  0.017 0.037 0.004 0.007]
 [0.011 0.003 0.055 0.111 0.015 0.038 0.749 0.002 0.015 0.001]
 [0.028 0.002 0.031 0.029 0.048 0.116 0.01  0.725 0.001 0.01 ]
 [0.219 0.031 0.008 0.004 0.002 0.012 0.005 0.002 0.692 0.025]
 [0.031 0.074 0.007 0.005 0.002 0.005 0.001 0.002 0.012 0.861]]
[2025-06-11 14:35:30,770 INFO] 14300 iteration, USE_EMA: True, {'train/sup_loss': tensor(1.0415, device='cuda:0'), 'train/unsup_loss': tensor(0.0113, device='cuda:0'), 'train/total_loss': tensor(2.1712, device='cuda:0'), 'lr': 0.016640894781842247, 'train/prefecth_time': 0.0895467529296875, 'train/run_time': 0.11596463775634766, 'eval/loss': tensor(1.0731, device='cuda:0'), 'eval/top-1-acc': 0.6851, 'eval/top-5-acc': np.float64(0.9554)}, BEST_EVAL_ACC: 0.6873, at 13800 iters
[2025-06-11 14:35:55,982 INFO] confusion matrix:
[[0.798 0.028 0.015 0.01  0.009 0.023 0.011 0.013 0.057 0.036]
 [0.008 0.934 0.    0.    0.001 0.011 0.001 0.003 0.005 0.037]
 [0.139 0.002 0.499 0.044 0.092 0.096 0.096 0.013 0.01  0.009]
 [0.057 0.01  0.093 0.451 0.032 0.212 0.073 0.029 0.019 0.024]
 [0.084 0.003 0.055 0.037 0.583 0.045 0.078 0.109 0.003 0.003]
 [0.021 0.005 0.086 0.201 0.047 0.578 0.016 0.036 0.004 0.006]
 [0.01  0.003 0.055 0.116 0.016 0.037 0.745 0.002 0.015 0.001]
 [0.027 0.002 0.032 0.032 0.048 0.117 0.01  0.722 0.001 0.009]
 [0.21  0.029 0.008 0.004 0.002 0.012 0.005 0.002 0.703 0.025]
 [0.03  0.081 0.007 0.005 0.003 0.005 0.001 0.002 0.012 0.854]]
[2025-06-11 14:35:55,991 INFO] 14400 iteration, USE_EMA: True, {'train/sup_loss': tensor(1.0031, device='cuda:0'), 'train/unsup_loss': tensor(0.0101, device='cuda:0'), 'train/total_loss': tensor(2.0148, device='cuda:0'), 'lr': 0.016468961341939516, 'train/prefecth_time': 0.08756018829345703, 'train/run_time': 0.11599488067626954, 'eval/loss': tensor(1.0680, device='cuda:0'), 'eval/top-1-acc': 0.6867, 'eval/top-5-acc': np.float64(0.9556)}, BEST_EVAL_ACC: 0.6873, at 13800 iters
[2025-06-11 14:36:21,084 INFO] confusion matrix:
[[0.8   0.027 0.015 0.011 0.007 0.023 0.011 0.013 0.058 0.035]
 [0.009 0.931 0.    0.    0.001 0.01  0.001 0.003 0.007 0.038]
 [0.136 0.001 0.5   0.044 0.092 0.096 0.1   0.013 0.01  0.008]
 [0.055 0.01  0.095 0.459 0.032 0.21  0.067 0.029 0.019 0.024]
 [0.079 0.004 0.055 0.037 0.59  0.046 0.08  0.103 0.003 0.003]
 [0.02  0.005 0.086 0.207 0.048 0.573 0.016 0.036 0.004 0.005]
 [0.01  0.003 0.054 0.118 0.015 0.035 0.747 0.002 0.015 0.001]
 [0.027 0.002 0.032 0.031 0.054 0.117 0.011 0.716 0.001 0.009]
 [0.203 0.029 0.008 0.004 0.002 0.011 0.005 0.001 0.712 0.025]
 [0.031 0.074 0.007 0.005 0.003 0.005 0.001 0.002 0.012 0.86 ]]
[2025-06-11 14:36:21,091 INFO] 14500 iteration, USE_EMA: True, {'train/sup_loss': tensor(1.0675, device='cuda:0'), 'train/unsup_loss': tensor(0.0111, device='cuda:0'), 'train/total_loss': tensor(2.1817, device='cuda:0'), 'lr': 0.016296250115592617, 'train/prefecth_time': 0.09222230529785157, 'train/run_time': 0.11690799713134765, 'eval/loss': tensor(1.0646, device='cuda:0'), 'eval/top-1-acc': 0.6888, 'eval/top-5-acc': np.float64(0.9555)}, BEST_EVAL_ACC: 0.6888, at 14500 iters
[2025-06-11 14:36:46,167 INFO] confusion matrix:
[[0.8   0.026 0.014 0.011 0.008 0.025 0.011 0.012 0.057 0.036]
 [0.01  0.927 0.    0.    0.001 0.01  0.001 0.003 0.008 0.04 ]
 [0.137 0.001 0.494 0.045 0.09  0.1   0.101 0.013 0.01  0.009]
 [0.055 0.009 0.097 0.458 0.031 0.214 0.065 0.028 0.019 0.024]
 [0.078 0.004 0.05  0.039 0.592 0.047 0.083 0.101 0.003 0.003]
 [0.022 0.005 0.08  0.205 0.049 0.581 0.016 0.034 0.003 0.005]
 [0.01  0.003 0.053 0.116 0.014 0.041 0.745 0.002 0.014 0.002]
 [0.027 0.002 0.031 0.031 0.056 0.119 0.011 0.715 0.    0.008]
 [0.206 0.028 0.008 0.005 0.002 0.011 0.005 0.001 0.709 0.025]
 [0.03  0.074 0.007 0.005 0.003 0.005 0.001 0.002 0.011 0.862]]
[2025-06-11 14:36:46,174 INFO] 14600 iteration, USE_EMA: True, {'train/sup_loss': tensor(0.2029, device='cuda:0'), 'train/unsup_loss': tensor(0.0044, device='cuda:0'), 'train/total_loss': tensor(0.6418, device='cuda:0'), 'lr': 0.01612276925950603, 'train/prefecth_time': 0.08928761291503906, 'train/run_time': 0.116052001953125, 'eval/loss': tensor(1.0639, device='cuda:0'), 'eval/top-1-acc': 0.6883, 'eval/top-5-acc': np.float64(0.9555)}, BEST_EVAL_ACC: 0.6888, at 14500 iters
[2025-06-11 14:37:11,197 INFO] confusion matrix:
[[0.802 0.024 0.012 0.011 0.009 0.025 0.011 0.014 0.056 0.036]
 [0.01  0.925 0.    0.    0.001 0.01  0.001 0.003 0.008 0.042]
 [0.137 0.001 0.488 0.041 0.093 0.104 0.106 0.011 0.01  0.009]
 [0.056 0.01  0.094 0.463 0.031 0.21  0.064 0.027 0.02  0.025]
 [0.076 0.004 0.053 0.038 0.591 0.046 0.082 0.104 0.003 0.003]
 [0.022 0.005 0.08  0.204 0.046 0.583 0.02  0.033 0.002 0.005]
 [0.011 0.003 0.05  0.115 0.014 0.039 0.752 0.002 0.012 0.002]
 [0.027 0.002 0.029 0.032 0.054 0.12  0.011 0.716 0.    0.009]
 [0.213 0.027 0.008 0.005 0.001 0.01  0.005 0.001 0.704 0.026]
 [0.03  0.074 0.007 0.006 0.003 0.005 0.001 0.002 0.011 0.861]]
[2025-06-11 14:37:11,203 INFO] 14700 iteration, USE_EMA: True, {'train/sup_loss': tensor(0.1630, device='cuda:0'), 'train/unsup_loss': tensor(0.0053, device='cuda:0'), 'train/total_loss': tensor(0.6931, device='cuda:0'), 'lr': 0.01594852696673185, 'train/prefecth_time': 0.08804515075683594, 'train/run_time': 0.11613206481933594, 'eval/loss': tensor(1.0632, device='cuda:0'), 'eval/top-1-acc': 0.6885, 'eval/top-5-acc': np.float64(0.9563)}, BEST_EVAL_ACC: 0.6888, at 14500 iters
[2025-06-11 14:37:36,087 INFO] confusion matrix:
[[0.804 0.024 0.012 0.013 0.008 0.025 0.01  0.014 0.056 0.034]
 [0.01  0.921 0.    0.    0.001 0.011 0.001 0.003 0.009 0.044]
 [0.136 0.001 0.487 0.042 0.091 0.103 0.11  0.012 0.009 0.009]
 [0.055 0.009 0.097 0.457 0.031 0.216 0.064 0.027 0.02  0.024]
 [0.078 0.004 0.052 0.036 0.587 0.047 0.086 0.104 0.003 0.003]
 [0.02  0.005 0.081 0.195 0.046 0.593 0.018 0.034 0.003 0.005]
 [0.011 0.003 0.05  0.11  0.013 0.04  0.757 0.002 0.012 0.002]
 [0.028 0.002 0.028 0.03  0.052 0.12  0.011 0.721 0.    0.008]
 [0.215 0.025 0.008 0.005 0.001 0.009 0.005 0.002 0.706 0.024]
 [0.031 0.073 0.007 0.006 0.002 0.005 0.003 0.002 0.011 0.86 ]]
[2025-06-11 14:37:36,092 INFO] 14800 iteration, USE_EMA: True, {'train/sup_loss': tensor(1.2942, device='cuda:0'), 'train/unsup_loss': tensor(0.0185, device='cuda:0'), 'train/total_loss': tensor(3.1443, device='cuda:0'), 'lr': 0.01577353146628285, 'train/prefecth_time': 0.09529014587402344, 'train/run_time': 0.1161502685546875, 'eval/loss': tensor(1.0634, device='cuda:0'), 'eval/top-1-acc': 0.6893, 'eval/top-5-acc': np.float64(0.9557)}, BEST_EVAL_ACC: 0.6893, at 14800 iters
[2025-06-11 14:38:01,071 INFO] confusion matrix:
[[0.801 0.025 0.012 0.013 0.008 0.026 0.01  0.011 0.06  0.034]
 [0.01  0.919 0.    0.    0.001 0.011 0.001 0.003 0.011 0.044]
 [0.137 0.001 0.481 0.042 0.091 0.107 0.112 0.012 0.009 0.008]
 [0.056 0.01  0.096 0.461 0.032 0.212 0.064 0.026 0.019 0.024]
 [0.075 0.004 0.054 0.035 0.589 0.051 0.087 0.098 0.004 0.003]
 [0.02  0.005 0.079 0.197 0.045 0.596 0.018 0.032 0.003 0.005]
 [0.011 0.002 0.05  0.12  0.013 0.039 0.75  0.002 0.012 0.001]
 [0.027 0.002 0.029 0.031 0.057 0.125 0.011 0.711 0.    0.007]
 [0.214 0.025 0.008 0.003 0.001 0.01  0.006 0.002 0.708 0.023]
 [0.031 0.068 0.007 0.006 0.002 0.005 0.002 0.002 0.013 0.864]]
[2025-06-11 14:38:01,076 INFO] 14900 iteration, USE_EMA: True, {'train/sup_loss': tensor(0.2121, device='cuda:0'), 'train/unsup_loss': tensor(0.0078, device='cuda:0'), 'train/total_loss': tensor(0.9970, device='cuda:0'), 'lr': 0.015597791022743857, 'train/prefecth_time': 0.08942854309082031, 'train/run_time': 0.11659014129638672, 'eval/loss': tensor(1.0647, device='cuda:0'), 'eval/top-1-acc': 0.688, 'eval/top-5-acc': np.float64(0.9565)}, BEST_EVAL_ACC: 0.6893, at 14800 iters
[2025-06-11 14:38:26,104 INFO] confusion matrix:
[[0.805 0.025 0.01  0.014 0.008 0.025 0.01  0.012 0.058 0.033]
 [0.009 0.92  0.    0.001 0.001 0.011 0.001 0.003 0.01  0.044]
 [0.14  0.001 0.473 0.044 0.09  0.106 0.115 0.014 0.009 0.008]
 [0.055 0.011 0.09  0.463 0.032 0.215 0.066 0.026 0.019 0.023]
 [0.078 0.004 0.046 0.04  0.589 0.051 0.087 0.099 0.004 0.002]
 [0.021 0.007 0.075 0.202 0.045 0.591 0.02  0.031 0.003 0.005]
 [0.012 0.002 0.043 0.119 0.013 0.039 0.756 0.002 0.012 0.002]
 [0.028 0.002 0.027 0.031 0.055 0.123 0.011 0.716 0.001 0.006]
 [0.223 0.025 0.007 0.004 0.001 0.008 0.005 0.002 0.701 0.024]
 [0.031 0.071 0.007 0.006 0.002 0.005 0.003 0.002 0.014 0.859]]
[2025-06-11 14:38:26,109 INFO] 15000 iteration, USE_EMA: True, {'train/sup_loss': tensor(0.1152, device='cuda:0'), 'train/unsup_loss': tensor(0.0054, device='cuda:0'), 'train/total_loss': tensor(0.6589, device='cuda:0'), 'lr': 0.015421313935881444, 'train/prefecth_time': 0.0894361572265625, 'train/run_time': 0.11576895904541015, 'eval/loss': tensor(1.0649, device='cuda:0'), 'eval/top-1-acc': 0.6873, 'eval/top-5-acc': np.float64(0.9565)}, BEST_EVAL_ACC: 0.6893, at 14800 iters
[2025-06-11 14:38:51,042 INFO] confusion matrix:
[[0.807 0.024 0.013 0.014 0.007 0.022 0.01  0.014 0.056 0.033]
 [0.008 0.923 0.    0.001 0.001 0.011 0.001 0.003 0.009 0.043]
 [0.138 0.002 0.473 0.043 0.092 0.107 0.114 0.015 0.009 0.007]
 [0.055 0.013 0.09  0.462 0.03  0.212 0.069 0.027 0.019 0.023]
 [0.075 0.004 0.047 0.038 0.586 0.049 0.091 0.104 0.004 0.002]
 [0.022 0.007 0.074 0.202 0.044 0.59  0.021 0.033 0.002 0.005]
 [0.012 0.004 0.048 0.115 0.013 0.038 0.755 0.001 0.012 0.002]
 [0.029 0.002 0.027 0.031 0.053 0.122 0.012 0.718 0.    0.006]
 [0.229 0.026 0.008 0.004 0.001 0.009 0.005 0.002 0.694 0.022]
 [0.031 0.069 0.007 0.006 0.002 0.005 0.002 0.002 0.012 0.864]]
[2025-06-11 14:38:51,048 INFO] 15100 iteration, USE_EMA: True, {'train/sup_loss': tensor(0.6262, device='cuda:0'), 'train/unsup_loss': tensor(0.0040, device='cuda:0'), 'train/total_loss': tensor(1.0302, device='cuda:0'), 'lr': 0.015244108540251926, 'train/prefecth_time': 0.08824339294433593, 'train/run_time': 0.11588256072998047, 'eval/loss': tensor(1.0686, device='cuda:0'), 'eval/top-1-acc': 0.6872, 'eval/top-5-acc': np.float64(0.9564)}, BEST_EVAL_ACC: 0.6893, at 14800 iters
[2025-06-11 14:39:15,965 INFO] confusion matrix:
[[0.811 0.023 0.014 0.012 0.007 0.023 0.01  0.013 0.054 0.033]
 [0.009 0.922 0.    0.    0.001 0.011 0.001 0.003 0.009 0.044]
 [0.138 0.002 0.475 0.044 0.089 0.106 0.115 0.016 0.008 0.007]
 [0.056 0.013 0.089 0.459 0.03  0.216 0.065 0.027 0.02  0.025]
 [0.077 0.004 0.048 0.038 0.579 0.051 0.093 0.104 0.004 0.002]
 [0.021 0.007 0.075 0.204 0.042 0.591 0.019 0.033 0.002 0.006]
 [0.013 0.004 0.047 0.113 0.01  0.042 0.755 0.002 0.012 0.002]
 [0.028 0.003 0.027 0.031 0.052 0.123 0.011 0.718 0.001 0.006]
 [0.236 0.025 0.008 0.004 0.001 0.009 0.005 0.002 0.688 0.022]
 [0.031 0.068 0.007 0.006 0.002 0.005 0.002 0.002 0.012 0.865]]
[2025-06-11 14:39:15,970 INFO] 15200 iteration, USE_EMA: True, {'train/sup_loss': tensor(0.9770, device='cuda:0'), 'train/unsup_loss': tensor(0.0096, device='cuda:0'), 'train/total_loss': tensor(1.9400, device='cuda:0'), 'lr': 0.015066183204807756, 'train/prefecth_time': 0.08913340759277344, 'train/run_time': 0.11595366668701172, 'eval/loss': tensor(1.0733, device='cuda:0'), 'eval/top-1-acc': 0.6863, 'eval/top-5-acc': np.float64(0.956)}, BEST_EVAL_ACC: 0.6893, at 14800 iters
[2025-06-11 14:39:40,862 INFO] confusion matrix:
[[0.811 0.024 0.012 0.011 0.006 0.023 0.01  0.014 0.056 0.033]
 [0.007 0.925 0.    0.    0.001 0.011 0.001 0.003 0.01  0.042]
 [0.138 0.002 0.476 0.043 0.09  0.102 0.115 0.018 0.009 0.007]
 [0.057 0.013 0.087 0.448 0.032 0.221 0.068 0.028 0.021 0.025]
 [0.075 0.005 0.044 0.039 0.575 0.051 0.093 0.112 0.004 0.002]
 [0.021 0.007 0.077 0.197 0.041 0.596 0.019 0.034 0.002 0.006]
 [0.013 0.004 0.044 0.108 0.01  0.045 0.759 0.002 0.013 0.002]
 [0.027 0.003 0.025 0.03  0.048 0.122 0.011 0.726 0.002 0.006]
 [0.243 0.024 0.007 0.003 0.001 0.008 0.005 0.002 0.684 0.023]
 [0.032 0.066 0.006 0.005 0.002 0.006 0.002 0.002 0.012 0.867]]
[2025-06-11 14:39:40,866 INFO] 15300 iteration, USE_EMA: True, {'train/sup_loss': tensor(0.1455, device='cuda:0'), 'train/unsup_loss': tensor(0.0037, device='cuda:0'), 'train/total_loss': tensor(0.5158, device='cuda:0'), 'lr': 0.014887546332502303, 'train/prefecth_time': 0.08814144134521484, 'train/run_time': 0.11609699249267579, 'eval/loss': tensor(1.0734, device='cuda:0'), 'eval/top-1-acc': 0.6867, 'eval/top-5-acc': np.float64(0.9558)}, BEST_EVAL_ACC: 0.6893, at 14800 iters
[2025-06-11 14:40:05,690 INFO] confusion matrix:
[[0.807 0.024 0.013 0.011 0.006 0.021 0.01  0.015 0.058 0.035]
 [0.006 0.924 0.    0.001 0.001 0.009 0.001 0.003 0.011 0.044]
 [0.136 0.002 0.48  0.043 0.09  0.1   0.115 0.016 0.01  0.008]
 [0.06  0.012 0.09  0.449 0.03  0.219 0.065 0.028 0.021 0.026]
 [0.077 0.005 0.045 0.038 0.575 0.051 0.091 0.112 0.004 0.002]
 [0.02  0.007 0.08  0.202 0.041 0.59  0.018 0.035 0.002 0.005]
 [0.013 0.004 0.047 0.107 0.012 0.045 0.755 0.002 0.013 0.002]
 [0.028 0.003 0.026 0.031 0.047 0.121 0.011 0.724 0.002 0.007]
 [0.24  0.024 0.008 0.003 0.001 0.008 0.005 0.001 0.686 0.024]
 [0.03  0.064 0.007 0.005 0.002 0.003 0.002 0.002 0.011 0.874]]
[2025-06-11 14:40:05,694 INFO] 15400 iteration, USE_EMA: True, {'train/sup_loss': tensor(0.2676, device='cuda:0'), 'train/unsup_loss': tensor(0.0033, device='cuda:0'), 'train/total_loss': tensor(0.5994, device='cuda:0'), 'lr': 0.014708206359892959, 'train/prefecth_time': 0.0952805404663086, 'train/run_time': 0.11669606781005859, 'eval/loss': tensor(1.0709, device='cuda:0'), 'eval/top-1-acc': 0.6864, 'eval/top-5-acc': np.float64(0.9548)}, BEST_EVAL_ACC: 0.6893, at 14800 iters
[2025-06-11 14:40:30,743 INFO] confusion matrix:
[[0.809 0.025 0.012 0.01  0.006 0.023 0.01  0.013 0.057 0.035]
 [0.007 0.926 0.001 0.    0.001 0.008 0.001 0.002 0.011 0.043]
 [0.141 0.002 0.472 0.045 0.086 0.105 0.116 0.015 0.01  0.008]
 [0.062 0.013 0.089 0.448 0.026 0.222 0.066 0.027 0.021 0.026]
 [0.076 0.005 0.044 0.038 0.586 0.048 0.089 0.108 0.004 0.002]
 [0.022 0.007 0.078 0.199 0.041 0.594 0.018 0.034 0.002 0.005]
 [0.014 0.004 0.044 0.107 0.013 0.044 0.756 0.003 0.013 0.002]
 [0.029 0.003 0.025 0.03  0.048 0.121 0.011 0.723 0.002 0.008]
 [0.237 0.025 0.007 0.002 0.001 0.008 0.005 0.001 0.69  0.024]
 [0.029 0.064 0.007 0.006 0.002 0.003 0.002 0.002 0.011 0.874]]
[2025-06-11 14:40:30,748 INFO] 15500 iteration, USE_EMA: True, {'train/sup_loss': tensor(0.4204, device='cuda:0'), 'train/unsup_loss': tensor(0.0035, device='cuda:0'), 'train/total_loss': tensor(0.7741, device='cuda:0'), 'lr': 0.014528171756742743, 'train/prefecth_time': 0.0856147232055664, 'train/run_time': 0.11593766021728516, 'eval/loss': tensor(1.0643, device='cuda:0'), 'eval/top-1-acc': 0.6878, 'eval/top-5-acc': np.float64(0.9558)}, BEST_EVAL_ACC: 0.6893, at 14800 iters
[2025-06-11 14:40:55,709 INFO] confusion matrix:
[[0.806 0.025 0.012 0.008 0.006 0.025 0.01  0.014 0.057 0.037]
 [0.008 0.924 0.001 0.    0.    0.007 0.001 0.002 0.01  0.047]
 [0.142 0.002 0.472 0.043 0.087 0.11  0.112 0.015 0.009 0.008]
 [0.06  0.013 0.083 0.44  0.026 0.241 0.062 0.026 0.021 0.028]
 [0.078 0.005 0.041 0.037 0.594 0.048 0.085 0.106 0.004 0.002]
 [0.022 0.007 0.074 0.181 0.042 0.614 0.019 0.034 0.002 0.005]
 [0.014 0.004 0.04  0.104 0.013 0.046 0.762 0.003 0.012 0.002]
 [0.03  0.003 0.026 0.028 0.052 0.121 0.011 0.719 0.002 0.008]
 [0.239 0.026 0.008 0.003 0.001 0.008 0.005 0.001 0.684 0.025]
 [0.029 0.062 0.007 0.006 0.002 0.003 0.002 0.002 0.011 0.876]]
[2025-06-11 14:40:55,714 INFO] 15600 iteration, USE_EMA: True, {'train/sup_loss': tensor(1.3115, device='cuda:0'), 'train/unsup_loss': tensor(0.0197, device='cuda:0'), 'train/total_loss': tensor(3.2803, device='cuda:0'), 'lr': 0.014347451025620262, 'train/prefecth_time': 0.09319542694091797, 'train/run_time': 0.11576319885253906, 'eval/loss': tensor(1.0638, device='cuda:0'), 'eval/top-1-acc': 0.6891, 'eval/top-5-acc': np.float64(0.9551)}, BEST_EVAL_ACC: 0.6893, at 14800 iters
[2025-06-11 14:41:21,025 INFO] confusion matrix:
[[0.809 0.023 0.014 0.008 0.006 0.025 0.009 0.013 0.056 0.037]
 [0.009 0.92  0.001 0.    0.    0.008 0.001 0.002 0.01  0.049]
 [0.142 0.002 0.474 0.043 0.086 0.111 0.11  0.015 0.009 0.008]
 [0.063 0.013 0.08  0.437 0.027 0.248 0.061 0.024 0.021 0.026]
 [0.079 0.004 0.041 0.036 0.593 0.048 0.086 0.106 0.004 0.003]
 [0.023 0.007 0.076 0.176 0.042 0.617 0.018 0.034 0.002 0.005]
 [0.015 0.004 0.04  0.104 0.013 0.047 0.759 0.003 0.013 0.002]
 [0.03  0.003 0.027 0.027 0.05  0.122 0.011 0.721 0.001 0.008]
 [0.239 0.025 0.006 0.003 0.002 0.009 0.005 0.001 0.685 0.025]
 [0.028 0.061 0.008 0.006 0.002 0.003 0.002 0.002 0.011 0.877]]
[2025-06-11 14:41:21,029 INFO] 15700 iteration, USE_EMA: True, {'train/sup_loss': tensor(0.2737, device='cuda:0'), 'train/unsup_loss': tensor(0.0044, device='cuda:0'), 'train/total_loss': tensor(0.7156, device='cuda:0'), 'lr': 0.014166052701498184, 'train/prefecth_time': 0.11796752166748047, 'train/run_time': 0.1250101089477539, 'eval/loss': tensor(1.0605, device='cuda:0'), 'eval/top-1-acc': 0.6892, 'eval/top-5-acc': np.float64(0.9556)}, BEST_EVAL_ACC: 0.6893, at 14800 iters
[2025-06-11 14:41:45,977 INFO] confusion matrix:
[[0.803 0.023 0.012 0.009 0.006 0.025 0.01  0.013 0.06  0.039]
 [0.009 0.917 0.001 0.    0.    0.008 0.001 0.002 0.009 0.053]
 [0.143 0.003 0.474 0.043 0.086 0.109 0.111 0.015 0.009 0.007]
 [0.064 0.013 0.075 0.431 0.028 0.25  0.063 0.025 0.022 0.029]
 [0.077 0.004 0.039 0.036 0.604 0.046 0.086 0.101 0.004 0.003]
 [0.022 0.007 0.076 0.174 0.044 0.617 0.02  0.032 0.002 0.006]
 [0.014 0.004 0.041 0.105 0.013 0.047 0.759 0.003 0.012 0.002]
 [0.029 0.003 0.025 0.025 0.053 0.12  0.011 0.723 0.002 0.009]
 [0.233 0.024 0.006 0.003 0.002 0.008 0.005 0.001 0.691 0.027]
 [0.028 0.058 0.007 0.006 0.002 0.003 0.002 0.002 0.011 0.881]]
[2025-06-11 14:41:45,982 INFO] 15800 iteration, USE_EMA: True, {'train/sup_loss': tensor(0.0892, device='cuda:0'), 'train/unsup_loss': tensor(0.0039, device='cuda:0'), 'train/total_loss': tensor(0.4786, device='cuda:0'), 'lr': 0.013983985351350132, 'train/prefecth_time': 0.12296454620361329, 'train/run_time': 0.11636544036865235, 'eval/loss': tensor(1.0621, device='cuda:0'), 'eval/top-1-acc': 0.69, 'eval/top-5-acc': np.float64(0.9553)}, BEST_EVAL_ACC: 0.69, at 15800 iters
[2025-06-11 14:42:11,017 INFO] confusion matrix:
[[0.801 0.022 0.012 0.01  0.006 0.025 0.011 0.014 0.058 0.041]
 [0.008 0.919 0.001 0.    0.    0.007 0.001 0.002 0.009 0.053]
 [0.142 0.003 0.47  0.041 0.087 0.115 0.11  0.016 0.009 0.007]
 [0.06  0.013 0.076 0.431 0.027 0.255 0.064 0.024 0.022 0.028]
 [0.076 0.003 0.039 0.035 0.61  0.047 0.085 0.098 0.004 0.003]
 [0.022 0.007 0.072 0.174 0.045 0.621 0.019 0.032 0.002 0.006]
 [0.014 0.004 0.04  0.103 0.013 0.047 0.761 0.003 0.013 0.002]
 [0.027 0.003 0.023 0.025 0.052 0.124 0.011 0.724 0.002 0.009]
 [0.24  0.024 0.006 0.004 0.001 0.008 0.004 0.001 0.686 0.026]
 [0.028 0.058 0.007 0.006 0.002 0.003 0.002 0.002 0.011 0.881]]
[2025-06-11 14:42:11,022 INFO] 15900 iteration, USE_EMA: True, {'train/sup_loss': tensor(1.3893, device='cuda:0'), 'train/unsup_loss': tensor(0.0175, device='cuda:0'), 'train/total_loss': tensor(3.1373, device='cuda:0'), 'lr': 0.013801257573746109, 'train/prefecth_time': 0.113006591796875, 'train/run_time': 0.11892736053466797, 'eval/loss': tensor(1.0586, device='cuda:0'), 'eval/top-1-acc': 0.6904, 'eval/top-5-acc': np.float64(0.9561)}, BEST_EVAL_ACC: 0.6904, at 15900 iters
[2025-06-11 14:42:36,193 INFO] confusion matrix:
[[0.803 0.023 0.015 0.01  0.006 0.025 0.009 0.014 0.056 0.039]
 [0.009 0.918 0.001 0.    0.    0.007 0.001 0.002 0.009 0.053]
 [0.14  0.003 0.467 0.044 0.094 0.114 0.105 0.015 0.011 0.007]
 [0.059 0.013 0.073 0.449 0.027 0.24  0.063 0.025 0.023 0.028]
 [0.074 0.004 0.038 0.035 0.61  0.047 0.082 0.103 0.004 0.003]
 [0.023 0.007 0.069 0.177 0.044 0.623 0.017 0.032 0.002 0.006]
 [0.015 0.004 0.041 0.106 0.013 0.046 0.757 0.003 0.013 0.002]
 [0.027 0.002 0.022 0.027 0.052 0.125 0.012 0.722 0.002 0.009]
 [0.243 0.024 0.007 0.002 0.002 0.008 0.004 0.001 0.683 0.026]
 [0.028 0.056 0.007 0.006 0.002 0.003 0.001 0.002 0.011 0.884]]
[2025-06-11 14:42:36,198 INFO] 16000 iteration, USE_EMA: True, {'train/sup_loss': tensor(0.4600, device='cuda:0'), 'train/unsup_loss': tensor(0.0049, device='cuda:0'), 'train/total_loss': tensor(0.9546, device='cuda:0'), 'lr': 0.013617877998446389, 'train/prefecth_time': 0.12145651245117188, 'train/run_time': 0.1164390411376953, 'eval/loss': tensor(1.0610, device='cuda:0'), 'eval/top-1-acc': 0.6916, 'eval/top-5-acc': np.float64(0.9554)}, BEST_EVAL_ACC: 0.6916, at 16000 iters
[2025-06-11 14:46:13,702 INFO] confusion matrix:
[[0.778 0.033 0.016 0.014 0.005 0.023 0.01  0.012 0.067 0.042]
 [0.004 0.935 0.001 0.002 0.    0.007 0.001 0.001 0.011 0.038]
 [0.136 0.003 0.455 0.052 0.097 0.117 0.11  0.012 0.013 0.005]
 [0.044 0.011 0.076 0.501 0.032 0.207 0.064 0.023 0.018 0.024]
 [0.063 0.005 0.036 0.046 0.622 0.044 0.077 0.102 0.004 0.001]
 [0.02  0.007 0.072 0.206 0.047 0.598 0.016 0.027 0.002 0.005]
 [0.01  0.002 0.042 0.124 0.012 0.032 0.763 0.003 0.011 0.001]
 [0.023 0.003 0.023 0.04  0.051 0.123 0.011 0.716 0.002 0.008]
 [0.196 0.024 0.007 0.004 0.001 0.008 0.007 0.001 0.731 0.021]
 [0.024 0.067 0.005 0.006 0.002 0.003 0.001 0.002 0.014 0.876]]
[2025-06-11 14:46:13,707 INFO] 17000 iteration, USE_EMA: True, {'train/sup_loss': tensor(0.0763, device='cuda:0'), 'train/unsup_loss': tensor(0.0055, device='cuda:0'), 'train/total_loss': tensor(0.6310, device='cuda:0'), 'lr': 0.011750153400260371, 'train/prefecth_time': 0.08657462310791016, 'train/run_time': 0.11542082977294922, 'eval/loss': tensor(1.0332, device='cuda:0'), 'eval/top-1-acc': 0.6975, 'eval/top-5-acc': np.float64(0.9565)}, BEST_EVAL_ACC: 0.6975, at 17000 iters
[2025-06-11 14:49:52,198 INFO] confusion matrix:
[[0.765 0.035 0.024 0.013 0.004 0.021 0.008 0.01  0.08  0.04 ]
 [0.003 0.926 0.    0.002 0.    0.008 0.001 0.002 0.009 0.049]
 [0.122 0.003 0.478 0.062 0.094 0.108 0.102 0.01  0.014 0.007]
 [0.046 0.012 0.082 0.514 0.03  0.193 0.057 0.024 0.017 0.025]
 [0.066 0.004 0.046 0.045 0.618 0.042 0.058 0.114 0.004 0.003]
 [0.018 0.006 0.077 0.216 0.04  0.592 0.017 0.026 0.003 0.005]
 [0.007 0.003 0.043 0.13  0.014 0.028 0.763 0.002 0.008 0.002]
 [0.022 0.004 0.033 0.036 0.037 0.125 0.013 0.72  0.001 0.009]
 [0.186 0.024 0.008 0.005 0.001 0.009 0.005 0.001 0.734 0.027]
 [0.022 0.059 0.005 0.006 0.002 0.002 0.001 0.002 0.008 0.893]]
[2025-06-11 14:49:52,203 INFO] 18000 iteration, USE_EMA: True, {'train/sup_loss': tensor(0.2437, device='cuda:0'), 'train/unsup_loss': tensor(0.0035, device='cuda:0'), 'train/total_loss': tensor(0.5964, device='cuda:0'), 'lr': 0.009826957485191697, 'train/prefecth_time': 0.09356655883789063, 'train/run_time': 0.11613651275634766, 'eval/loss': tensor(1.0160, device='cuda:0'), 'eval/top-1-acc': 0.7003, 'eval/top-5-acc': np.float64(0.9567)}, BEST_EVAL_ACC: 0.7003, at 18000 iters
[2025-06-11 14:53:32,250 INFO] confusion matrix:
[[0.794 0.028 0.018 0.008 0.006 0.021 0.006 0.01  0.071 0.038]
 [0.004 0.927 0.    0.001 0.    0.009 0.001 0.002 0.011 0.045]
 [0.141 0.003 0.482 0.063 0.09  0.11  0.084 0.009 0.013 0.005]
 [0.054 0.011 0.086 0.515 0.028 0.195 0.051 0.021 0.017 0.022]
 [0.077 0.004 0.056 0.044 0.622 0.038 0.043 0.111 0.003 0.002]
 [0.023 0.006 0.075 0.219 0.042 0.586 0.014 0.028 0.004 0.003]
 [0.009 0.002 0.046 0.134 0.018 0.03  0.749 0.002 0.008 0.002]
 [0.029 0.002 0.03  0.037 0.037 0.131 0.012 0.711 0.001 0.01 ]
 [0.18  0.021 0.007 0.004 0.001 0.009 0.004 0.001 0.751 0.022]
 [0.019 0.058 0.006 0.006 0.002 0.002 0.001 0.002 0.009 0.895]]
[2025-06-11 14:53:32,255 INFO] 19000 iteration, USE_EMA: True, {'train/sup_loss': tensor(0.0273, device='cuda:0'), 'train/unsup_loss': tensor(0.0045, device='cuda:0'), 'train/total_loss': tensor(0.4782, device='cuda:0'), 'lr': 0.007857369471732094, 'train/prefecth_time': 0.09297971343994141, 'train/run_time': 0.11621321868896485, 'eval/loss': tensor(1.0254, device='cuda:0'), 'eval/top-1-acc': 0.7032, 'eval/top-5-acc': np.float64(0.956)}, BEST_EVAL_ACC: 0.7032, at 19000 iters
[2025-06-11 14:57:13,735 INFO] confusion matrix:
[[0.794 0.03  0.025 0.008 0.004 0.02  0.005 0.012 0.067 0.035]
 [0.003 0.942 0.003 0.    0.    0.007 0.    0.002 0.01  0.033]
 [0.137 0.005 0.506 0.055 0.09  0.097 0.076 0.013 0.014 0.007]
 [0.06  0.014 0.08  0.515 0.03  0.183 0.053 0.023 0.017 0.025]
 [0.081 0.003 0.061 0.041 0.607 0.038 0.043 0.12  0.004 0.002]
 [0.026 0.007 0.07  0.201 0.043 0.595 0.014 0.035 0.005 0.004]
 [0.014 0.005 0.049 0.136 0.017 0.027 0.737 0.002 0.011 0.002]
 [0.025 0.002 0.034 0.032 0.037 0.122 0.009 0.729 0.002 0.008]
 [0.187 0.024 0.006 0.003 0.002 0.008 0.003 0.001 0.739 0.027]
 [0.018 0.067 0.005 0.006 0.002 0.003 0.001 0.002 0.01  0.886]]
