[2025-06-04 23:26:20,797 WARNING] USE GPU: 0 for training
[2025-06-04 23:26:20,852 INFO] Number of Trainable Params: 1469642
[2025-06-04 23:26:21,100 INFO] model_arch: <models.fixmatch.fixmatch.FixMatch object at 0x0000017BBE97B2F0>
[2025-06-04 23:26:21,101 INFO] Arguments: Namespace(save_dir='./saved_models', save_name='fixmatch_cifar10_40_0', resume=False, load_path='None', overwrite=True, use_tensorboard=True, epoch=1, num_train_iter=20000, num_eval_iter=100, num_labels=40, batch_size=64, uratio=3, eval_batch_size=1024, hard_label=True, T=0.5, p_cutoff=0.95, ema_m=0.999, ulb_loss_ratio=1.0, optim='SGD', lr=0.03, momentum=0.9, weight_decay=0.0005, amp=False, clip=0, net='WideResNet', net_from_name=False, depth=28, widen_factor=2, leaky_slope=0.1, dropout=0.0, data_dir='./data', dataset='cifar10', train_sampler='RandomSampler', num_classes=10, num_workers=0, world_size=1, rank=0, dist_url='tcp://127.0.0.1:10006', dist_backend='nccl', seed=0, gpu=0, multiprocessing_distributed=False, c='config/fixmatch/fixmatch_cifar10_40_0.yaml', alg='fixmatch', distributed=False, bn_momentum=0.0010000000000000009)
[2025-06-04 23:26:22,579 INFO] [!] data loader keys: dict_keys(['train_lb', 'train_ulb', 'eval'])
[2025-06-04 23:26:26,527 INFO] model saved: ./saved_models\fixmatch_cifar10_40_0\latest_model.pth
[2025-06-04 23:26:31,121 INFO] confusion matrix:
[[0.827 0.087 0.086 0.    0.    0.    0.    0.    0.    0.   ]
 [0.958 0.01  0.032 0.    0.    0.    0.    0.    0.    0.   ]
 [0.908 0.022 0.07  0.    0.    0.    0.    0.    0.    0.   ]
 [0.947 0.019 0.034 0.    0.    0.    0.    0.    0.    0.   ]
 [0.939 0.01  0.051 0.    0.    0.    0.    0.    0.    0.   ]
 [0.922 0.032 0.046 0.    0.    0.    0.    0.    0.    0.   ]
 [0.971 0.    0.029 0.    0.    0.    0.    0.    0.    0.   ]
 [0.944 0.009 0.047 0.    0.    0.    0.    0.    0.    0.   ]
 [0.867 0.065 0.068 0.    0.    0.    0.    0.    0.    0.   ]
 [0.97  0.009 0.021 0.    0.    0.    0.    0.    0.    0.   ]]
[2025-06-04 23:26:31,344 INFO] 0 iteration, USE_EMA: True, {'train/sup_loss': tensor(2.3732, device='cuda:0'), 'train/unsup_loss': tensor(0., device='cuda:0'), 'train/total_loss': tensor(2.3732, device='cuda:0'), 'train/mask_ratio': tensor(1., device='cuda:0'), 'lr': 0.0299999999291586, 'train/prefecth_time': 0.2263726043701172, 'train/run_time': 3.4965400390625, 'eval/loss': tensor(13.4835, device='cuda:0'), 'eval/top-1-acc': 0.0907, 'eval/top-5-acc': 0.5013, 'eval/precision': 0.027202733132064484, 'eval/recall': 0.0907, 'eval/F1': 0.02714935738362199, 'eval/AUC': 0.48565733888888885}, BEST_EVAL_ACC: 0.0907, at 0 iters
[2025-06-04 23:26:31,398 INFO] model saved: ./saved_models\fixmatch_cifar10_40_0\model_best.pth
[2025-06-04 23:27:24,499 INFO] confusion matrix:
[[0.4   0.    0.598 0.002 0.    0.    0.    0.    0.    0.   ]
 [0.823 0.    0.177 0.    0.    0.    0.    0.    0.    0.   ]
 [0.694 0.    0.272 0.028 0.    0.    0.    0.    0.002 0.004]
 [0.823 0.    0.177 0.    0.    0.    0.    0.    0.    0.   ]
 [0.826 0.    0.14  0.029 0.    0.    0.    0.    0.002 0.003]
 [0.758 0.    0.237 0.004 0.    0.    0.    0.    0.    0.001]
 [0.872 0.    0.115 0.01  0.    0.    0.    0.    0.    0.003]
 [0.8   0.    0.198 0.002 0.    0.    0.    0.    0.    0.   ]
 [0.544 0.    0.456 0.    0.    0.    0.    0.    0.    0.   ]
 [0.79  0.    0.21  0.    0.    0.    0.    0.    0.    0.   ]]
[2025-06-04 23:27:24,504 INFO] 100 iteration, USE_EMA: True, {'train/sup_loss': tensor(0.0319, device='cuda:0'), 'train/unsup_loss': tensor(0.2143, device='cuda:0'), 'train/total_loss': tensor(0.2462, device='cuda:0'), 'train/mask_ratio': tensor(0.8802, device='cuda:0'), 'lr': 0.029999277349792332, 'train/prefecth_time': 0.41122174072265627, 'train/run_time': 0.24599209594726562, 'eval/loss': tensor(4.3362, device='cuda:0'), 'eval/top-1-acc': 0.0672, 'eval/top-5-acc': 0.4897, 'eval/precision': 0.01599966157978785, 'eval/recall': 0.06720000000000001, 'eval/F1': 0.02479937226287163, 'eval/AUC': 0.4824050222222222}, BEST_EVAL_ACC: 0.0907, at 0 iters
[2025-06-04 23:28:11,177 INFO] confusion matrix:
[[0.359 0.    0.591 0.034 0.    0.    0.    0.    0.008 0.008]
 [0.79  0.    0.183 0.011 0.    0.    0.    0.    0.002 0.014]
 [0.507 0.    0.231 0.187 0.    0.    0.004 0.    0.016 0.055]
 [0.732 0.    0.172 0.087 0.    0.    0.    0.    0.004 0.005]
 [0.607 0.    0.094 0.214 0.001 0.    0.002 0.    0.01  0.072]
 [0.669 0.    0.225 0.094 0.    0.    0.    0.    0.001 0.011]
 [0.623 0.    0.105 0.182 0.    0.    0.    0.    0.006 0.084]
 [0.723 0.    0.198 0.056 0.    0.    0.    0.    0.003 0.02 ]
 [0.496 0.    0.466 0.032 0.    0.    0.    0.    0.006 0.   ]
 [0.703 0.    0.283 0.011 0.    0.    0.    0.    0.001 0.002]]
[2025-06-04 23:28:11,185 INFO] 200 iteration, USE_EMA: True, {'train/sup_loss': tensor(0.0253, device='cuda:0'), 'train/unsup_loss': tensor(0.2792, device='cuda:0'), 'train/total_loss': tensor(0.3045, device='cuda:0'), 'train/mask_ratio': tensor(0.8281, device='cuda:0'), 'lr': 0.02999713798215552, 'train/prefecth_time': 0.18525491333007812, 'train/run_time': 0.2456656951904297, 'eval/loss': tensor(3.0331, device='cuda:0'), 'eval/top-1-acc': 0.0686, 'eval/top-5-acc': 0.4851, 'eval/precision': 0.13569368449007785, 'eval/recall': 0.06860000000000001, 'eval/F1': 0.033750491457391826, 'eval/AUC': 0.5056210000000001}, BEST_EVAL_ACC: 0.0907, at 0 iters
[2025-06-04 23:28:57,410 INFO] confusion matrix:
[[0.296 0.    0.493 0.108 0.    0.    0.004 0.    0.074 0.025]
 [0.645 0.    0.149 0.062 0.    0.    0.001 0.    0.023 0.12 ]
 [0.379 0.    0.176 0.257 0.008 0.    0.079 0.    0.041 0.06 ]
 [0.542 0.    0.133 0.235 0.001 0.    0.007 0.    0.04  0.042]
 [0.358 0.    0.063 0.298 0.009 0.    0.091 0.    0.08  0.101]
 [0.513 0.    0.163 0.262 0.001 0.    0.008 0.    0.024 0.029]
 [0.36  0.    0.069 0.303 0.003 0.    0.052 0.    0.057 0.156]
 [0.527 0.    0.148 0.213 0.001 0.    0.009 0.    0.025 0.077]
 [0.434 0.    0.369 0.111 0.    0.    0.    0.    0.074 0.012]
 [0.629 0.    0.21  0.065 0.    0.    0.001 0.    0.026 0.069]]
[2025-06-04 23:28:57,418 INFO] 300 iteration, USE_EMA: True, {'train/sup_loss': tensor(0.0113, device='cuda:0'), 'train/unsup_loss': tensor(0.2169, device='cuda:0'), 'train/total_loss': tensor(0.2282, device='cuda:0'), 'train/mask_ratio': tensor(0.8021, device='cuda:0'), 'lr': 0.02999358192728497, 'train/prefecth_time': 0.17140614318847655, 'train/run_time': 0.245155517578125, 'eval/loss': tensor(2.6346, device='cuda:0'), 'eval/top-1-acc': 0.0911, 'eval/top-5-acc': 0.5261, 'eval/precision': 0.11321827175214186, 'eval/recall': 0.0911, 'eval/F1': 0.06672233912133288, 'eval/AUC': 0.5440430611111112}, BEST_EVAL_ACC: 0.0911, at 300 iters
[2025-06-04 23:28:57,464 INFO] model saved: ./saved_models\fixmatch_cifar10_40_0\model_best.pth
[2025-06-04 23:29:43,762 INFO] confusion matrix:
[[0.313 0.    0.348 0.149 0.002 0.    0.009 0.    0.144 0.035]
 [0.402 0.    0.08  0.112 0.    0.    0.002 0.    0.155 0.249]
 [0.258 0.    0.139 0.242 0.019 0.    0.158 0.    0.119 0.065]
 [0.34  0.    0.081 0.341 0.003 0.    0.023 0.    0.089 0.123]
 [0.182 0.    0.034 0.257 0.023 0.    0.193 0.    0.177 0.134]
 [0.371 0.    0.101 0.357 0.005 0.    0.025 0.    0.067 0.074]
 [0.195 0.    0.049 0.266 0.019 0.    0.147 0.    0.112 0.212]
 [0.356 0.    0.084 0.296 0.002 0.    0.042 0.    0.076 0.144]
 [0.402 0.    0.213 0.186 0.    0.    0.002 0.    0.173 0.024]
 [0.468 0.    0.113 0.145 0.    0.    0.002 0.    0.091 0.181]]
[2025-06-04 23:29:43,768 INFO] 400 iteration, USE_EMA: True, {'train/sup_loss': tensor(0.0192, device='cuda:0'), 'train/unsup_loss': tensor(0.1749, device='cuda:0'), 'train/total_loss': tensor(0.1940, device='cuda:0'), 'train/mask_ratio': tensor(0.8594, device='cuda:0'), 'lr': 0.02998860935312395, 'train/prefecth_time': 0.16884736633300781, 'train/run_time': 0.2457494659423828, 'eval/loss': tensor(2.4905, device='cuda:0'), 'eval/top-1-acc': 0.1317, 'eval/top-5-acc': 0.5562, 'eval/precision': 0.12006913914325254, 'eval/recall': 0.1317, 'eval/F1': 0.10184107841998687, 'eval/AUC': 0.5811077111111111}, BEST_EVAL_ACC: 0.1317, at 400 iters
[2025-06-04 23:29:43,815 INFO] model saved: ./saved_models\fixmatch_cifar10_40_0\model_best.pth
[2025-06-04 23:30:29,853 INFO] confusion matrix:
[[0.39  0.    0.197 0.156 0.004 0.001 0.016 0.    0.197 0.039]
 [0.266 0.    0.023 0.127 0.001 0.    0.005 0.    0.283 0.295]
 [0.216 0.    0.1   0.209 0.018 0.    0.226 0.    0.163 0.068]
 [0.239 0.    0.051 0.361 0.002 0.    0.056 0.    0.13  0.161]
 [0.15  0.    0.03  0.199 0.031 0.    0.269 0.    0.193 0.128]
 [0.278 0.    0.054 0.405 0.005 0.    0.058 0.    0.095 0.105]
 [0.14  0.    0.033 0.221 0.02  0.001 0.253 0.    0.119 0.213]
 [0.284 0.    0.056 0.291 0.005 0.001 0.091 0.    0.107 0.165]
 [0.392 0.    0.091 0.188 0.    0.    0.005 0.    0.291 0.033]
 [0.366 0.    0.045 0.193 0.    0.    0.005 0.    0.152 0.239]]
[2025-06-04 23:30:29,859 INFO] 500 iteration, USE_EMA: True, {'train/sup_loss': tensor(0.0339, device='cuda:0'), 'train/unsup_loss': tensor(0.1663, device='cuda:0'), 'train/total_loss': tensor(0.2002, device='cuda:0'), 'train/mask_ratio': tensor(0.8281, device='cuda:0'), 'lr': 0.02998222049451428, 'train/prefecth_time': 0.17917823791503906, 'train/run_time': 0.24600579833984376, 'eval/loss': tensor(2.4063, device='cuda:0'), 'eval/top-1-acc': 0.1665, 'eval/top-5-acc': 0.5771, 'eval/precision': 0.1395076073724943, 'eval/recall': 0.1665, 'eval/F1': 0.12649295475567995, 'eval/AUC': 0.6130473}, BEST_EVAL_ACC: 0.1665, at 500 iters
[2025-06-04 23:30:29,918 INFO] model saved: ./saved_models\fixmatch_cifar10_40_0\model_best.pth
[2025-06-04 23:31:15,611 INFO] confusion matrix:
[[0.433 0.    0.144 0.139 0.006 0.002 0.019 0.    0.21  0.047]
 [0.223 0.    0.012 0.102 0.003 0.    0.01  0.    0.298 0.352]
 [0.215 0.    0.094 0.173 0.021 0.003 0.267 0.    0.15  0.077]
 [0.215 0.    0.044 0.322 0.002 0.003 0.096 0.    0.121 0.197]
 [0.138 0.    0.038 0.14  0.042 0.002 0.33  0.    0.17  0.14 ]
 [0.248 0.    0.048 0.377 0.009 0.003 0.091 0.    0.094 0.13 ]
 [0.148 0.    0.04  0.173 0.026 0.003 0.318 0.002 0.083 0.207]
 [0.271 0.    0.049 0.238 0.011 0.003 0.126 0.    0.1   0.202]
 [0.396 0.    0.045 0.145 0.002 0.    0.012 0.    0.357 0.043]
 [0.337 0.    0.025 0.164 0.    0.    0.006 0.    0.17  0.298]]
[2025-06-04 23:31:15,616 INFO] 600 iteration, USE_EMA: True, {'train/sup_loss': tensor(0.0426, device='cuda:0'), 'train/unsup_loss': tensor(0.2273, device='cuda:0'), 'train/total_loss': tensor(0.2699, device='cuda:0'), 'train/mask_ratio': tensor(0.8177, device='cuda:0'), 'lr': 0.029974415653185222, 'train/prefecth_time': 0.16483123779296874, 'train/run_time': 0.2460835876464844, 'eval/loss': tensor(2.3577, device='cuda:0'), 'eval/top-1-acc': 0.1867, 'eval/top-5-acc': 0.6048, 'eval/precision': 0.16338541014205152, 'eval/recall': 0.1867, 'eval/F1': 0.1418718757027158, 'eval/AUC': 0.6378200944444444}, BEST_EVAL_ACC: 0.1867, at 600 iters
[2025-06-04 23:31:15,668 INFO] model saved: ./saved_models\fixmatch_cifar10_40_0\model_best.pth
[2025-06-04 23:32:02,402 INFO] confusion matrix:
[[0.479 0.    0.096 0.132 0.011 0.006 0.028 0.    0.199 0.049]
 [0.206 0.    0.007 0.094 0.009 0.    0.012 0.    0.297 0.375]
 [0.22  0.    0.083 0.158 0.021 0.009 0.311 0.001 0.123 0.074]
 [0.189 0.    0.042 0.319 0.002 0.014 0.125 0.    0.107 0.202]
 [0.142 0.    0.039 0.12  0.046 0.012 0.369 0.002 0.137 0.133]
 [0.221 0.    0.043 0.378 0.006 0.012 0.126 0.    0.089 0.125]
 [0.147 0.    0.051 0.159 0.026 0.005 0.373 0.005 0.068 0.166]
 [0.247 0.    0.039 0.249 0.012 0.006 0.165 0.    0.08  0.202]
 [0.375 0.    0.022 0.139 0.004 0.002 0.015 0.    0.383 0.06 ]
 [0.308 0.    0.016 0.145 0.001 0.001 0.01  0.    0.174 0.345]]
[2025-06-04 23:32:02,408 INFO] 700 iteration, USE_EMA: True, {'train/sup_loss': tensor(0.0237, device='cuda:0'), 'train/unsup_loss': tensor(0.2056, device='cuda:0'), 'train/total_loss': tensor(0.2294, device='cuda:0'), 'train/mask_ratio': tensor(0.7917, device='cuda:0'), 'lr': 0.029965195197739245, 'train/prefecth_time': 0.2111815643310547, 'train/run_time': 0.24499880981445313, 'eval/loss': tensor(2.3386, device='cuda:0'), 'eval/top-1-acc': 0.204, 'eval/top-5-acc': 0.6308, 'eval/precision': 0.17330828390150438, 'eval/recall': 0.20400000000000001, 'eval/F1': 0.15457338985731067, 'eval/AUC': 0.6565285277777777}, BEST_EVAL_ACC: 0.204, at 700 iters
[2025-06-04 23:32:02,463 INFO] model saved: ./saved_models\fixmatch_cifar10_40_0\model_best.pth
[2025-06-04 23:32:49,390 INFO] confusion matrix:
[[0.508 0.    0.09  0.111 0.011 0.008 0.034 0.    0.18  0.058]
 [0.213 0.    0.009 0.073 0.012 0.    0.014 0.    0.242 0.437]
 [0.233 0.    0.076 0.14  0.022 0.016 0.335 0.001 0.086 0.091]
 [0.192 0.    0.039 0.284 0.004 0.033 0.149 0.001 0.07  0.228]
 [0.149 0.    0.038 0.098 0.055 0.019 0.409 0.    0.09  0.142]
 [0.188 0.    0.045 0.339 0.004 0.033 0.16  0.001 0.067 0.163]
 [0.138 0.    0.054 0.135 0.031 0.011 0.409 0.006 0.046 0.17 ]
 [0.224 0.    0.035 0.216 0.021 0.02  0.18  0.001 0.056 0.247]
 [0.411 0.    0.02  0.103 0.005 0.003 0.019 0.    0.364 0.075]
 [0.313 0.    0.019 0.106 0.006 0.002 0.012 0.    0.145 0.397]]
[2025-06-04 23:32:49,397 INFO] 800 iteration, USE_EMA: True, {'train/sup_loss': tensor(0.0044, device='cuda:0'), 'train/unsup_loss': tensor(0.2026, device='cuda:0'), 'train/total_loss': tensor(0.2070, device='cuda:0'), 'train/mask_ratio': tensor(0.8021, device='cuda:0'), 'lr': 0.029954559563634613, 'train/prefecth_time': 0.20080332946777343, 'train/run_time': 0.24603033447265624, 'eval/loss': tensor(2.3351, device='cuda:0'), 'eval/top-1-acc': 0.2127, 'eval/top-5-acc': 0.6467, 'eval/precision': 0.19085291132272203, 'eval/recall': 0.21269999999999997, 'eval/F1': 0.16378443635355416, 'eval/AUC': 0.6703331833333332}, BEST_EVAL_ACC: 0.2127, at 800 iters
[2025-06-04 23:32:49,451 INFO] model saved: ./saved_models\fixmatch_cifar10_40_0\model_best.pth
[2025-06-04 23:33:38,863 INFO] confusion matrix:
[[0.52  0.    0.092 0.086 0.012 0.01  0.037 0.    0.17  0.073]
 [0.218 0.    0.014 0.044 0.013 0.    0.016 0.    0.214 0.481]
 [0.216 0.    0.102 0.106 0.025 0.029 0.345 0.002 0.072 0.103]
 [0.172 0.    0.055 0.26  0.006 0.047 0.154 0.003 0.053 0.25 ]
 [0.147 0.    0.055 0.078 0.058 0.037 0.408 0.    0.075 0.142]
 [0.17  0.    0.062 0.3   0.004 0.057 0.167 0.004 0.047 0.189]
 [0.128 0.    0.079 0.124 0.031 0.019 0.408 0.011 0.03  0.17 ]
 [0.195 0.    0.049 0.191 0.024 0.033 0.184 0.002 0.039 0.283]
 [0.403 0.    0.022 0.074 0.005 0.006 0.02  0.    0.376 0.094]
 [0.288 0.    0.015 0.09  0.007 0.003 0.013 0.    0.132 0.452]]
[2025-06-04 23:33:38,868 INFO] 900 iteration, USE_EMA: True, {'train/sup_loss': tensor(0.0031, device='cuda:0'), 'train/unsup_loss': tensor(0.2425, device='cuda:0'), 'train/total_loss': tensor(0.2456, device='cuda:0'), 'train/mask_ratio': tensor(0.7552, device='cuda:0'), 'lr': 0.029942509253164804, 'train/prefecth_time': 0.20483168029785156, 'train/run_time': 0.24682421875, 'eval/loss': tensor(2.3499, device='cuda:0'), 'eval/top-1-acc': 0.2235, 'eval/top-5-acc': 0.6664, 'eval/precision': 0.19780901761166755, 'eval/recall': 0.22349999999999998, 'eval/F1': 0.17639000474329813, 'eval/AUC': 0.6821098666666667}, BEST_EVAL_ACC: 0.2235, at 900 iters
[2025-06-04 23:33:38,920 INFO] model saved: ./saved_models\fixmatch_cifar10_40_0\model_best.pth
[2025-06-04 23:34:27,754 INFO] confusion matrix:
[[0.508 0.    0.102 0.07  0.014 0.016 0.039 0.    0.167 0.084]
 [0.205 0.    0.019 0.031 0.017 0.001 0.015 0.    0.211 0.501]
 [0.205 0.    0.13  0.083 0.026 0.041 0.359 0.002 0.059 0.095]
 [0.154 0.    0.072 0.216 0.008 0.088 0.163 0.01  0.05  0.239]
 [0.148 0.    0.086 0.066 0.062 0.047 0.398 0.005 0.063 0.125]
 [0.131 0.    0.101 0.264 0.003 0.09  0.182 0.006 0.046 0.177]
 [0.113 0.    0.115 0.109 0.039 0.027 0.405 0.014 0.023 0.155]
 [0.184 0.    0.064 0.168 0.029 0.04  0.194 0.005 0.034 0.282]
 [0.379 0.    0.026 0.058 0.006 0.008 0.022 0.    0.399 0.102]
 [0.252 0.    0.022 0.063 0.009 0.004 0.014 0.    0.139 0.497]]
[2025-06-04 23:34:27,760 INFO] 1000 iteration, USE_EMA: True, {'train/sup_loss': tensor(0.0055, device='cuda:0'), 'train/unsup_loss': tensor(0.2792, device='cuda:0'), 'train/total_loss': tensor(0.2847, device='cuda:0'), 'train/mask_ratio': tensor(0.7188, device='cuda:0'), 'lr': 0.029929044835434817, 'train/prefecth_time': 0.2224008026123047, 'train/run_time': 0.24667942810058593, 'eval/loss': tensor(2.3663, device='cuda:0'), 'eval/top-1-acc': 0.2312, 'eval/top-5-acc': 0.681, 'eval/precision': 0.20308781917843932, 'eval/recall': 0.2312, 'eval/F1': 0.18661474867590008, 'eval/AUC': 0.6914612222222222}, BEST_EVAL_ACC: 0.2312, at 1000 iters
[2025-06-04 23:34:27,818 INFO] model saved: ./saved_models\fixmatch_cifar10_40_0\model_best.pth
[2025-06-04 23:35:16,376 INFO] confusion matrix:
[[0.513 0.    0.109 0.064 0.015 0.015 0.039 0.    0.173 0.072]
 [0.201 0.    0.024 0.027 0.021 0.001 0.015 0.    0.217 0.494]
 [0.197 0.001 0.178 0.079 0.027 0.044 0.33  0.004 0.052 0.088]
 [0.146 0.001 0.091 0.208 0.008 0.101 0.166 0.016 0.041 0.222]
 [0.15  0.    0.122 0.064 0.068 0.043 0.379 0.01  0.052 0.112]
 [0.119 0.    0.136 0.241 0.008 0.12  0.173 0.014 0.043 0.146]
 [0.096 0.    0.183 0.107 0.04  0.034 0.376 0.014 0.021 0.129]
 [0.191 0.    0.081 0.161 0.031 0.047 0.193 0.011 0.031 0.254]
 [0.368 0.    0.027 0.052 0.008 0.011 0.022 0.    0.413 0.099]
 [0.252 0.    0.029 0.054 0.012 0.005 0.011 0.    0.143 0.494]]
[2025-06-04 23:35:16,385 INFO] 1100 iteration, USE_EMA: True, {'train/sup_loss': tensor(0.0049, device='cuda:0'), 'train/unsup_loss': tensor(0.1878, device='cuda:0'), 'train/total_loss': tensor(0.1927, device='cuda:0'), 'train/mask_ratio': tensor(0.7708, device='cuda:0'), 'lr': 0.029914166946334277, 'train/prefecth_time': 0.1884200897216797, 'train/run_time': 0.24671641540527345, 'eval/loss': tensor(2.3979, device='cuda:0'), 'eval/top-1-acc': 0.2381, 'eval/top-5-acc': 0.6921, 'eval/precision': 0.2141331830716684, 'eval/recall': 0.23810000000000003, 'eval/F1': 0.19723667800432204, 'eval/AUC': 0.6984131666666666}, BEST_EVAL_ACC: 0.2381, at 1100 iters
[2025-06-04 23:35:16,445 INFO] model saved: ./saved_models\fixmatch_cifar10_40_0\model_best.pth
[2025-06-04 23:36:05,255 INFO] confusion matrix:
[[0.499 0.    0.13  0.057 0.016 0.017 0.038 0.    0.177 0.066]
 [0.214 0.001 0.028 0.023 0.028 0.005 0.015 0.001 0.219 0.466]
 [0.181 0.001 0.238 0.076 0.029 0.051 0.3   0.008 0.048 0.068]
 [0.137 0.002 0.132 0.205 0.011 0.113 0.161 0.02  0.036 0.183]
 [0.142 0.    0.162 0.06  0.073 0.044 0.364 0.014 0.047 0.094]
 [0.097 0.    0.186 0.23  0.01  0.131 0.163 0.02  0.043 0.12 ]
 [0.08  0.    0.25  0.102 0.045 0.034 0.348 0.013 0.018 0.11 ]
 [0.194 0.    0.121 0.157 0.036 0.054 0.173 0.023 0.03  0.212]
 [0.366 0.    0.036 0.041 0.011 0.012 0.022 0.    0.419 0.093]
 [0.258 0.    0.046 0.05  0.02  0.002 0.009 0.    0.146 0.469]]
[2025-06-04 23:36:05,262 INFO] 1200 iteration, USE_EMA: True, {'train/sup_loss': tensor(0.0049, device='cuda:0'), 'train/unsup_loss': tensor(0.2167, device='cuda:0'), 'train/total_loss': tensor(0.2216, device='cuda:0'), 'train/mask_ratio': tensor(0.7500, device='cuda:0'), 'lr': 0.029897876288507395, 'train/prefecth_time': 0.21747608947753908, 'train/run_time': 0.2462689208984375, 'eval/loss': tensor(2.4358, device='cuda:0'), 'eval/top-1-acc': 0.2406, 'eval/top-5-acc': 0.7052, 'eval/precision': 0.24629280968657147, 'eval/recall': 0.24059999999999998, 'eval/F1': 0.203925814496297, 'eval/AUC': 0.7034061055555556}, BEST_EVAL_ACC: 0.2406, at 1200 iters
[2025-06-04 23:36:05,316 INFO] model saved: ./saved_models\fixmatch_cifar10_40_0\model_best.pth
[2025-06-04 23:36:54,802 INFO] confusion matrix:
[[0.475 0.    0.143 0.054 0.02  0.02  0.039 0.    0.19  0.059]
 [0.218 0.001 0.032 0.022 0.032 0.005 0.014 0.001 0.238 0.437]
 [0.153 0.001 0.286 0.068 0.036 0.059 0.286 0.008 0.049 0.054]
 [0.127 0.002 0.179 0.19  0.012 0.125 0.153 0.029 0.034 0.149]
 [0.135 0.    0.214 0.059 0.072 0.041 0.335 0.018 0.046 0.08 ]
 [0.082 0.001 0.229 0.212 0.009 0.148 0.156 0.028 0.046 0.089]
 [0.068 0.    0.296 0.097 0.044 0.04  0.326 0.017 0.019 0.093]
 [0.179 0.    0.153 0.155 0.042 0.064 0.165 0.036 0.031 0.175]
 [0.344 0.    0.042 0.038 0.013 0.012 0.023 0.    0.443 0.085]
 [0.261 0.001 0.06  0.047 0.025 0.004 0.009 0.    0.154 0.439]]
[2025-06-04 23:36:54,810 INFO] 1300 iteration, USE_EMA: True, {'train/sup_loss': tensor(0.0154, device='cuda:0'), 'train/unsup_loss': tensor(0.2583, device='cuda:0'), 'train/total_loss': tensor(0.2737, device='cuda:0'), 'train/mask_ratio': tensor(0.7500, device='cuda:0'), 'lr': 0.029880173631319812, 'train/prefecth_time': 0.20062077331542968, 'train/run_time': 0.24778614807128907, 'eval/loss': tensor(2.4883, device='cuda:0'), 'eval/top-1-acc': 0.2416, 'eval/top-5-acc': 0.7141, 'eval/precision': 0.23958897403912388, 'eval/recall': 0.24159999999999998, 'eval/F1': 0.20798087121341885, 'eval/AUC': 0.7059834444444445}, BEST_EVAL_ACC: 0.2416, at 1300 iters
[2025-06-04 23:36:54,864 INFO] model saved: ./saved_models\fixmatch_cifar10_40_0\model_best.pth
[2025-06-04 23:37:43,900 INFO] confusion matrix:
[[0.46  0.001 0.152 0.049 0.021 0.023 0.038 0.001 0.207 0.048]
 [0.21  0.009 0.04  0.022 0.035 0.005 0.014 0.002 0.275 0.388]
 [0.142 0.001 0.334 0.062 0.032 0.055 0.274 0.01  0.048 0.042]
 [0.115 0.002 0.208 0.192 0.015 0.133 0.142 0.041 0.039 0.113]
 [0.12  0.    0.264 0.055 0.067 0.042 0.314 0.028 0.049 0.061]
 [0.068 0.001 0.264 0.206 0.008 0.159 0.151 0.037 0.047 0.059]
 [0.058 0.    0.342 0.098 0.042 0.041 0.3   0.023 0.018 0.078]
 [0.177 0.    0.187 0.148 0.045 0.072 0.141 0.054 0.033 0.143]
 [0.315 0.    0.046 0.031 0.013 0.011 0.024 0.    0.481 0.079]
 [0.252 0.004 0.069 0.048 0.028 0.005 0.007 0.    0.167 0.42 ]]
[2025-06-04 23:37:43,907 INFO] 1400 iteration, USE_EMA: True, {'train/sup_loss': tensor(0.0055, device='cuda:0'), 'train/unsup_loss': tensor(0.1385, device='cuda:0'), 'train/total_loss': tensor(0.1441, device='cuda:0'), 'train/mask_ratio': tensor(0.8021, device='cuda:0'), 'lr': 0.02986105981082222, 'train/prefecth_time': 0.20629472351074218, 'train/run_time': 0.24698675537109374, 'eval/loss': tensor(2.5270, device='cuda:0'), 'eval/top-1-acc': 0.2476, 'eval/top-5-acc': 0.7293, 'eval/precision': 0.27712884938394555, 'eval/recall': 0.2476, 'eval/F1': 0.21644363476696968, 'eval/AUC': 0.7091345055555556}, BEST_EVAL_ACC: 0.2476, at 1400 iters
[2025-06-04 23:37:43,966 INFO] model saved: ./saved_models\fixmatch_cifar10_40_0\model_best.pth
[2025-06-04 23:38:33,007 INFO] confusion matrix:
[[0.435 0.002 0.166 0.044 0.022 0.025 0.031 0.001 0.23  0.044]
 [0.173 0.018 0.055 0.023 0.039 0.004 0.013 0.002 0.31  0.363]
 [0.122 0.001 0.384 0.059 0.033 0.056 0.249 0.012 0.049 0.035]
 [0.087 0.004 0.265 0.192 0.017 0.128 0.125 0.049 0.042 0.091]
 [0.099 0.    0.332 0.053 0.068 0.04  0.269 0.034 0.05  0.055]
 [0.046 0.001 0.311 0.199 0.006 0.164 0.132 0.044 0.049 0.048]
 [0.041 0.    0.411 0.095 0.039 0.044 0.26  0.026 0.017 0.067]
 [0.167 0.    0.231 0.142 0.044 0.071 0.123 0.068 0.034 0.12 ]
 [0.271 0.001 0.055 0.029 0.013 0.012 0.023 0.    0.523 0.073]
 [0.224 0.008 0.081 0.049 0.033 0.007 0.007 0.001 0.191 0.399]]
[2025-06-04 23:38:33,013 INFO] 1500 iteration, USE_EMA: True, {'train/sup_loss': tensor(0.0302, device='cuda:0'), 'train/unsup_loss': tensor(0.2368, device='cuda:0'), 'train/total_loss': tensor(0.2670, device='cuda:0'), 'train/mask_ratio': tensor(0.7188, device='cuda:0'), 'lr': 0.02984053572971093, 'train/prefecth_time': 0.20893081665039062, 'train/run_time': 0.2464215087890625, 'eval/loss': tensor(2.5812, device='cuda:0'), 'eval/top-1-acc': 0.2511, 'eval/top-5-acc': 0.7361, 'eval/precision': 0.2830209363624929, 'eval/recall': 0.2511, 'eval/F1': 0.22231603345113288, 'eval/AUC': 0.7106122111111111}, BEST_EVAL_ACC: 0.2511, at 1500 iters
[2025-06-04 23:38:33,071 INFO] model saved: ./saved_models\fixmatch_cifar10_40_0\model_best.pth
[2025-06-04 23:39:20,672 INFO] confusion matrix:
[[0.432 0.004 0.177 0.04  0.023 0.024 0.03  0.001 0.229 0.04 ]
 [0.168 0.025 0.077 0.018 0.038 0.003 0.01  0.003 0.301 0.357]
 [0.111 0.001 0.419 0.057 0.03  0.056 0.235 0.011 0.046 0.034]
 [0.072 0.004 0.308 0.173 0.016 0.138 0.112 0.059 0.04  0.078]
 [0.09  0.    0.384 0.044 0.062 0.039 0.248 0.036 0.049 0.048]
 [0.039 0.001 0.367 0.169 0.008 0.172 0.118 0.048 0.043 0.035]
 [0.032 0.    0.462 0.092 0.037 0.039 0.238 0.027 0.017 0.056]
 [0.163 0.    0.276 0.131 0.037 0.072 0.107 0.077 0.03  0.107]
 [0.262 0.003 0.063 0.028 0.013 0.012 0.023 0.    0.522 0.074]
 [0.227 0.015 0.096 0.044 0.029 0.008 0.006 0.002 0.186 0.387]]
[2025-06-04 23:39:20,678 INFO] 1600 iteration, USE_EMA: True, {'train/sup_loss': tensor(0.0089, device='cuda:0'), 'train/unsup_loss': tensor(0.1961, device='cuda:0'), 'train/total_loss': tensor(0.2051, device='cuda:0'), 'train/mask_ratio': tensor(0.6823, device='cuda:0'), 'lr': 0.029818602357285205, 'train/prefecth_time': 0.1868123779296875, 'train/run_time': 0.24681369018554689, 'eval/loss': tensor(2.6480, device='cuda:0'), 'eval/top-1-acc': 0.2507, 'eval/top-5-acc': 0.7424, 'eval/precision': 0.2814102452759094, 'eval/recall': 0.25070000000000003, 'eval/F1': 0.2238637743746763, 'eval/AUC': 0.7107350166666666}, BEST_EVAL_ACC: 0.2511, at 1500 iters
[2025-06-04 23:40:08,698 INFO] confusion matrix:
[[0.414 0.005 0.191 0.036 0.022 0.024 0.029 0.001 0.24  0.038]
 [0.17  0.042 0.095 0.018 0.038 0.004 0.007 0.002 0.306 0.318]
 [0.1   0.001 0.459 0.05  0.029 0.056 0.223 0.01  0.049 0.023]
 [0.061 0.005 0.356 0.163 0.014 0.137 0.105 0.06  0.042 0.057]
 [0.082 0.    0.436 0.042 0.057 0.042 0.22  0.032 0.049 0.04 ]
 [0.033 0.002 0.42  0.144 0.008 0.179 0.105 0.046 0.041 0.022]
 [0.027 0.    0.513 0.081 0.037 0.042 0.221 0.023 0.014 0.042]
 [0.162 0.    0.328 0.119 0.035 0.074 0.09  0.079 0.028 0.085]
 [0.251 0.006 0.077 0.028 0.013 0.012 0.02  0.    0.529 0.064]
 [0.238 0.024 0.114 0.042 0.029 0.01  0.006 0.002 0.186 0.349]]
[2025-06-04 23:40:08,705 INFO] 1700 iteration, USE_EMA: True, {'train/sup_loss': tensor(0.0201, device='cuda:0'), 'train/unsup_loss': tensor(0.2873, device='cuda:0'), 'train/total_loss': tensor(0.3074, device='cuda:0'), 'train/mask_ratio': tensor(0.7135, device='cuda:0'), 'lr': 0.02979526072940148, 'train/prefecth_time': 0.21099929809570311, 'train/run_time': 0.24747520446777344, 'eval/loss': tensor(2.7238, device='cuda:0'), 'eval/top-1-acc': 0.2492, 'eval/top-5-acc': 0.7485, 'eval/precision': 0.2870955372135005, 'eval/recall': 0.2492, 'eval/F1': 0.22509829154167282, 'eval/AUC': 0.710357361111111}, BEST_EVAL_ACC: 0.2511, at 1500 iters
[2025-06-04 23:40:56,223 INFO] confusion matrix:
[[0.407 0.007 0.199 0.032 0.021 0.03  0.028 0.001 0.241 0.034]
 [0.172 0.055 0.107 0.018 0.036 0.005 0.007 0.001 0.3   0.299]
 [0.096 0.001 0.492 0.042 0.024 0.068 0.205 0.01  0.045 0.017]
 [0.052 0.007 0.382 0.158 0.013 0.153 0.097 0.055 0.039 0.044]
 [0.075 0.    0.489 0.038 0.05  0.047 0.194 0.027 0.046 0.034]
 [0.032 0.003 0.45  0.121 0.008 0.204 0.091 0.037 0.039 0.015]
 [0.025 0.001 0.562 0.076 0.035 0.046 0.198 0.012 0.014 0.031]
 [0.162 0.    0.368 0.107 0.037 0.089 0.068 0.072 0.028 0.069]
 [0.244 0.009 0.095 0.024 0.013 0.009 0.016 0.    0.536 0.054]
 [0.244 0.03  0.131 0.04  0.026 0.012 0.006 0.002 0.186 0.323]]
[2025-06-04 23:40:56,229 INFO] 1800 iteration, USE_EMA: True, {'train/sup_loss': tensor(0.0080, device='cuda:0'), 'train/unsup_loss': tensor(0.2608, device='cuda:0'), 'train/total_loss': tensor(0.2687, device='cuda:0'), 'train/mask_ratio': tensor(0.6042, device='cuda:0'), 'lr': 0.029770511948424474, 'train/prefecth_time': 0.1921914825439453, 'train/run_time': 0.24676422119140626, 'eval/loss': tensor(2.8038, device='cuda:0'), 'eval/top-1-acc': 0.2495, 'eval/top-5-acc': 0.7497, 'eval/precision': 0.29094327218588056, 'eval/recall': 0.2495, 'eval/F1': 0.22641953456830652, 'eval/AUC': 0.710353788888889}, BEST_EVAL_ACC: 0.2511, at 1500 iters
[2025-06-04 23:41:43,739 INFO] confusion matrix:
[[0.385 0.008 0.227 0.028 0.02  0.032 0.026 0.001 0.242 0.031]
 [0.168 0.066 0.133 0.014 0.033 0.006 0.005 0.001 0.29  0.284]
 [0.079 0.001 0.543 0.032 0.016 0.075 0.186 0.009 0.044 0.015]
 [0.045 0.007 0.428 0.142 0.011 0.162 0.076 0.059 0.034 0.036]
 [0.066 0.    0.54  0.035 0.047 0.05  0.159 0.027 0.045 0.031]
 [0.025 0.003 0.487 0.094 0.007 0.221 0.07  0.045 0.037 0.011]
 [0.023 0.001 0.6   0.068 0.029 0.05  0.172 0.014 0.015 0.028]
 [0.162 0.    0.423 0.084 0.031 0.089 0.053 0.075 0.027 0.056]
 [0.228 0.012 0.113 0.022 0.011 0.01  0.015 0.    0.533 0.056]
 [0.24  0.034 0.151 0.033 0.026 0.016 0.006 0.003 0.186 0.305]]
[2025-06-04 23:41:43,746 INFO] 1900 iteration, USE_EMA: True, {'train/sup_loss': tensor(0.0031, device='cuda:0'), 'train/unsup_loss': tensor(0.1702, device='cuda:0'), 'train/total_loss': tensor(0.1733, device='cuda:0'), 'train/mask_ratio': tensor(0.6771, device='cuda:0'), 'lr': 0.02974435718317509, 'train/prefecth_time': 0.18798463439941407, 'train/run_time': 0.24744444274902344, 'eval/loss': tensor(2.8936, device='cuda:0'), 'eval/top-1-acc': 0.2489, 'eval/top-5-acc': 0.7507, 'eval/precision': 0.2960306506723467, 'eval/recall': 0.24890000000000004, 'eval/F1': 0.2266028651348361, 'eval/AUC': 0.7092489666666667}, BEST_EVAL_ACC: 0.2511, at 1500 iters
[2025-06-04 23:42:31,043 INFO] confusion matrix:
[[0.364 0.009 0.275 0.019 0.018 0.023 0.022 0.001 0.241 0.028]
 [0.161 0.079 0.165 0.011 0.03  0.006 0.004 0.003 0.276 0.265]
 [0.067 0.001 0.6   0.026 0.014 0.069 0.162 0.006 0.042 0.013]
 [0.037 0.006 0.49  0.123 0.009 0.147 0.066 0.06  0.029 0.033]
 [0.056 0.    0.612 0.026 0.035 0.041 0.135 0.027 0.041 0.027]
 [0.017 0.002 0.548 0.08  0.006 0.202 0.059 0.042 0.033 0.011]
 [0.019 0.    0.642 0.06  0.026 0.044 0.155 0.014 0.015 0.025]
 [0.149 0.    0.491 0.066 0.028 0.079 0.04  0.074 0.025 0.048]
 [0.209 0.015 0.145 0.011 0.009 0.009 0.014 0.    0.538 0.05 ]
 [0.226 0.052 0.195 0.026 0.026 0.016 0.004 0.003 0.181 0.271]]
[2025-06-04 23:42:31,052 INFO] 2000 iteration, USE_EMA: True, {'train/sup_loss': tensor(0.0039, device='cuda:0'), 'train/unsup_loss': tensor(0.1374, device='cuda:0'), 'train/total_loss': tensor(0.1413, device='cuda:0'), 'train/mask_ratio': tensor(0.5885, device='cuda:0'), 'lr': 0.029716797668875233, 'train/prefecth_time': 0.19183827209472656, 'train/run_time': 0.24687922668457032, 'eval/loss': tensor(2.9968, device='cuda:0'), 'eval/top-1-acc': 0.2441, 'eval/top-5-acc': 0.7508, 'eval/precision': 0.29573848463237407, 'eval/recall': 0.24409999999999998, 'eval/F1': 0.2216561002726901, 'eval/AUC': 0.7073475666666666}, BEST_EVAL_ACC: 0.2511, at 1500 iters
[2025-06-04 23:43:18,118 INFO] confusion matrix:
[[0.359 0.009 0.304 0.016 0.017 0.02  0.021 0.001 0.232 0.021]
 [0.169 0.095 0.198 0.01  0.026 0.006 0.003 0.003 0.259 0.231]
 [0.063 0.003 0.64  0.022 0.013 0.062 0.144 0.006 0.037 0.01 ]
 [0.035 0.005 0.547 0.107 0.008 0.134 0.055 0.059 0.025 0.025]
 [0.054 0.    0.66  0.024 0.032 0.04  0.114 0.025 0.033 0.018]
 [0.017 0.001 0.59  0.073 0.005 0.188 0.048 0.041 0.028 0.009]
 [0.019 0.    0.685 0.056 0.021 0.042 0.133 0.014 0.012 0.018]
 [0.145 0.    0.525 0.058 0.031 0.075 0.034 0.073 0.019 0.04 ]
 [0.192 0.019 0.176 0.011 0.007 0.009 0.014 0.    0.53  0.042]
 [0.229 0.071 0.225 0.023 0.025 0.013 0.004 0.004 0.167 0.239]]
[2025-06-04 23:43:18,124 INFO] 2100 iteration, USE_EMA: True, {'train/sup_loss': tensor(0.0111, device='cuda:0'), 'train/unsup_loss': tensor(0.2046, device='cuda:0'), 'train/total_loss': tensor(0.2157, device='cuda:0'), 'train/mask_ratio': tensor(0.6667, device='cuda:0'), 'lr': 0.02968783470708948, 'train/prefecth_time': 0.20889701843261718, 'train/run_time': 0.24701849365234374, 'eval/loss': tensor(3.0951, device='cuda:0'), 'eval/top-1-acc': 0.2396, 'eval/top-5-acc': 0.754, 'eval/precision': 0.2965607051464151, 'eval/recall': 0.23959999999999998, 'eval/F1': 0.2176986819637297, 'eval/AUC': 0.7057752777777779}, BEST_EVAL_ACC: 0.2511, at 1500 iters
[2025-06-04 23:44:06,320 INFO] confusion matrix:
[[0.341 0.012 0.338 0.016 0.016 0.018 0.019 0.001 0.221 0.018]
 [0.168 0.106 0.22  0.011 0.027 0.005 0.003 0.002 0.25  0.208]
 [0.063 0.002 0.656 0.023 0.012 0.057 0.144 0.007 0.029 0.007]
 [0.03  0.007 0.571 0.112 0.006 0.122 0.054 0.058 0.021 0.019]
 [0.054 0.    0.669 0.024 0.031 0.04  0.112 0.024 0.03  0.016]
 [0.015 0.003 0.618 0.074 0.005 0.169 0.047 0.039 0.024 0.006]
 [0.013 0.    0.697 0.057 0.02  0.041 0.132 0.013 0.011 0.016]
 [0.139 0.001 0.547 0.058 0.033 0.075 0.031 0.071 0.016 0.029]
 [0.179 0.026 0.201 0.011 0.008 0.009 0.014 0.    0.52  0.032]
 [0.227 0.084 0.25  0.022 0.026 0.011 0.003 0.003 0.159 0.215]]
[2025-06-04 23:44:06,327 INFO] 2200 iteration, USE_EMA: True, {'train/sup_loss': tensor(0.0210, device='cuda:0'), 'train/unsup_loss': tensor(0.2527, device='cuda:0'), 'train/total_loss': tensor(0.2737, device='cuda:0'), 'train/mask_ratio': tensor(0.6458, device='cuda:0'), 'lr': 0.029657469665663596, 'train/prefecth_time': 0.21416351318359375, 'train/run_time': 0.2465269775390625, 'eval/loss': tensor(3.1795, device='cuda:0'), 'eval/top-1-acc': 0.2353, 'eval/top-5-acc': 0.7562, 'eval/precision': 0.29544696998536285, 'eval/recall': 0.23529999999999998, 'eval/F1': 0.2150690438221096, 'eval/AUC': 0.7034038555555555}, BEST_EVAL_ACC: 0.2511, at 1500 iters
[2025-06-04 23:44:54,845 INFO] confusion matrix:
[[0.35  0.012 0.362 0.016 0.015 0.017 0.017 0.    0.194 0.017]
 [0.181 0.113 0.238 0.011 0.027 0.005 0.003 0.002 0.229 0.191]
 [0.07  0.002 0.68  0.024 0.01  0.057 0.127 0.005 0.021 0.004]
 [0.025 0.008 0.605 0.111 0.006 0.115 0.048 0.05  0.015 0.017]
 [0.05  0.    0.701 0.025 0.025 0.038 0.099 0.021 0.027 0.014]
 [0.015 0.003 0.65  0.07  0.003 0.161 0.04  0.036 0.018 0.004]
 [0.013 0.    0.726 0.055 0.017 0.039 0.118 0.012 0.009 0.011]
 [0.138 0.002 0.576 0.056 0.026 0.067 0.027 0.07  0.013 0.025]
 [0.185 0.029 0.212 0.012 0.011 0.008 0.011 0.    0.503 0.029]
 [0.237 0.095 0.258 0.025 0.024 0.012 0.003 0.003 0.148 0.195]]
[2025-06-04 23:44:54,851 INFO] 2300 iteration, USE_EMA: True, {'train/sup_loss': tensor(0.0034, device='cuda:0'), 'train/unsup_loss': tensor(0.1649, device='cuda:0'), 'train/total_loss': tensor(0.1684, device='cuda:0'), 'train/mask_ratio': tensor(0.5729, device='cuda:0'), 'lr': 0.029625703978659948, 'train/prefecth_time': 0.2114088897705078, 'train/run_time': 0.24657919311523438, 'eval/loss': tensor(3.2773, device='cuda:0'), 'eval/top-1-acc': 0.2326, 'eval/top-5-acc': 0.7602, 'eval/precision': 0.2980519609729837, 'eval/recall': 0.2326, 'eval/F1': 0.2123024688235345, 'eval/AUC': 0.7020449222222223}, BEST_EVAL_ACC: 0.2511, at 1500 iters
[2025-06-04 23:45:43,157 INFO] confusion matrix:
[[0.337 0.009 0.383 0.016 0.013 0.015 0.016 0.    0.196 0.015]
 [0.169 0.117 0.268 0.01  0.023 0.004 0.003 0.001 0.224 0.181]
 [0.066 0.003 0.707 0.02  0.008 0.048 0.117 0.005 0.022 0.004]
 [0.022 0.012 0.65  0.094 0.006 0.107 0.041 0.044 0.011 0.013]
 [0.049 0.    0.729 0.025 0.021 0.033 0.083 0.02  0.026 0.014]
 [0.015 0.003 0.686 0.062 0.003 0.141 0.038 0.035 0.013 0.004]
 [0.012 0.    0.755 0.045 0.016 0.038 0.108 0.009 0.007 0.01 ]
 [0.132 0.001 0.602 0.048 0.027 0.063 0.025 0.067 0.012 0.023]
 [0.167 0.031 0.235 0.011 0.009 0.007 0.009 0.    0.503 0.028]
 [0.23  0.104 0.279 0.02  0.022 0.012 0.002 0.003 0.152 0.176]]
[2025-06-04 23:45:43,168 INFO] 2400 iteration, USE_EMA: True, {'train/sup_loss': tensor(0.0090, device='cuda:0'), 'train/unsup_loss': tensor(0.2243, device='cuda:0'), 'train/total_loss': tensor(0.2333, device='cuda:0'), 'train/mask_ratio': tensor(0.5729, device='cuda:0'), 'lr': 0.02959253914628976, 'train/prefecth_time': 0.19719474792480468, 'train/run_time': 0.2462730255126953, 'eval/loss': tensor(3.3831, device='cuda:0'), 'eval/top-1-acc': 0.2271, 'eval/top-5-acc': 0.7613, 'eval/precision': 0.29593843899043126, 'eval/recall': 0.2271, 'eval/F1': 0.20490137476490258, 'eval/AUC': 0.6999358555555556}, BEST_EVAL_ACC: 0.2511, at 1500 iters
[2025-06-04 23:46:31,519 INFO] confusion matrix:
[[0.339 0.009 0.396 0.016 0.011 0.015 0.013 0.    0.187 0.014]
 [0.172 0.119 0.288 0.008 0.02  0.004 0.003 0.002 0.216 0.168]
 [0.065 0.003 0.724 0.019 0.008 0.047 0.106 0.005 0.019 0.004]
 [0.018 0.012 0.676 0.087 0.006 0.102 0.035 0.041 0.011 0.012]
 [0.047 0.    0.75  0.025 0.02  0.034 0.067 0.02  0.025 0.012]
 [0.015 0.003 0.713 0.058 0.003 0.131 0.031 0.033 0.012 0.001]
 [0.012 0.    0.778 0.041 0.013 0.036 0.097 0.009 0.007 0.007]
 [0.119 0.001 0.639 0.044 0.025 0.059 0.018 0.063 0.012 0.02 ]
 [0.178 0.034 0.244 0.008 0.009 0.007 0.005 0.    0.486 0.029]
 [0.237 0.113 0.303 0.016 0.02  0.012 0.002 0.003 0.133 0.161]]
[2025-06-04 23:46:31,524 INFO] 2500 iteration, USE_EMA: True, {'train/sup_loss': tensor(0.0028, device='cuda:0'), 'train/unsup_loss': tensor(0.2117, device='cuda:0'), 'train/total_loss': tensor(0.2145, device='cuda:0'), 'train/mask_ratio': tensor(0.5156, device='cuda:0'), 'lr': 0.029557976734842277, 'train/prefecth_time': 0.18768588256835939, 'train/run_time': 0.2465597381591797, 'eval/loss': tensor(3.4763, device='cuda:0'), 'eval/top-1-acc': 0.2227, 'eval/top-5-acc': 0.7624, 'eval/precision': 0.29596101900646243, 'eval/recall': 0.22269999999999998, 'eval/F1': 0.19967655200069576, 'eval/AUC': 0.6988042388888889}, BEST_EVAL_ACC: 0.2511, at 1500 iters
[2025-06-04 23:47:19,581 INFO] confusion matrix:
[[0.341 0.009 0.414 0.008 0.01  0.015 0.01  0.001 0.179 0.013]
 [0.172 0.128 0.309 0.005 0.017 0.004 0.002 0.002 0.205 0.156]
 [0.06  0.003 0.734 0.018 0.007 0.046 0.104 0.004 0.02  0.004]
 [0.015 0.015 0.686 0.085 0.005 0.103 0.032 0.039 0.011 0.009]
 [0.045 0.    0.757 0.023 0.02  0.033 0.066 0.019 0.026 0.011]
 [0.012 0.004 0.728 0.052 0.003 0.131 0.027 0.032 0.011 0.   ]
 [0.011 0.    0.792 0.04  0.013 0.037 0.088 0.007 0.007 0.005]
 [0.114 0.002 0.654 0.041 0.025 0.058 0.014 0.063 0.01  0.019]
 [0.173 0.041 0.259 0.006 0.007 0.007 0.004 0.    0.478 0.025]
 [0.235 0.129 0.307 0.015 0.019 0.011 0.002 0.003 0.13  0.149]]
[2025-06-04 23:47:19,586 INFO] 2600 iteration, USE_EMA: True, {'train/sup_loss': tensor(0.0022, device='cuda:0'), 'train/unsup_loss': tensor(0.1991, device='cuda:0'), 'train/total_loss': tensor(0.2012, device='cuda:0'), 'train/mask_ratio': tensor(0.6094, device='cuda:0'), 'lr': 0.029522018376610795, 'train/prefecth_time': 0.19866009521484376, 'train/run_time': 0.24780415344238282, 'eval/loss': tensor(3.5525, device='cuda:0'), 'eval/top-1-acc': 0.2217, 'eval/top-5-acc': 0.7639, 'eval/precision': 0.29971738893698757, 'eval/recall': 0.2217, 'eval/F1': 0.1987541214909331, 'eval/AUC': 0.6981073722222222}, BEST_EVAL_ACC: 0.2511, at 1500 iters
[2025-06-04 23:48:07,659 INFO] confusion matrix:
[[0.347 0.013 0.42  0.008 0.01  0.016 0.011 0.001 0.163 0.011]
 [0.192 0.135 0.31  0.005 0.019 0.003 0.002 0.002 0.169 0.163]
 [0.065 0.003 0.727 0.017 0.007 0.05  0.106 0.005 0.016 0.004]
 [0.016 0.015 0.675 0.084 0.005 0.109 0.034 0.043 0.011 0.008]
 [0.043 0.    0.758 0.022 0.02  0.036 0.07  0.02  0.021 0.01 ]
 [0.012 0.004 0.719 0.048 0.003 0.141 0.029 0.033 0.011 0.   ]
 [0.01  0.    0.784 0.042 0.013 0.038 0.095 0.006 0.007 0.005]
 [0.111 0.002 0.658 0.039 0.026 0.061 0.014 0.066 0.008 0.015]
 [0.188 0.046 0.269 0.004 0.008 0.007 0.005 0.    0.449 0.024]
 [0.253 0.14  0.309 0.014 0.019 0.011 0.002 0.003 0.112 0.137]]
[2025-06-04 23:48:07,665 INFO] 2700 iteration, USE_EMA: True, {'train/sup_loss': tensor(0.0035, device='cuda:0'), 'train/unsup_loss': tensor(0.1491, device='cuda:0'), 'train/total_loss': tensor(0.1526, device='cuda:0'), 'train/mask_ratio': tensor(0.6458, device='cuda:0'), 'lr': 0.029484665769815555, 'train/prefecth_time': 0.20579714965820312, 'train/run_time': 0.24648173522949218, 'eval/loss': tensor(3.5969, device='cuda:0'), 'eval/top-1-acc': 0.2201, 'eval/top-5-acc': 0.7662, 'eval/precision': 0.29907448413510906, 'eval/recall': 0.22009999999999996, 'eval/F1': 0.19926796717151113, 'eval/AUC': 0.6971848111111112}, BEST_EVAL_ACC: 0.2511, at 1500 iters
[2025-06-04 23:48:55,394 INFO] confusion matrix:
[[0.343 0.015 0.433 0.006 0.008 0.017 0.009 0.001 0.157 0.011]
 [0.207 0.137 0.332 0.004 0.017 0.003 0.002 0.002 0.149 0.147]
 [0.064 0.003 0.745 0.013 0.007 0.048 0.098 0.004 0.014 0.004]
 [0.015 0.013 0.709 0.071 0.005 0.105 0.03  0.038 0.008 0.006]
 [0.043 0.    0.774 0.019 0.02  0.031 0.065 0.018 0.021 0.009]
 [0.012 0.005 0.734 0.042 0.003 0.134 0.028 0.032 0.01  0.   ]
 [0.009 0.    0.803 0.037 0.011 0.036 0.089 0.005 0.006 0.004]
 [0.106 0.002 0.678 0.033 0.021 0.059 0.015 0.065 0.008 0.013]
 [0.201 0.048 0.286 0.003 0.006 0.007 0.004 0.    0.426 0.019]
 [0.26  0.148 0.33  0.014 0.015 0.01  0.002 0.003 0.099 0.119]]
[2025-06-04 23:48:55,400 INFO] 2800 iteration, USE_EMA: True, {'train/sup_loss': tensor(0.0025, device='cuda:0'), 'train/unsup_loss': tensor(0.2308, device='cuda:0'), 'train/total_loss': tensor(0.2332, device='cuda:0'), 'train/mask_ratio': tensor(0.5573, device='cuda:0'), 'lr': 0.02944592067852356, 'train/prefecth_time': 0.19207487487792968, 'train/run_time': 0.24724652099609376, 'eval/loss': tensor(3.6837, device='cuda:0'), 'eval/top-1-acc': 0.2149, 'eval/top-5-acc': 0.7688, 'eval/precision': 0.3017530716248085, 'eval/recall': 0.2149, 'eval/F1': 0.19283506424093194, 'eval/AUC': 0.6958922111111111}, BEST_EVAL_ACC: 0.2511, at 1500 iters
[2025-06-04 23:49:43,477 INFO] confusion matrix:
[[0.363 0.015 0.434 0.006 0.008 0.017 0.009 0.001 0.138 0.009]
 [0.222 0.14  0.348 0.003 0.015 0.002 0.001 0.001 0.125 0.143]
 [0.063 0.003 0.756 0.012 0.007 0.043 0.097 0.004 0.012 0.003]
 [0.015 0.013 0.726 0.066 0.004 0.097 0.031 0.034 0.008 0.006]
 [0.042 0.    0.785 0.019 0.018 0.031 0.06  0.017 0.021 0.007]
 [0.012 0.004 0.744 0.041 0.003 0.131 0.027 0.029 0.009 0.   ]
 [0.009 0.    0.807 0.034 0.009 0.035 0.091 0.006 0.005 0.004]
 [0.102 0.002 0.689 0.032 0.021 0.058 0.015 0.061 0.007 0.013]
 [0.214 0.051 0.291 0.003 0.006 0.006 0.004 0.    0.407 0.018]
 [0.276 0.158 0.332 0.014 0.011 0.01  0.002 0.002 0.085 0.11 ]]
[2025-06-04 23:49:43,487 INFO] 2900 iteration, USE_EMA: True, {'train/sup_loss': tensor(0.0023, device='cuda:0'), 'train/unsup_loss': tensor(0.1404, device='cuda:0'), 'train/total_loss': tensor(0.1427, device='cuda:0'), 'train/mask_ratio': tensor(0.5104, device='cuda:0'), 'lr': 0.02940578493256525, 'train/prefecth_time': 0.19850242614746094, 'train/run_time': 0.24709222412109375, 'eval/loss': tensor(3.7569, device='cuda:0'), 'eval/top-1-acc': 0.2143, 'eval/top-5-acc': 0.7714, 'eval/precision': 0.30472451547192037, 'eval/recall': 0.2143, 'eval/F1': 0.19144727417854768, 'eval/AUC': 0.6954805944444444}, BEST_EVAL_ACC: 0.2511, at 1500 iters
[2025-06-04 23:50:30,950 INFO] confusion matrix:
[[0.342 0.015 0.457 0.004 0.007 0.017 0.008 0.001 0.141 0.008]
 [0.205 0.138 0.377 0.003 0.013 0.001 0.001 0.    0.127 0.135]
 [0.054 0.003 0.774 0.009 0.007 0.038 0.096 0.004 0.012 0.003]
 [0.013 0.013 0.743 0.058 0.004 0.091 0.031 0.034 0.008 0.005]
 [0.038 0.    0.793 0.018 0.019 0.031 0.059 0.016 0.02  0.006]
 [0.011 0.004 0.755 0.036 0.002 0.129 0.023 0.032 0.008 0.   ]
 [0.006 0.    0.814 0.033 0.008 0.034 0.092 0.005 0.005 0.003]
 [0.094 0.002 0.712 0.027 0.018 0.056 0.013 0.062 0.007 0.009]
 [0.188 0.053 0.316 0.002 0.006 0.006 0.004 0.    0.411 0.014]
 [0.255 0.163 0.357 0.014 0.01  0.009 0.002 0.002 0.09  0.098]]
[2025-06-04 23:50:30,957 INFO] 3000 iteration, USE_EMA: True, {'train/sup_loss': tensor(0.0029, device='cuda:0'), 'train/unsup_loss': tensor(0.1310, device='cuda:0'), 'train/total_loss': tensor(0.1339, device='cuda:0'), 'train/mask_ratio': tensor(0.6458, device='cuda:0'), 'lr': 0.029364260427448087, 'train/prefecth_time': 0.19719453430175782, 'train/run_time': 0.24876646423339843, 'eval/loss': tensor(3.8268, device='cuda:0'), 'eval/top-1-acc': 0.2123, 'eval/top-5-acc': 0.7736, 'eval/precision': 0.3084601958501481, 'eval/recall': 0.2123, 'eval/F1': 0.18885192280840368, 'eval/AUC': 0.6947742444444446}, BEST_EVAL_ACC: 0.2511, at 1500 iters
[2025-06-04 23:51:17,479 INFO] confusion matrix:
[[0.321 0.015 0.479 0.004 0.007 0.017 0.006 0.001 0.143 0.007]
 [0.185 0.126 0.402 0.003 0.013 0.001 0.001 0.    0.134 0.135]
 [0.051 0.003 0.787 0.008 0.007 0.037 0.087 0.004 0.013 0.003]
 [0.011 0.012 0.762 0.055 0.004 0.085 0.027 0.032 0.008 0.004]
 [0.034 0.    0.806 0.015 0.015 0.031 0.058 0.017 0.018 0.006]
 [0.007 0.003 0.774 0.033 0.002 0.123 0.02  0.03  0.008 0.   ]
 [0.004 0.    0.834 0.028 0.008 0.031 0.084 0.004 0.004 0.003]
 [0.082 0.001 0.741 0.021 0.016 0.055 0.01  0.058 0.007 0.009]
 [0.166 0.051 0.33  0.002 0.005 0.005 0.004 0.    0.422 0.015]
 [0.228 0.156 0.393 0.008 0.01  0.006 0.002 0.001 0.092 0.104]]
[2025-06-04 23:51:17,486 INFO] 3100 iteration, USE_EMA: True, {'train/sup_loss': tensor(0.0141, device='cuda:0'), 'train/unsup_loss': tensor(0.1701, device='cuda:0'), 'train/total_loss': tensor(0.1842, device='cuda:0'), 'train/mask_ratio': tensor(0.5365, device='cuda:0'), 'lr': 0.029321349124267034, 'train/prefecth_time': 0.19918643188476562, 'train/run_time': 0.2473707275390625, 'eval/loss': tensor(3.9140, device='cuda:0'), 'eval/top-1-acc': 0.2095, 'eval/top-5-acc': 0.7754, 'eval/precision': 0.30967645599798677, 'eval/recall': 0.20950000000000002, 'eval/F1': 0.18536262249398638, 'eval/AUC': 0.6936997444444445}, BEST_EVAL_ACC: 0.2511, at 1500 iters
[2025-06-04 23:52:05,166 INFO] confusion matrix:
[[0.306 0.015 0.496 0.003 0.007 0.015 0.005 0.001 0.145 0.007]
 [0.165 0.13  0.418 0.003 0.011 0.001 0.001 0.    0.145 0.126]
 [0.051 0.003 0.799 0.008 0.005 0.034 0.081 0.004 0.013 0.002]
 [0.01  0.008 0.789 0.051 0.003 0.078 0.025 0.027 0.007 0.002]
 [0.033 0.    0.822 0.014 0.015 0.028 0.053 0.015 0.016 0.004]
 [0.006 0.003 0.803 0.027 0.002 0.108 0.018 0.027 0.006 0.   ]
 [0.003 0.    0.847 0.028 0.006 0.028 0.078 0.003 0.004 0.003]
 [0.069 0.    0.779 0.014 0.014 0.049 0.01  0.05  0.008 0.007]
 [0.14  0.046 0.355 0.002 0.003 0.005 0.002 0.    0.434 0.013]
 [0.209 0.144 0.435 0.007 0.007 0.005 0.001 0.001 0.097 0.094]]
[2025-06-04 23:52:05,172 INFO] 3200 iteration, USE_EMA: True, {'train/sup_loss': tensor(0.0104, device='cuda:0'), 'train/unsup_loss': tensor(0.0981, device='cuda:0'), 'train/total_loss': tensor(0.1085, device='cuda:0'), 'train/mask_ratio': tensor(0.4792, device='cuda:0'), 'lr': 0.029277053049611944, 'train/prefecth_time': 0.20154981994628907, 'train/run_time': 0.2475141143798828, 'eval/loss': tensor(4.0052, device='cuda:0'), 'eval/top-1-acc': 0.2065, 'eval/top-5-acc': 0.7762, 'eval/precision': 0.3176725958466614, 'eval/recall': 0.2065, 'eval/F1': 0.18112942745113134, 'eval/AUC': 0.692709}, BEST_EVAL_ACC: 0.2511, at 1500 iters
[2025-06-04 23:52:52,585 INFO] confusion matrix:
[[0.304 0.014 0.489 0.003 0.007 0.015 0.005 0.001 0.156 0.006]
 [0.153 0.135 0.425 0.001 0.011 0.001 0.001 0.001 0.149 0.123]
 [0.05  0.003 0.803 0.008 0.006 0.032 0.079 0.003 0.014 0.002]
 [0.01  0.007 0.8   0.048 0.003 0.075 0.025 0.024 0.007 0.001]
 [0.031 0.    0.824 0.014 0.015 0.029 0.052 0.016 0.016 0.003]
 [0.006 0.003 0.807 0.027 0.002 0.105 0.018 0.026 0.006 0.   ]
 [0.003 0.    0.846 0.028 0.007 0.028 0.079 0.004 0.004 0.001]
 [0.067 0.    0.788 0.012 0.013 0.046 0.01  0.051 0.008 0.005]
 [0.142 0.046 0.349 0.002 0.003 0.004 0.002 0.    0.441 0.011]
 [0.205 0.144 0.444 0.006 0.006 0.004 0.001 0.001 0.098 0.091]]
[2025-06-04 23:52:52,591 INFO] 3300 iteration, USE_EMA: True, {'train/sup_loss': tensor(0.0041, device='cuda:0'), 'train/unsup_loss': tensor(0.1469, device='cuda:0'), 'train/total_loss': tensor(0.1510, device='cuda:0'), 'train/mask_ratio': tensor(0.5781, device='cuda:0'), 'lr': 0.02923137429547185, 'train/prefecth_time': 0.19550119018554687, 'train/run_time': 0.2472499237060547, 'eval/loss': tensor(4.0181, device='cuda:0'), 'eval/top-1-acc': 0.2072, 'eval/top-5-acc': 0.7794, 'eval/precision': 0.32131395472497803, 'eval/recall': 0.2072, 'eval/F1': 0.18141280969041068, 'eval/AUC': 0.69470735}, BEST_EVAL_ACC: 0.2511, at 1500 iters
[2025-06-04 23:53:41,637 INFO] confusion matrix:
[[0.299 0.014 0.483 0.003 0.005 0.013 0.005 0.001 0.171 0.006]
 [0.134 0.139 0.437 0.001 0.012 0.001 0.001 0.    0.158 0.117]
 [0.047 0.003 0.809 0.008 0.003 0.029 0.08  0.002 0.017 0.002]
 [0.009 0.007 0.805 0.049 0.003 0.07  0.026 0.022 0.008 0.001]
 [0.028 0.    0.828 0.014 0.015 0.03  0.052 0.015 0.016 0.002]
 [0.006 0.003 0.809 0.025 0.001 0.106 0.018 0.026 0.006 0.   ]
 [0.003 0.    0.85  0.027 0.006 0.028 0.078 0.003 0.004 0.001]
 [0.062 0.    0.794 0.014 0.013 0.046 0.01  0.047 0.009 0.005]
 [0.132 0.044 0.347 0.001 0.002 0.004 0.002 0.    0.458 0.01 ]
 [0.195 0.148 0.445 0.005 0.006 0.005 0.001 0.001 0.113 0.081]]
[2025-06-04 23:53:41,644 INFO] 3400 iteration, USE_EMA: True, {'train/sup_loss': tensor(0.0006, device='cuda:0'), 'train/unsup_loss': tensor(0.2067, device='cuda:0'), 'train/total_loss': tensor(0.2074, device='cuda:0'), 'train/mask_ratio': tensor(0.5833, device='cuda:0'), 'lr': 0.029184315019136143, 'train/prefecth_time': 0.21769728088378906, 'train/run_time': 0.247510009765625, 'eval/loss': tensor(4.0458, device='cuda:0'), 'eval/top-1-acc': 0.2081, 'eval/top-5-acc': 0.783, 'eval/precision': 0.32418801932275115, 'eval/recall': 0.2081, 'eval/F1': 0.1808716200233692, 'eval/AUC': 0.6956252055555555}, BEST_EVAL_ACC: 0.2511, at 1500 iters
[2025-06-04 23:54:30,873 INFO] confusion matrix:
[[0.287 0.013 0.49  0.003 0.005 0.012 0.002 0.001 0.181 0.006]
 [0.123 0.139 0.454 0.001 0.012 0.    0.001 0.    0.16  0.11 ]
 [0.044 0.002 0.818 0.007 0.003 0.029 0.075 0.002 0.018 0.002]
 [0.006 0.005 0.817 0.05  0.003 0.068 0.024 0.021 0.005 0.001]
 [0.024 0.    0.839 0.014 0.011 0.029 0.051 0.013 0.017 0.002]
 [0.006 0.003 0.817 0.025 0.001 0.1   0.018 0.025 0.005 0.   ]
 [0.003 0.    0.857 0.027 0.006 0.025 0.075 0.003 0.003 0.001]
 [0.06  0.    0.8   0.014 0.013 0.044 0.01  0.045 0.01  0.004]
 [0.118 0.044 0.344 0.001 0.002 0.004 0.002 0.    0.476 0.009]
 [0.17  0.143 0.476 0.004 0.006 0.005 0.001 0.001 0.117 0.077]]
[2025-06-04 23:54:30,880 INFO] 3500 iteration, USE_EMA: True, {'train/sup_loss': tensor(0.0031, device='cuda:0'), 'train/unsup_loss': tensor(0.1826, device='cuda:0'), 'train/total_loss': tensor(0.1857, device='cuda:0'), 'train/mask_ratio': tensor(0.6354, device='cuda:0'), 'lr': 0.029135877443092723, 'train/prefecth_time': 0.1994248046875, 'train/run_time': 0.24730316162109375, 'eval/loss': tensor(4.0983, device='cuda:0'), 'eval/top-1-acc': 0.2078, 'eval/top-5-acc': 0.7846, 'eval/precision': 0.3235780238194478, 'eval/recall': 0.20779999999999998, 'eval/F1': 0.17950785581046141, 'eval/AUC': 0.6959332944444444}, BEST_EVAL_ACC: 0.2511, at 1500 iters
[2025-06-04 23:55:18,899 INFO] confusion matrix:
[[0.293 0.013 0.486 0.003 0.004 0.012 0.002 0.001 0.183 0.003]
 [0.125 0.137 0.454 0.001 0.012 0.    0.001 0.    0.167 0.103]
 [0.044 0.002 0.816 0.007 0.003 0.029 0.076 0.003 0.018 0.002]
 [0.006 0.008 0.811 0.049 0.002 0.069 0.024 0.026 0.005 0.   ]
 [0.025 0.    0.837 0.013 0.012 0.029 0.05  0.015 0.017 0.002]
 [0.006 0.003 0.807 0.025 0.    0.107 0.018 0.029 0.005 0.   ]
 [0.003 0.    0.854 0.027 0.006 0.027 0.076 0.004 0.003 0.   ]
 [0.058 0.    0.802 0.014 0.013 0.044 0.01  0.045 0.01  0.004]
 [0.116 0.044 0.338 0.001 0.002 0.004 0.002 0.    0.488 0.005]
 [0.169 0.15  0.479 0.003 0.006 0.005 0.001 0.001 0.116 0.07 ]]
[2025-06-04 23:55:18,908 INFO] 3600 iteration, USE_EMA: True, {'train/sup_loss': tensor(0.0035, device='cuda:0'), 'train/unsup_loss': tensor(0.1729, device='cuda:0'), 'train/total_loss': tensor(0.1764, device='cuda:0'), 'train/mask_ratio': tensor(0.6042, device='cuda:0'), 'lr': 0.029086063854923013, 'train/prefecth_time': 0.1947791290283203, 'train/run_time': 0.24704400634765625, 'eval/loss': tensor(4.1144, device='cuda:0'), 'eval/top-1-acc': 0.2093, 'eval/top-5-acc': 0.7835, 'eval/precision': 0.3231254577581754, 'eval/recall': 0.20929999999999996, 'eval/F1': 0.18052305351182826, 'eval/AUC': 0.6955802222222222}, BEST_EVAL_ACC: 0.2511, at 1500 iters
[2025-06-04 23:56:06,890 INFO] confusion matrix:
[[0.285 0.014 0.496 0.004 0.004 0.012 0.002 0.001 0.179 0.003]
 [0.118 0.143 0.462 0.001 0.013 0.    0.001 0.    0.161 0.101]
 [0.04  0.002 0.828 0.007 0.003 0.028 0.069 0.004 0.017 0.002]
 [0.004 0.005 0.816 0.049 0.002 0.063 0.025 0.031 0.005 0.   ]
 [0.023 0.    0.846 0.013 0.011 0.028 0.047 0.014 0.017 0.001]
 [0.006 0.003 0.809 0.024 0.    0.108 0.015 0.031 0.004 0.   ]
 [0.002 0.    0.857 0.027 0.005 0.027 0.075 0.004 0.003 0.   ]
 [0.054 0.    0.812 0.013 0.011 0.043 0.009 0.045 0.009 0.004]
 [0.106 0.049 0.348 0.001 0.002 0.004 0.001 0.    0.483 0.006]
 [0.162 0.147 0.495 0.003 0.004 0.005 0.001 0.001 0.111 0.071]]
[2025-06-04 23:56:06,897 INFO] 3700 iteration, USE_EMA: True, {'train/sup_loss': tensor(0.0023, device='cuda:0'), 'train/unsup_loss': tensor(0.1850, device='cuda:0'), 'train/total_loss': tensor(0.1874, device='cuda:0'), 'train/mask_ratio': tensor(0.5052, device='cuda:0'), 'lr': 0.029034876607193928, 'train/prefecth_time': 0.18763162231445313, 'train/run_time': 0.24703794860839845, 'eval/loss': tensor(4.1454, device='cuda:0'), 'eval/top-1-acc': 0.2098, 'eval/top-5-acc': 0.7851, 'eval/precision': 0.32728703767350115, 'eval/recall': 0.20980000000000004, 'eval/F1': 0.1815462218133075, 'eval/AUC': 0.6952899666666668}, BEST_EVAL_ACC: 0.2511, at 1500 iters
[2025-06-04 23:56:55,415 INFO] confusion matrix:
[[0.28  0.016 0.508 0.004 0.005 0.012 0.002 0.001 0.17  0.002]
 [0.114 0.141 0.483 0.001 0.012 0.    0.001 0.    0.149 0.099]
 [0.038 0.002 0.839 0.005 0.003 0.027 0.065 0.003 0.016 0.002]
 [0.004 0.004 0.824 0.048 0.002 0.058 0.025 0.03  0.005 0.   ]
 [0.022 0.    0.852 0.012 0.01  0.026 0.047 0.014 0.016 0.001]
 [0.006 0.002 0.82  0.023 0.    0.1   0.015 0.03  0.004 0.   ]
 [0.002 0.    0.864 0.026 0.004 0.024 0.075 0.003 0.002 0.   ]
 [0.052 0.    0.815 0.013 0.011 0.042 0.009 0.046 0.008 0.004]
 [0.106 0.05  0.363 0.001 0.002 0.004 0.001 0.    0.467 0.006]
 [0.159 0.138 0.512 0.003 0.005 0.005 0.001 0.001 0.104 0.072]]
[2025-06-04 23:56:55,421 INFO] 3800 iteration, USE_EMA: True, {'train/sup_loss': tensor(0.0056, device='cuda:0'), 'train/unsup_loss': tensor(0.0855, device='cuda:0'), 'train/total_loss': tensor(0.0911, device='cuda:0'), 'train/mask_ratio': tensor(0.6406, device='cuda:0'), 'lr': 0.028982318117346775, 'train/prefecth_time': 0.2015979461669922, 'train/run_time': 0.2476031951904297, 'eval/loss': tensor(4.1868, device='cuda:0'), 'eval/top-1-acc': 0.2078, 'eval/top-5-acc': 0.7852, 'eval/precision': 0.3306632558222945, 'eval/recall': 0.20780000000000004, 'eval/F1': 0.1798055195870281, 'eval/AUC': 0.6952410833333333}, BEST_EVAL_ACC: 0.2511, at 1500 iters
[2025-06-04 23:57:43,201 INFO] confusion matrix:
[[0.275 0.015 0.516 0.004 0.004 0.012 0.002 0.001 0.169 0.002]
 [0.11  0.14  0.499 0.002 0.011 0.    0.001 0.001 0.142 0.094]
 [0.038 0.002 0.828 0.008 0.003 0.028 0.072 0.004 0.016 0.001]
 [0.004 0.004 0.819 0.046 0.002 0.061 0.025 0.034 0.005 0.   ]
 [0.022 0.    0.847 0.012 0.011 0.026 0.05  0.017 0.015 0.   ]
 [0.006 0.002 0.809 0.022 0.    0.107 0.019 0.031 0.004 0.   ]
 [0.003 0.    0.856 0.027 0.006 0.026 0.077 0.003 0.002 0.   ]
 [0.05  0.    0.812 0.015 0.012 0.042 0.009 0.049 0.007 0.004]
 [0.104 0.051 0.374 0.001 0.002 0.004 0.002 0.    0.458 0.004]
 [0.155 0.127 0.517 0.003 0.005 0.004 0.001 0.001 0.104 0.083]]
[2025-06-04 23:57:43,209 INFO] 3900 iteration, USE_EMA: True, {'train/sup_loss': tensor(0.0017, device='cuda:0'), 'train/unsup_loss': tensor(0.1604, device='cuda:0'), 'train/total_loss': tensor(0.1622, device='cuda:0'), 'train/mask_ratio': tensor(0.7240, device='cuda:0'), 'lr': 0.028928390867583073, 'train/prefecth_time': 0.2000537567138672, 'train/run_time': 0.24715673828125, 'eval/loss': tensor(4.1784, device='cuda:0'), 'eval/top-1-acc': 0.2074, 'eval/top-5-acc': 0.7872, 'eval/precision': 0.334386248669162, 'eval/recall': 0.20740000000000003, 'eval/F1': 0.18198112508800085, 'eval/AUC': 0.6957471722222222}, BEST_EVAL_ACC: 0.2511, at 1500 iters
[2025-06-04 23:58:31,339 INFO] confusion matrix:
[[0.277 0.014 0.52  0.004 0.004 0.012 0.004 0.001 0.162 0.002]
 [0.113 0.133 0.502 0.001 0.011 0.    0.001 0.001 0.139 0.099]
 [0.038 0.002 0.826 0.009 0.003 0.026 0.076 0.004 0.015 0.001]
 [0.004 0.003 0.821 0.047 0.002 0.056 0.028 0.034 0.005 0.   ]
 [0.024 0.    0.847 0.013 0.011 0.025 0.051 0.017 0.012 0.   ]
 [0.006 0.002 0.814 0.023 0.    0.1   0.021 0.03  0.004 0.   ]
 [0.003 0.    0.852 0.024 0.007 0.025 0.083 0.004 0.002 0.   ]
 [0.051 0.    0.811 0.014 0.012 0.039 0.011 0.051 0.007 0.004]
 [0.106 0.048 0.385 0.002 0.002 0.004 0.002 0.    0.446 0.005]
 [0.154 0.117 0.519 0.003 0.005 0.005 0.001 0.001 0.104 0.091]]
[2025-06-04 23:58:31,346 INFO] 4000 iteration, USE_EMA: True, {'train/sup_loss': tensor(0.0036, device='cuda:0'), 'train/unsup_loss': tensor(0.2406, device='cuda:0'), 'train/total_loss': tensor(0.2442, device='cuda:0'), 'train/mask_ratio': tensor(0.5573, device='cuda:0'), 'lr': 0.028873097404747344, 'train/prefecth_time': 0.187076416015625, 'train/run_time': 0.24633036804199218, 'eval/loss': tensor(4.1837, device='cuda:0'), 'eval/top-1-acc': 0.2065, 'eval/top-5-acc': 0.787, 'eval/precision': 0.33682787876787085, 'eval/recall': 0.2065, 'eval/F1': 0.18218745006631273, 'eval/AUC': 0.695779738888889}, BEST_EVAL_ACC: 0.2511, at 1500 iters
[2025-06-04 23:59:19,479 INFO] confusion matrix:
[[0.274 0.015 0.529 0.004 0.003 0.011 0.002 0.001 0.159 0.002]
 [0.112 0.134 0.517 0.001 0.01  0.    0.001 0.001 0.131 0.093]
 [0.038 0.002 0.829 0.009 0.004 0.024 0.075 0.004 0.015 0.   ]
 [0.004 0.003 0.837 0.043 0.002 0.05  0.027 0.029 0.005 0.   ]
 [0.024 0.    0.857 0.013 0.009 0.024 0.047 0.014 0.012 0.   ]
 [0.006 0.002 0.83  0.022 0.    0.091 0.019 0.026 0.004 0.   ]
 [0.003 0.    0.858 0.024 0.006 0.023 0.081 0.003 0.002 0.   ]
 [0.049 0.    0.824 0.012 0.012 0.034 0.01  0.049 0.006 0.004]
 [0.108 0.046 0.392 0.002 0.002 0.004 0.002 0.    0.439 0.005]
 [0.154 0.122 0.532 0.003 0.003 0.004 0.001 0.001 0.097 0.083]]
[2025-06-04 23:59:19,487 INFO] 4100 iteration, USE_EMA: True, {'train/sup_loss': tensor(0.0039, device='cuda:0'), 'train/unsup_loss': tensor(0.2499, device='cuda:0'), 'train/total_loss': tensor(0.2538, device='cuda:0'), 'train/mask_ratio': tensor(0.4635, device='cuda:0'), 'lr': 0.028816440340206802, 'train/prefecth_time': 0.19084226989746095, 'train/run_time': 0.24684515380859376, 'eval/loss': tensor(4.2378, device='cuda:0'), 'eval/top-1-acc': 0.2032, 'eval/top-5-acc': 0.7888, 'eval/precision': 0.336694249789245, 'eval/recall': 0.2032, 'eval/F1': 0.17800070363831594, 'eval/AUC': 0.6951052055555555}, BEST_EVAL_ACC: 0.2511, at 1500 iters
[2025-06-05 00:00:08,525 INFO] confusion matrix:
[[0.275 0.014 0.529 0.004 0.002 0.009 0.002 0.001 0.162 0.002]
 [0.107 0.14  0.525 0.001 0.008 0.    0.001 0.    0.133 0.085]
 [0.038 0.002 0.838 0.007 0.003 0.025 0.07  0.002 0.015 0.   ]
 [0.005 0.002 0.851 0.04  0.002 0.048 0.024 0.024 0.004 0.   ]
 [0.025 0.    0.863 0.011 0.009 0.021 0.046 0.014 0.011 0.   ]
 [0.006 0.002 0.842 0.021 0.    0.087 0.016 0.022 0.004 0.   ]
 [0.003 0.    0.87  0.023 0.003 0.022 0.075 0.002 0.002 0.   ]
 [0.052 0.    0.832 0.011 0.01  0.031 0.01  0.045 0.006 0.003]
 [0.107 0.047 0.388 0.002 0.002 0.003 0.002 0.    0.445 0.004]
 [0.153 0.12  0.531 0.004 0.003 0.004 0.001 0.001 0.102 0.081]]
[2025-06-05 00:00:08,531 INFO] 4200 iteration, USE_EMA: True, {'train/sup_loss': tensor(0.0095, device='cuda:0'), 'train/unsup_loss': tensor(0.2008, device='cuda:0'), 'train/total_loss': tensor(0.2103, device='cuda:0'), 'train/mask_ratio': tensor(0.4688, device='cuda:0'), 'lr': 0.02875842234972806, 'train/prefecth_time': 0.22254188537597655, 'train/run_time': 0.24845106506347656, 'eval/loss': tensor(4.2885, device='cuda:0'), 'eval/top-1-acc': 0.2035, 'eval/top-5-acc': 0.7898, 'eval/precision': 0.3463526254165881, 'eval/recall': 0.20350000000000001, 'eval/F1': 0.1768486915250556, 'eval/AUC': 0.6956805277777778}, BEST_EVAL_ACC: 0.2511, at 1500 iters
[2025-06-05 00:00:57,317 INFO] confusion matrix:
[[0.272 0.011 0.541 0.003 0.002 0.007 0.001 0.001 0.161 0.001]
 [0.102 0.136 0.534 0.001 0.007 0.    0.001 0.001 0.131 0.087]
 [0.038 0.002 0.852 0.006 0.003 0.02  0.062 0.002 0.015 0.   ]
 [0.004 0.002 0.862 0.038 0.002 0.046 0.021 0.021 0.004 0.   ]
 [0.025 0.    0.873 0.01  0.009 0.02  0.039 0.013 0.011 0.   ]
 [0.005 0.002 0.85  0.02  0.    0.086 0.014 0.019 0.004 0.   ]
 [0.002 0.    0.882 0.023 0.003 0.019 0.067 0.002 0.002 0.   ]
 [0.049 0.    0.847 0.011 0.009 0.028 0.009 0.04  0.006 0.001]
 [0.101 0.046 0.396 0.001 0.002 0.003 0.001 0.    0.446 0.004]
 [0.145 0.121 0.547 0.003 0.003 0.003 0.001 0.001 0.099 0.077]]
[2025-06-05 00:00:57,325 INFO] 4300 iteration, USE_EMA: True, {'train/sup_loss': tensor(0.0023, device='cuda:0'), 'train/unsup_loss': tensor(0.0669, device='cuda:0'), 'train/total_loss': tensor(0.0692, device='cuda:0'), 'train/mask_ratio': tensor(0.3750, device='cuda:0'), 'lr': 0.028699046173350725, 'train/prefecth_time': 0.20166348266601564, 'train/run_time': 0.24585830688476562, 'eval/loss': tensor(4.3647, device='cuda:0'), 'eval/top-1-acc': 0.2023, 'eval/top-5-acc': 0.7893, 'eval/precision': 0.3503477317956334, 'eval/recall': 0.2023, 'eval/F1': 0.1740664924048247, 'eval/AUC': 0.6945634499999999}, BEST_EVAL_ACC: 0.2511, at 1500 iters
[2025-06-05 00:01:45,588 INFO] confusion matrix:
[[0.267 0.011 0.55  0.003 0.002 0.005 0.    0.001 0.16  0.001]
 [0.099 0.131 0.558 0.001 0.007 0.    0.001 0.    0.122 0.081]
 [0.036 0.002 0.861 0.004 0.003 0.019 0.059 0.002 0.014 0.   ]
 [0.003 0.002 0.875 0.038 0.002 0.041 0.019 0.016 0.004 0.   ]
 [0.022 0.    0.884 0.009 0.008 0.02  0.039 0.01  0.008 0.   ]
 [0.005 0.002 0.863 0.017 0.    0.081 0.013 0.015 0.004 0.   ]
 [0.001 0.    0.888 0.022 0.003 0.019 0.063 0.002 0.002 0.   ]
 [0.047 0.    0.862 0.008 0.009 0.024 0.007 0.036 0.006 0.001]
 [0.1   0.047 0.41  0.    0.002 0.003 0.001 0.    0.433 0.004]
 [0.139 0.13  0.56  0.003 0.003 0.003 0.001 0.001 0.095 0.065]]
[2025-06-05 00:01:45,594 INFO] 4400 iteration, USE_EMA: True, {'train/sup_loss': tensor(0.0019, device='cuda:0'), 'train/unsup_loss': tensor(0.2524, device='cuda:0'), 'train/total_loss': tensor(0.2542, device='cuda:0'), 'train/mask_ratio': tensor(0.4583, device='cuda:0'), 'lr': 0.028638314615258023, 'train/prefecth_time': 0.19358309936523438, 'train/run_time': 0.246434814453125, 'eval/loss': tensor(4.4440, device='cuda:0'), 'eval/top-1-acc': 0.1983, 'eval/top-5-acc': 0.7878, 'eval/precision': 0.35182954731930044, 'eval/recall': 0.1983, 'eval/F1': 0.1685769982982513, 'eval/AUC': 0.6937104666666667}, BEST_EVAL_ACC: 0.2511, at 1500 iters
[2025-06-05 00:02:33,457 INFO] confusion matrix:
[[0.258 0.012 0.539 0.002 0.002 0.006 0.    0.001 0.179 0.001]
 [0.092 0.137 0.546 0.001 0.007 0.    0.001 0.    0.141 0.075]
 [0.036 0.002 0.87  0.003 0.004 0.02  0.048 0.002 0.015 0.   ]
 [0.004 0.002 0.882 0.036 0.002 0.042 0.018 0.01  0.004 0.   ]
 [0.022 0.    0.887 0.008 0.008 0.018 0.034 0.01  0.013 0.   ]
 [0.004 0.003 0.868 0.017 0.    0.081 0.012 0.012 0.003 0.   ]
 [0.001 0.    0.89  0.022 0.003 0.019 0.061 0.002 0.002 0.   ]
 [0.045 0.    0.873 0.008 0.008 0.023 0.004 0.033 0.006 0.   ]
 [0.091 0.043 0.394 0.    0.002 0.003 0.001 0.    0.462 0.004]
 [0.134 0.14  0.552 0.003 0.003 0.003 0.001 0.001 0.105 0.058]]
[2025-06-05 00:02:33,463 INFO] 4500 iteration, USE_EMA: True, {'train/sup_loss': tensor(0.0068, device='cuda:0'), 'train/unsup_loss': tensor(0.2162, device='cuda:0'), 'train/total_loss': tensor(0.2231, device='cuda:0'), 'train/mask_ratio': tensor(0.4479, device='cuda:0'), 'lr': 0.028576230543644353, 'train/prefecth_time': 0.1828659210205078, 'train/run_time': 0.24656361389160156, 'eval/loss': tensor(4.4879, device='cuda:0'), 'eval/top-1-acc': 0.2004, 'eval/top-5-acc': 0.7874, 'eval/precision': 0.3561451464780728, 'eval/recall': 0.2004, 'eval/F1': 0.16800035007217082, 'eval/AUC': 0.6940566777777778}, BEST_EVAL_ACC: 0.2511, at 1500 iters
[2025-06-05 00:03:21,565 INFO] confusion matrix:
[[0.26  0.011 0.527 0.001 0.002 0.005 0.    0.001 0.193 0.   ]
 [0.091 0.135 0.533 0.001 0.007 0.    0.001 0.    0.157 0.075]
 [0.036 0.002 0.875 0.002 0.004 0.021 0.041 0.003 0.016 0.   ]
 [0.004 0.002 0.883 0.028 0.002 0.042 0.018 0.016 0.005 0.   ]
 [0.023 0.    0.891 0.007 0.008 0.018 0.03  0.011 0.012 0.   ]
 [0.004 0.003 0.867 0.014 0.    0.085 0.01  0.014 0.003 0.   ]
 [0.002 0.    0.894 0.018 0.003 0.019 0.06  0.002 0.002 0.   ]
 [0.047 0.    0.867 0.008 0.008 0.024 0.003 0.035 0.008 0.   ]
 [0.09  0.042 0.368 0.    0.002 0.003 0.    0.    0.491 0.004]
 [0.13  0.138 0.538 0.004 0.004 0.003 0.001 0.001 0.124 0.057]]
[2025-06-05 00:03:21,574 INFO] 4600 iteration, USE_EMA: True, {'train/sup_loss': tensor(0.0127, device='cuda:0'), 'train/unsup_loss': tensor(0.2620, device='cuda:0'), 'train/total_loss': tensor(0.2746, device='cuda:0'), 'train/mask_ratio': tensor(0.5781, device='cuda:0'), 'lr': 0.028512796890579825, 'train/prefecth_time': 0.19219459533691408, 'train/run_time': 0.24668978881835937, 'eval/loss': tensor(4.5107, device='cuda:0'), 'eval/top-1-acc': 0.2034, 'eval/top-5-acc': 0.7871, 'eval/precision': 0.35206976119458583, 'eval/recall': 0.20339999999999997, 'eval/F1': 0.16859229982928176, 'eval/AUC': 0.6952889388888889}, BEST_EVAL_ACC: 0.2511, at 1500 iters
[2025-06-05 00:04:10,102 INFO] confusion matrix:
[[0.276 0.011 0.508 0.001 0.002 0.006 0.    0.001 0.195 0.   ]
 [0.095 0.139 0.507 0.001 0.007 0.    0.001 0.    0.171 0.079]
 [0.039 0.002 0.874 0.002 0.004 0.024 0.037 0.002 0.016 0.   ]
 [0.005 0.003 0.878 0.03  0.002 0.046 0.017 0.014 0.005 0.   ]
 [0.024 0.    0.887 0.008 0.008 0.021 0.027 0.011 0.014 0.   ]
 [0.007 0.003 0.859 0.014 0.    0.09  0.009 0.015 0.003 0.   ]
 [0.003 0.    0.896 0.016 0.004 0.021 0.056 0.002 0.002 0.   ]
 [0.06  0.001 0.849 0.008 0.007 0.029 0.003 0.036 0.007 0.   ]
 [0.097 0.043 0.346 0.    0.002 0.003 0.    0.    0.504 0.005]
 [0.144 0.135 0.514 0.004 0.004 0.003 0.    0.001 0.132 0.063]]
[2025-06-05 00:04:10,109 INFO] 4700 iteration, USE_EMA: True, {'train/sup_loss': tensor(0.0092, device='cuda:0'), 'train/unsup_loss': tensor(0.1493, device='cuda:0'), 'train/total_loss': tensor(0.1585, device='cuda:0'), 'train/mask_ratio': tensor(0.6562, device='cuda:0'), 'lr': 0.028448016651871785, 'train/prefecth_time': 0.21408563232421876, 'train/run_time': 0.24702362060546876, 'eval/loss': tensor(4.4815, device='cuda:0'), 'eval/top-1-acc': 0.2076, 'eval/top-5-acc': 0.7872, 'eval/precision': 0.3552150166123407, 'eval/recall': 0.2076, 'eval/F1': 0.17199606715266078, 'eval/AUC': 0.6965105333333332}, BEST_EVAL_ACC: 0.2511, at 1500 iters
[2025-06-05 00:04:58,801 INFO] confusion matrix:
[[0.27  0.011 0.515 0.001 0.002 0.008 0.    0.001 0.192 0.   ]
 [0.101 0.146 0.501 0.001 0.007 0.    0.001 0.    0.159 0.084]
 [0.039 0.002 0.874 0.002 0.004 0.024 0.038 0.001 0.015 0.001]
 [0.005 0.003 0.875 0.03  0.002 0.051 0.016 0.013 0.005 0.   ]
 [0.025 0.    0.883 0.008 0.011 0.022 0.027 0.01  0.014 0.   ]
 [0.007 0.003 0.85  0.013 0.    0.1   0.008 0.016 0.003 0.   ]
 [0.003 0.    0.892 0.015 0.005 0.024 0.057 0.002 0.002 0.   ]
 [0.06  0.001 0.848 0.008 0.007 0.03  0.003 0.036 0.007 0.   ]
 [0.095 0.046 0.353 0.    0.002 0.003 0.    0.    0.495 0.006]
 [0.144 0.142 0.518 0.004 0.004 0.003 0.    0.001 0.121 0.063]]
[2025-06-05 00:04:58,807 INFO] 4800 iteration, USE_EMA: True, {'train/sup_loss': tensor(0.0052, device='cuda:0'), 'train/unsup_loss': tensor(0.1532, device='cuda:0'), 'train/total_loss': tensor(0.1584, device='cuda:0'), 'train/mask_ratio': tensor(0.6146, device='cuda:0'), 'lr': 0.028381892886923343, 'train/prefecth_time': 0.19462042236328125, 'train/run_time': 0.24678604125976564, 'eval/loss': tensor(4.4761, device='cuda:0'), 'eval/top-1-acc': 0.2082, 'eval/top-5-acc': 0.7887, 'eval/precision': 0.3616803407648841, 'eval/recall': 0.20820000000000002, 'eval/F1': 0.17413823732052952, 'eval/AUC': 0.6972552000000001}, BEST_EVAL_ACC: 0.2511, at 1500 iters
[2025-06-05 00:05:47,874 INFO] confusion matrix:
[[0.259 0.01  0.505 0.001 0.002 0.01  0.    0.001 0.212 0.   ]
 [0.098 0.143 0.494 0.001 0.007 0.    0.001 0.    0.173 0.083]
 [0.036 0.002 0.874 0.002 0.003 0.029 0.034 0.001 0.018 0.001]
 [0.005 0.004 0.871 0.027 0.002 0.057 0.016 0.013 0.005 0.   ]
 [0.025 0.    0.887 0.008 0.011 0.022 0.026 0.009 0.012 0.   ]
 [0.006 0.003 0.845 0.012 0.    0.109 0.008 0.014 0.003 0.   ]
 [0.003 0.    0.893 0.015 0.003 0.026 0.056 0.002 0.002 0.   ]
 [0.061 0.001 0.839 0.008 0.007 0.037 0.004 0.035 0.008 0.   ]
 [0.088 0.046 0.338 0.    0.002 0.003 0.    0.    0.517 0.006]
 [0.136 0.148 0.503 0.003 0.004 0.004 0.    0.001 0.139 0.062]]
[2025-06-05 00:05:47,880 INFO] 4900 iteration, USE_EMA: True, {'train/sup_loss': tensor(0.0009, device='cuda:0'), 'train/unsup_loss': tensor(0.1208, device='cuda:0'), 'train/total_loss': tensor(0.1217, device='cuda:0'), 'train/mask_ratio': tensor(0.6458, device='cuda:0'), 'lr': 0.02831442871858888, 'train/prefecth_time': 0.1997822723388672, 'train/run_time': 0.24778355407714844, 'eval/loss': tensor(4.4815, device='cuda:0'), 'eval/top-1-acc': 0.2093, 'eval/top-5-acc': 0.7903, 'eval/precision': 0.36010976030515357, 'eval/recall': 0.20929999999999999, 'eval/F1': 0.17344557571918276, 'eval/AUC': 0.698281688888889}, BEST_EVAL_ACC: 0.2511, at 1500 iters
[2025-06-05 00:06:37,192 INFO] confusion matrix:
[[0.242 0.01  0.51  0.001 0.002 0.008 0.    0.001 0.226 0.   ]
 [0.092 0.149 0.484 0.001 0.007 0.    0.    0.    0.191 0.076]
 [0.033 0.002 0.879 0.001 0.003 0.029 0.033 0.    0.019 0.001]
 [0.005 0.005 0.872 0.027 0.001 0.057 0.016 0.012 0.005 0.   ]
 [0.024 0.    0.891 0.005 0.008 0.026 0.024 0.009 0.013 0.   ]
 [0.005 0.003 0.845 0.012 0.    0.111 0.007 0.013 0.004 0.   ]
 [0.003 0.    0.895 0.013 0.003 0.026 0.056 0.002 0.002 0.   ]
 [0.057 0.001 0.85  0.007 0.005 0.036 0.004 0.032 0.008 0.   ]
 [0.081 0.045 0.332 0.    0.002 0.003 0.    0.    0.533 0.004]
 [0.125 0.158 0.497 0.003 0.004 0.004 0.    0.001 0.154 0.054]]
[2025-06-05 00:06:37,198 INFO] 5000 iteration, USE_EMA: True, {'train/sup_loss': tensor(0.0016, device='cuda:0'), 'train/unsup_loss': tensor(0.1450, device='cuda:0'), 'train/total_loss': tensor(0.1466, device='cuda:0'), 'train/mask_ratio': tensor(0.5156, device='cuda:0'), 'lr': 0.028245627333026553, 'train/prefecth_time': 0.2478775634765625, 'train/run_time': 0.2481912384033203, 'eval/loss': tensor(4.5359, device='cuda:0'), 'eval/top-1-acc': 0.2091, 'eval/top-5-acc': 0.7885, 'eval/precision': 0.3589775318173038, 'eval/recall': 0.2091, 'eval/F1': 0.17102063516014115, 'eval/AUC': 0.6977430444444443}, BEST_EVAL_ACC: 0.2511, at 1500 iters
[2025-06-05 00:07:26,563 INFO] confusion matrix:
[[0.223 0.01  0.52  0.001 0.001 0.008 0.    0.    0.236 0.001]
 [0.08  0.151 0.488 0.001 0.007 0.    0.    0.    0.186 0.087]
 [0.031 0.002 0.884 0.001 0.003 0.028 0.03  0.    0.02  0.001]
 [0.004 0.005 0.883 0.024 0.001 0.052 0.016 0.01  0.005 0.   ]
 [0.022 0.    0.902 0.005 0.006 0.022 0.024 0.007 0.012 0.   ]
 [0.004 0.003 0.855 0.01  0.    0.105 0.007 0.012 0.004 0.   ]
 [0.002 0.    0.905 0.012 0.002 0.022 0.054 0.001 0.002 0.   ]
 [0.055 0.001 0.861 0.007 0.005 0.033 0.004 0.026 0.008 0.   ]
 [0.068 0.047 0.338 0.    0.002 0.003 0.    0.    0.538 0.004]
 [0.114 0.164 0.502 0.003 0.004 0.003 0.    0.001 0.155 0.054]]
[2025-06-05 00:07:26,570 INFO] 5100 iteration, USE_EMA: True, {'train/sup_loss': tensor(0.0020, device='cuda:0'), 'train/unsup_loss': tensor(0.1019, device='cuda:0'), 'train/total_loss': tensor(0.1039, device='cuda:0'), 'train/mask_ratio': tensor(0.3958, device='cuda:0'), 'lr': 0.028175491979547836, 'train/prefecth_time': 0.23062527465820312, 'train/run_time': 0.24805580139160155, 'eval/loss': tensor(4.6018, device='cuda:0'), 'eval/top-1-acc': 0.2065, 'eval/top-5-acc': 0.7871, 'eval/precision': 0.35217946448804616, 'eval/recall': 0.2065, 'eval/F1': 0.16704522925582171, 'eval/AUC': 0.6965949277777778}, BEST_EVAL_ACC: 0.2511, at 1500 iters
[2025-06-05 00:08:15,432 INFO] confusion matrix:
[[0.202 0.01  0.523 0.001 0.001 0.007 0.    0.    0.255 0.001]
 [0.067 0.151 0.483 0.001 0.007 0.    0.    0.    0.205 0.086]
 [0.026 0.002 0.89  0.001 0.003 0.024 0.029 0.    0.024 0.001]
 [0.004 0.006 0.887 0.023 0.001 0.047 0.016 0.011 0.005 0.   ]
 [0.019 0.    0.91  0.004 0.004 0.02  0.023 0.007 0.013 0.   ]
 [0.003 0.003 0.862 0.01  0.    0.097 0.007 0.012 0.006 0.   ]
 [0.002 0.    0.913 0.009 0.002 0.018 0.053 0.001 0.002 0.   ]
 [0.052 0.001 0.868 0.006 0.005 0.031 0.004 0.025 0.008 0.   ]
 [0.056 0.047 0.331 0.    0.002 0.003 0.    0.    0.557 0.004]
 [0.097 0.163 0.509 0.003 0.004 0.002 0.    0.001 0.165 0.056]]
[2025-06-05 00:08:15,442 INFO] 5200 iteration, USE_EMA: True, {'train/sup_loss': tensor(0.0007, device='cuda:0'), 'train/unsup_loss': tensor(0.1154, device='cuda:0'), 'train/total_loss': tensor(0.1161, device='cuda:0'), 'train/mask_ratio': tensor(0.4323, device='cuda:0'), 'lr': 0.028104025970464058, 'train/prefecth_time': 0.20259519958496094, 'train/run_time': 0.24656690979003906, 'eval/loss': tensor(4.6605, device='cuda:0'), 'eval/top-1-acc': 0.2058, 'eval/top-5-acc': 0.788, 'eval/precision': 0.3492580719508939, 'eval/recall': 0.20580000000000004, 'eval/F1': 0.16428768773779973, 'eval/AUC': 0.6963827388888889}, BEST_EVAL_ACC: 0.2511, at 1500 iters
[2025-06-05 00:09:03,993 INFO] confusion matrix:
[[0.209 0.01  0.498 0.001 0.001 0.007 0.    0.    0.273 0.001]
 [0.064 0.148 0.476 0.001 0.007 0.    0.    0.    0.221 0.083]
 [0.026 0.002 0.887 0.001 0.002 0.025 0.029 0.    0.027 0.001]
 [0.004 0.005 0.89  0.021 0.001 0.049 0.014 0.011 0.005 0.   ]
 [0.019 0.    0.91  0.005 0.004 0.019 0.021 0.007 0.015 0.   ]
 [0.002 0.003 0.863 0.009 0.    0.1   0.006 0.01  0.007 0.   ]
 [0.002 0.    0.919 0.006 0.002 0.019 0.049 0.001 0.002 0.   ]
 [0.049 0.001 0.87  0.006 0.005 0.035 0.003 0.022 0.009 0.   ]
 [0.056 0.042 0.309 0.    0.002 0.003 0.    0.    0.584 0.004]
 [0.093 0.164 0.496 0.003 0.004 0.002 0.    0.001 0.183 0.054]]
[2025-06-05 00:09:04,000 INFO] 5300 iteration, USE_EMA: True, {'train/sup_loss': tensor(0.0036, device='cuda:0'), 'train/unsup_loss': tensor(0.1366, device='cuda:0'), 'train/total_loss': tensor(0.1402, device='cuda:0'), 'train/mask_ratio': tensor(0.5729, device='cuda:0'), 'lr': 0.028031232680929965, 'train/prefecth_time': 0.22844406127929687, 'train/run_time': 0.24759465026855468, 'eval/loss': tensor(4.6888, device='cuda:0'), 'eval/top-1-acc': 0.2078, 'eval/top-5-acc': 0.7863, 'eval/precision': 0.348608019580867, 'eval/recall': 0.20779999999999998, 'eval/F1': 0.16404089750018186, 'eval/AUC': 0.6971922999999999}, BEST_EVAL_ACC: 0.2511, at 1500 iters
[2025-06-05 00:09:53,856 INFO] confusion matrix:
[[0.242 0.01  0.47  0.001 0.001 0.009 0.    0.    0.267 0.   ]
 [0.073 0.152 0.462 0.001 0.007 0.    0.    0.    0.223 0.082]
 [0.033 0.002 0.879 0.001 0.002 0.029 0.03  0.    0.023 0.001]
 [0.004 0.004 0.882 0.02  0.001 0.058 0.015 0.01  0.006 0.   ]
 [0.02  0.    0.899 0.005 0.005 0.024 0.026 0.007 0.014 0.   ]
 [0.003 0.004 0.854 0.008 0.    0.108 0.006 0.01  0.007 0.   ]
 [0.003 0.    0.903 0.01  0.004 0.023 0.054 0.001 0.002 0.   ]
 [0.05  0.001 0.87  0.006 0.005 0.037 0.004 0.018 0.009 0.   ]
 [0.069 0.039 0.299 0.    0.001 0.003 0.    0.    0.585 0.004]
 [0.111 0.164 0.478 0.002 0.005 0.002 0.001 0.001 0.181 0.055]]
[2025-06-05 00:09:53,863 INFO] 5400 iteration, USE_EMA: True, {'train/sup_loss': tensor(0.0012, device='cuda:0'), 'train/unsup_loss': tensor(0.2750, device='cuda:0'), 'train/total_loss': tensor(0.2762, device='cuda:0'), 'train/mask_ratio': tensor(0.7292, device='cuda:0'), 'lr': 0.02795711554878433, 'train/prefecth_time': 0.227631103515625, 'train/run_time': 0.246957275390625, 'eval/loss': tensor(4.6320, device='cuda:0'), 'eval/top-1-acc': 0.2118, 'eval/top-5-acc': 0.7861, 'eval/precision': 0.3439739069742303, 'eval/recall': 0.21180000000000004, 'eval/F1': 0.16872284698542228, 'eval/AUC': 0.7006731055555555}, BEST_EVAL_ACC: 0.2511, at 1500 iters
[2025-06-05 00:10:41,933 INFO] confusion matrix:
[[0.231 0.01  0.455 0.003 0.004 0.012 0.    0.001 0.283 0.001]
 [0.069 0.155 0.45  0.001 0.008 0.    0.    0.    0.231 0.086]
 [0.036 0.002 0.868 0.001 0.003 0.032 0.034 0.    0.023 0.001]
 [0.004 0.007 0.869 0.019 0.002 0.066 0.015 0.012 0.006 0.   ]
 [0.022 0.    0.888 0.005 0.009 0.029 0.026 0.007 0.014 0.   ]
 [0.004 0.005 0.832 0.009 0.001 0.12  0.008 0.014 0.007 0.   ]
 [0.003 0.    0.896 0.007 0.005 0.026 0.058 0.001 0.004 0.   ]
 [0.055 0.001 0.854 0.005 0.005 0.039 0.004 0.027 0.01  0.   ]
 [0.068 0.04  0.281 0.001 0.001 0.003 0.    0.    0.602 0.004]
 [0.111 0.17  0.466 0.002 0.005 0.002 0.001 0.001 0.186 0.056]]
[2025-06-05 00:10:41,939 INFO] 5500 iteration, USE_EMA: True, {'train/sup_loss': tensor(0.0005, device='cuda:0'), 'train/unsup_loss': tensor(0.2102, device='cuda:0'), 'train/total_loss': tensor(0.2108, device='cuda:0'), 'train/mask_ratio': tensor(0.5260, device='cuda:0'), 'lr': 0.02788167807438759, 'train/prefecth_time': 0.1907935333251953, 'train/run_time': 0.24593820190429688, 'eval/loss': tensor(4.5449, device='cuda:0'), 'eval/top-1-acc': 0.2145, 'eval/top-5-acc': 0.7867, 'eval/precision': 0.34845169299037376, 'eval/recall': 0.2145, 'eval/F1': 0.17245145993310515, 'eval/AUC': 0.7036175166666666}, BEST_EVAL_ACC: 0.2511, at 1500 iters
[2025-06-05 00:11:30,465 INFO] confusion matrix:
[[0.212 0.01  0.452 0.003 0.004 0.012 0.    0.001 0.305 0.001]
 [0.059 0.157 0.431 0.001 0.008 0.    0.    0.    0.254 0.09 ]
 [0.029 0.002 0.875 0.001 0.003 0.032 0.032 0.    0.025 0.001]
 [0.005 0.007 0.868 0.02  0.002 0.064 0.015 0.012 0.007 0.   ]
 [0.019 0.    0.89  0.005 0.007 0.027 0.028 0.007 0.017 0.   ]
 [0.004 0.005 0.83  0.009 0.001 0.121 0.008 0.015 0.007 0.   ]
 [0.003 0.    0.893 0.008 0.005 0.027 0.06  0.001 0.003 0.   ]
 [0.051 0.001 0.857 0.005 0.005 0.039 0.004 0.027 0.011 0.   ]
 [0.054 0.041 0.27  0.001 0.001 0.003 0.    0.    0.624 0.006]
 [0.091 0.167 0.459 0.001 0.005 0.003 0.001 0.001 0.209 0.063]]
[2025-06-05 00:11:30,472 INFO] 5600 iteration, USE_EMA: True, {'train/sup_loss': tensor(0.0011, device='cuda:0'), 'train/unsup_loss': tensor(0.1907, device='cuda:0'), 'train/total_loss': tensor(0.1918, device='cuda:0'), 'train/mask_ratio': tensor(0.4688, device='cuda:0'), 'lr': 0.027804923820456517, 'train/prefecth_time': 0.17751962280273437, 'train/run_time': 0.24644613647460936, 'eval/loss': tensor(4.5460, device='cuda:0'), 'eval/top-1-acc': 0.2166, 'eval/top-5-acc': 0.7861, 'eval/precision': 0.348844812606007, 'eval/recall': 0.21660000000000004, 'eval/F1': 0.17315518548383424, 'eval/AUC': 0.7050667277777778}, BEST_EVAL_ACC: 0.2511, at 1500 iters
[2025-06-05 00:12:18,153 INFO] confusion matrix:
[[0.197 0.009 0.446 0.002 0.003 0.012 0.    0.001 0.329 0.001]
 [0.051 0.149 0.413 0.001 0.008 0.    0.    0.    0.29  0.088]
 [0.027 0.002 0.862 0.    0.003 0.038 0.04  0.    0.027 0.001]
 [0.005 0.005 0.862 0.017 0.002 0.075 0.014 0.012 0.008 0.   ]
 [0.019 0.    0.882 0.005 0.008 0.031 0.029 0.007 0.018 0.001]
 [0.004 0.005 0.819 0.007 0.001 0.132 0.009 0.016 0.007 0.   ]
 [0.003 0.    0.887 0.007 0.005 0.031 0.062 0.001 0.004 0.   ]
 [0.05  0.001 0.849 0.005 0.005 0.044 0.004 0.028 0.014 0.   ]
 [0.053 0.039 0.262 0.001 0.001 0.003 0.    0.    0.636 0.005]
 [0.078 0.165 0.45  0.001 0.006 0.004 0.001 0.001 0.227 0.067]]
[2025-06-05 00:12:18,159 INFO] 5700 iteration, USE_EMA: True, {'train/sup_loss': tensor(0.0071, device='cuda:0'), 'train/unsup_loss': tensor(0.1981, device='cuda:0'), 'train/total_loss': tensor(0.2051, device='cuda:0'), 'train/mask_ratio': tensor(0.4531, device='cuda:0'), 'lr': 0.027726856411895998, 'train/prefecth_time': 0.1818839111328125, 'train/run_time': 0.24598092651367187, 'eval/loss': tensor(4.5130, device='cuda:0'), 'eval/top-1-acc': 0.2158, 'eval/top-5-acc': 0.7869, 'eval/precision': 0.3479608892851522, 'eval/recall': 0.21580000000000005, 'eval/F1': 0.17168362364026246, 'eval/AUC': 0.7077306055555556}, BEST_EVAL_ACC: 0.2511, at 1500 iters
[2025-06-05 00:13:07,110 INFO] confusion matrix:
[[0.204 0.009 0.435 0.003 0.003 0.013 0.    0.001 0.33  0.002]
 [0.053 0.143 0.394 0.001 0.008 0.    0.    0.    0.316 0.085]
 [0.028 0.002 0.853 0.    0.003 0.042 0.045 0.    0.026 0.001]
 [0.006 0.005 0.838 0.019 0.002 0.092 0.014 0.014 0.009 0.001]
 [0.019 0.    0.88  0.005 0.008 0.034 0.029 0.007 0.017 0.001]
 [0.004 0.005 0.798 0.008 0.001 0.15  0.008 0.018 0.008 0.   ]
 [0.003 0.    0.885 0.01  0.004 0.032 0.062 0.001 0.003 0.   ]
 [0.049 0.001 0.843 0.005 0.005 0.051 0.004 0.028 0.014 0.   ]
 [0.052 0.038 0.259 0.001 0.001 0.003 0.    0.    0.641 0.005]
 [0.078 0.157 0.427 0.002 0.007 0.006 0.001 0.001 0.247 0.074]]
[2025-06-05 00:13:07,121 INFO] 5800 iteration, USE_EMA: True, {'train/sup_loss': tensor(0.0028, device='cuda:0'), 'train/unsup_loss': tensor(0.1704, device='cuda:0'), 'train/total_loss': tensor(0.1732, device='cuda:0'), 'train/mask_ratio': tensor(0.5365, device='cuda:0'), 'lr': 0.027647479535627795, 'train/prefecth_time': 0.21926463317871095, 'train/run_time': 0.2479152374267578, 'eval/loss': tensor(4.4903, device='cuda:0'), 'eval/top-1-acc': 0.2182, 'eval/top-5-acc': 0.7854, 'eval/precision': 0.34505858109638016, 'eval/recall': 0.21819999999999995, 'eval/F1': 0.1745932433952052, 'eval/AUC': 0.7086593777777778}, BEST_EVAL_ACC: 0.2511, at 1500 iters
[2025-06-05 00:13:56,001 INFO] confusion matrix:
[[0.187 0.008 0.44  0.    0.003 0.013 0.    0.001 0.346 0.002]
 [0.044 0.149 0.381 0.001 0.008 0.    0.001 0.    0.332 0.084]
 [0.024 0.002 0.855 0.    0.003 0.04  0.047 0.    0.028 0.001]
 [0.005 0.005 0.844 0.018 0.002 0.089 0.014 0.012 0.009 0.002]
 [0.017 0.    0.883 0.005 0.006 0.033 0.029 0.007 0.019 0.001]
 [0.004 0.007 0.802 0.008 0.    0.144 0.01  0.017 0.008 0.   ]
 [0.002 0.    0.882 0.01  0.004 0.032 0.064 0.001 0.005 0.   ]
 [0.046 0.001 0.85  0.005 0.006 0.048 0.004 0.025 0.015 0.   ]
 [0.044 0.036 0.259 0.001 0.001 0.003 0.    0.    0.651 0.005]
 [0.068 0.165 0.422 0.002 0.008 0.006 0.001 0.001 0.261 0.066]]
[2025-06-05 00:13:56,007 INFO] 5900 iteration, USE_EMA: True, {'train/sup_loss': tensor(0.0022, device='cuda:0'), 'train/unsup_loss': tensor(0.1860, device='cuda:0'), 'train/total_loss': tensor(0.1882, device='cuda:0'), 'train/mask_ratio': tensor(0.5469, device='cuda:0'), 'lr': 0.027566796940416454, 'train/prefecth_time': 0.20719001770019532, 'train/run_time': 0.24778761291503906, 'eval/loss': tensor(4.5508, device='cuda:0'), 'eval/top-1-acc': 0.2165, 'eval/top-5-acc': 0.7847, 'eval/precision': 0.3377898203058627, 'eval/recall': 0.2165, 'eval/F1': 0.17084121428891508, 'eval/AUC': 0.7075741111111111}, BEST_EVAL_ACC: 0.2511, at 1500 iters
[2025-06-05 00:14:44,584 INFO] confusion matrix:
[[0.18  0.007 0.44  0.    0.002 0.013 0.    0.001 0.355 0.002]
 [0.037 0.14  0.385 0.    0.008 0.    0.    0.    0.347 0.083]
 [0.022 0.002 0.861 0.    0.003 0.039 0.043 0.    0.029 0.001]
 [0.004 0.005 0.841 0.019 0.002 0.091 0.015 0.012 0.009 0.002]
 [0.014 0.    0.885 0.005 0.007 0.032 0.03  0.007 0.019 0.001]
 [0.004 0.005 0.809 0.007 0.    0.142 0.01  0.015 0.008 0.   ]
 [0.001 0.    0.884 0.01  0.005 0.032 0.062 0.001 0.005 0.   ]
 [0.041 0.001 0.862 0.005 0.005 0.044 0.004 0.023 0.015 0.   ]
 [0.039 0.034 0.255 0.001 0.001 0.003 0.    0.    0.662 0.005]
 [0.061 0.158 0.425 0.002 0.006 0.006 0.001 0.001 0.269 0.071]]
[2025-06-05 00:14:44,591 INFO] 6000 iteration, USE_EMA: True, {'train/sup_loss': tensor(0.0107, device='cuda:0'), 'train/unsup_loss': tensor(0.2144, device='cuda:0'), 'train/total_loss': tensor(0.2251, device='cuda:0'), 'train/mask_ratio': tensor(0.5052, device='cuda:0'), 'lr': 0.027484812436692246, 'train/prefecth_time': 0.19568556213378907, 'train/run_time': 0.24660972595214845, 'eval/loss': tensor(4.5820, device='cuda:0'), 'eval/top-1-acc': 0.2167, 'eval/top-5-acc': 0.7833, 'eval/precision': 0.3469111349458592, 'eval/recall': 0.21670000000000003, 'eval/F1': 0.16999924766342697, 'eval/AUC': 0.7076226555555555}, BEST_EVAL_ACC: 0.2511, at 1500 iters
[2025-06-05 00:15:33,284 INFO] confusion matrix:
[[0.175 0.007 0.43  0.003 0.002 0.013 0.    0.001 0.367 0.002]
 [0.031 0.144 0.376 0.    0.009 0.    0.    0.    0.352 0.088]
 [0.021 0.002 0.861 0.    0.002 0.04  0.043 0.    0.03  0.001]
 [0.005 0.005 0.825 0.021 0.002 0.1   0.016 0.013 0.011 0.002]
 [0.013 0.    0.885 0.005 0.006 0.033 0.031 0.007 0.019 0.001]
 [0.004 0.006 0.805 0.007 0.    0.144 0.01  0.016 0.008 0.   ]
 [0.001 0.    0.883 0.009 0.005 0.034 0.062 0.001 0.005 0.   ]
 [0.038 0.001 0.861 0.006 0.005 0.046 0.004 0.024 0.015 0.   ]
 [0.035 0.035 0.247 0.001 0.001 0.003 0.    0.    0.672 0.006]
 [0.046 0.158 0.41  0.002 0.007 0.005 0.001 0.001 0.295 0.075]]
[2025-06-05 00:15:33,291 INFO] 6100 iteration, USE_EMA: True, {'train/sup_loss': tensor(0.0060, device='cuda:0'), 'train/unsup_loss': tensor(0.1805, device='cuda:0'), 'train/total_loss': tensor(0.1866, device='cuda:0'), 'train/mask_ratio': tensor(0.6927, device='cuda:0'), 'lr': 0.027401529896371214, 'train/prefecth_time': 0.2071367645263672, 'train/run_time': 0.24711782836914062, 'eval/loss': tensor(4.5632, device='cuda:0'), 'eval/top-1-acc': 0.2184, 'eval/top-5-acc': 0.7868, 'eval/precision': 0.3454099717381972, 'eval/recall': 0.2184, 'eval/F1': 0.17128943504366717, 'eval/AUC': 0.7097606222222222}, BEST_EVAL_ACC: 0.2511, at 1500 iters
[2025-06-05 00:16:21,967 INFO] confusion matrix:
[[0.156 0.01  0.438 0.001 0.003 0.014 0.001 0.001 0.374 0.002]
 [0.022 0.156 0.365 0.    0.009 0.    0.001 0.    0.368 0.079]
 [0.018 0.002 0.854 0.    0.003 0.037 0.052 0.002 0.031 0.001]
 [0.005 0.005 0.831 0.019 0.002 0.095 0.015 0.015 0.011 0.002]
 [0.011 0.    0.884 0.005 0.008 0.032 0.033 0.007 0.019 0.001]
 [0.003 0.006 0.809 0.007 0.    0.14  0.01  0.017 0.008 0.   ]
 [0.001 0.    0.875 0.009 0.005 0.034 0.069 0.001 0.006 0.   ]
 [0.031 0.001 0.867 0.006 0.005 0.045 0.005 0.024 0.016 0.   ]
 [0.029 0.038 0.248 0.001 0.001 0.003 0.    0.    0.674 0.006]
 [0.034 0.168 0.403 0.001 0.008 0.006 0.001 0.001 0.307 0.071]]
[2025-06-05 00:16:21,974 INFO] 6200 iteration, USE_EMA: True, {'train/sup_loss': tensor(0.0017, device='cuda:0'), 'train/unsup_loss': tensor(0.1350, device='cuda:0'), 'train/total_loss': tensor(0.1367, device='cuda:0'), 'train/mask_ratio': tensor(0.5469, device='cuda:0'), 'lr': 0.027316953252672308, 'train/prefecth_time': 0.200008056640625, 'train/run_time': 0.2470707244873047, 'eval/loss': tensor(4.5454, device='cuda:0'), 'eval/top-1-acc': 0.2171, 'eval/top-5-acc': 0.7864, 'eval/precision': 0.34834287574677175, 'eval/recall': 0.21710000000000002, 'eval/F1': 0.17019214439839153, 'eval/AUC': 0.7114830722222222}, BEST_EVAL_ACC: 0.2511, at 1500 iters
[2025-06-05 00:17:10,500 INFO] confusion matrix:
[[0.139 0.01  0.439 0.001 0.002 0.014 0.001 0.001 0.391 0.002]
 [0.014 0.156 0.345 0.    0.008 0.    0.001 0.    0.403 0.073]
 [0.014 0.002 0.846 0.    0.003 0.039 0.061 0.001 0.033 0.001]
 [0.004 0.006 0.808 0.023 0.002 0.104 0.022 0.015 0.015 0.001]
 [0.009 0.    0.871 0.006 0.007 0.035 0.042 0.008 0.021 0.001]
 [0.002 0.007 0.799 0.007 0.001 0.148 0.012 0.015 0.009 0.   ]
 [0.001 0.    0.855 0.009 0.005 0.04  0.083 0.001 0.006 0.   ]
 [0.028 0.001 0.862 0.006 0.006 0.05  0.005 0.024 0.018 0.   ]
 [0.026 0.037 0.238 0.001 0.001 0.004 0.    0.    0.688 0.005]
 [0.026 0.175 0.384 0.002 0.008 0.006 0.001 0.001 0.331 0.066]]
[2025-06-05 00:17:10,507 INFO] 6300 iteration, USE_EMA: True, {'train/sup_loss': tensor(0.0019, device='cuda:0'), 'train/unsup_loss': tensor(0.2402, device='cuda:0'), 'train/total_loss': tensor(0.2421, device='cuda:0'), 'train/mask_ratio': tensor(0.6667, device='cuda:0'), 'lr': 0.027231086499931646, 'train/prefecth_time': 0.20534051513671875, 'train/run_time': 0.2470667266845703, 'eval/loss': tensor(4.5018, device='cuda:0'), 'eval/top-1-acc': 0.218, 'eval/top-5-acc': 0.7872, 'eval/precision': 0.3502909574809156, 'eval/recall': 0.21799999999999997, 'eval/F1': 0.17008440278158032, 'eval/AUC': 0.7142223666666666}, BEST_EVAL_ACC: 0.2511, at 1500 iters
[2025-06-05 00:17:59,069 INFO] confusion matrix:
[[0.153 0.011 0.427 0.001 0.002 0.014 0.001 0.001 0.388 0.002]
 [0.014 0.159 0.331 0.    0.009 0.    0.001 0.    0.397 0.089]
 [0.017 0.002 0.843 0.    0.002 0.042 0.059 0.001 0.033 0.001]
 [0.006 0.008 0.795 0.019 0.002 0.119 0.021 0.013 0.016 0.001]
 [0.009 0.    0.874 0.005 0.007 0.035 0.04  0.007 0.022 0.001]
 [0.002 0.007 0.787 0.008 0.001 0.157 0.012 0.014 0.012 0.   ]
 [0.001 0.    0.851 0.009 0.005 0.045 0.081 0.002 0.006 0.   ]
 [0.029 0.001 0.861 0.006 0.006 0.052 0.005 0.022 0.018 0.   ]
 [0.028 0.037 0.228 0.001 0.001 0.004 0.    0.    0.694 0.007]
 [0.03  0.179 0.371 0.001 0.006 0.006 0.001 0.001 0.322 0.083]]
[2025-06-05 00:17:59,075 INFO] 6400 iteration, USE_EMA: True, {'train/sup_loss': tensor(0.0091, device='cuda:0'), 'train/unsup_loss': tensor(0.1563, device='cuda:0'), 'train/total_loss': tensor(0.1653, device='cuda:0'), 'train/mask_ratio': tensor(0.5677, device='cuda:0'), 'lr': 0.027143933693413842, 'train/prefecth_time': 0.2030213165283203, 'train/run_time': 0.24652493286132812, 'eval/loss': tensor(4.4809, device='cuda:0'), 'eval/top-1-acc': 0.2218, 'eval/top-5-acc': 0.7875, 'eval/precision': 0.347930229793213, 'eval/recall': 0.2218, 'eval/F1': 0.1747036415113636, 'eval/AUC': 0.714706638888889}, BEST_EVAL_ACC: 0.2511, at 1500 iters
[2025-06-05 00:18:47,936 INFO] confusion matrix:
[[0.132 0.011 0.433 0.001 0.002 0.014 0.001 0.001 0.403 0.002]
 [0.011 0.159 0.332 0.    0.008 0.    0.    0.    0.398 0.092]
 [0.013 0.002 0.855 0.    0.002 0.039 0.054 0.    0.034 0.001]
 [0.003 0.006 0.814 0.018 0.002 0.104 0.021 0.014 0.016 0.002]
 [0.008 0.    0.886 0.005 0.005 0.033 0.036 0.006 0.02  0.001]
 [0.002 0.007 0.799 0.007 0.001 0.147 0.011 0.014 0.012 0.   ]
 [0.001 0.    0.861 0.009 0.005 0.038 0.078 0.001 0.007 0.   ]
 [0.027 0.001 0.873 0.004 0.006 0.046 0.005 0.022 0.016 0.   ]
 [0.026 0.034 0.228 0.002 0.001 0.004 0.    0.    0.698 0.007]
 [0.021 0.176 0.378 0.001 0.006 0.006 0.001 0.001 0.326 0.084]]
[2025-06-05 00:18:47,943 INFO] 6500 iteration, USE_EMA: True, {'train/sup_loss': tensor(0.0011, device='cuda:0'), 'train/unsup_loss': tensor(0.0779, device='cuda:0'), 'train/total_loss': tensor(0.0791, device='cuda:0'), 'train/mask_ratio': tensor(0.4479, device='cuda:0'), 'lr': 0.02705549894912051, 'train/prefecth_time': 0.19683839416503907, 'train/run_time': 0.24748646545410155, 'eval/loss': tensor(4.5398, device='cuda:0'), 'eval/top-1-acc': 0.2198, 'eval/top-5-acc': 0.7882, 'eval/precision': 0.3486292572315544, 'eval/recall': 0.2198, 'eval/F1': 0.17072746095818586, 'eval/AUC': 0.7136143555555555}, BEST_EVAL_ACC: 0.2511, at 1500 iters
[2025-06-05 00:19:36,616 INFO] confusion matrix:
[[0.125 0.01  0.439 0.001 0.001 0.012 0.001 0.001 0.408 0.002]
 [0.011 0.159 0.332 0.    0.007 0.    0.    0.    0.402 0.089]
 [0.012 0.002 0.857 0.    0.002 0.039 0.053 0.001 0.033 0.001]
 [0.003 0.006 0.825 0.018 0.002 0.098 0.021 0.01  0.015 0.002]
 [0.007 0.    0.887 0.005 0.006 0.031 0.036 0.006 0.021 0.001]
 [0.002 0.007 0.805 0.007 0.002 0.14  0.011 0.014 0.012 0.   ]
 [0.001 0.    0.861 0.008 0.005 0.036 0.082 0.001 0.006 0.   ]
 [0.026 0.001 0.879 0.003 0.005 0.043 0.005 0.021 0.017 0.   ]
 [0.024 0.034 0.232 0.002 0.001 0.003 0.    0.    0.696 0.008]
 [0.014 0.177 0.384 0.001 0.003 0.005 0.001 0.001 0.33  0.084]]
[2025-06-05 00:19:36,623 INFO] 6600 iteration, USE_EMA: True, {'train/sup_loss': tensor(0.0018, device='cuda:0'), 'train/unsup_loss': tensor(0.2779, device='cuda:0'), 'train/total_loss': tensor(0.2797, device='cuda:0'), 'train/mask_ratio': tensor(0.6354, device='cuda:0'), 'lr': 0.026965786443595877, 'train/prefecth_time': 0.2028236541748047, 'train/run_time': 0.24629869079589845, 'eval/loss': tensor(4.5695, device='cuda:0'), 'eval/top-1-acc': 0.2188, 'eval/top-5-acc': 0.7857, 'eval/precision': 0.35896026320838464, 'eval/recall': 0.21880000000000002, 'eval/F1': 0.16957886285106571, 'eval/AUC': 0.7139979611111112}, BEST_EVAL_ACC: 0.2511, at 1500 iters
[2025-06-05 00:20:24,347 INFO] confusion matrix:
[[0.132 0.01  0.425 0.001 0.001 0.015 0.001 0.001 0.412 0.002]
 [0.01  0.162 0.325 0.    0.008 0.    0.    0.    0.399 0.096]
 [0.014 0.002 0.841 0.    0.002 0.045 0.058 0.002 0.035 0.001]
 [0.004 0.007 0.784 0.019 0.002 0.135 0.021 0.01  0.017 0.001]
 [0.007 0.    0.874 0.005 0.007 0.04  0.038 0.006 0.022 0.001]
 [0.002 0.008 0.764 0.008 0.002 0.176 0.012 0.015 0.013 0.   ]
 [0.001 0.    0.849 0.008 0.007 0.046 0.082 0.001 0.006 0.   ]
 [0.027 0.001 0.867 0.004 0.005 0.054 0.005 0.019 0.018 0.   ]
 [0.025 0.034 0.22  0.002 0.002 0.004 0.    0.    0.705 0.008]
 [0.014 0.178 0.377 0.001 0.004 0.005 0.001 0.    0.33  0.09 ]]
[2025-06-05 00:20:24,354 INFO] 6700 iteration, USE_EMA: True, {'train/sup_loss': tensor(0.0278, device='cuda:0'), 'train/unsup_loss': tensor(0.1718, device='cuda:0'), 'train/total_loss': tensor(0.1996, device='cuda:0'), 'train/mask_ratio': tensor(0.6875, device='cuda:0'), 'lr': 0.026874800413729513, 'train/prefecth_time': 0.1969653778076172, 'train/run_time': 0.24599411010742187, 'eval/loss': tensor(4.4766, device='cuda:0'), 'eval/top-1-acc': 0.2233, 'eval/top-5-acc': 0.7865, 'eval/precision': 0.3545050609229815, 'eval/recall': 0.22329999999999997, 'eval/F1': 0.17532437483395152, 'eval/AUC': 0.7159023777777778}, BEST_EVAL_ACC: 0.2511, at 1500 iters
[2025-06-05 00:21:12,244 INFO] confusion matrix:
[[0.126 0.011 0.431 0.001 0.002 0.017 0.001 0.001 0.408 0.002]
 [0.009 0.161 0.321 0.    0.008 0.    0.    0.    0.386 0.115]
 [0.014 0.002 0.848 0.    0.004 0.044 0.053 0.002 0.032 0.001]
 [0.006 0.007 0.78  0.023 0.002 0.134 0.021 0.011 0.016 0.   ]
 [0.006 0.    0.875 0.005 0.008 0.04  0.039 0.005 0.021 0.001]
 [0.002 0.007 0.764 0.01  0.002 0.175 0.012 0.015 0.013 0.   ]
 [0.001 0.    0.853 0.009 0.007 0.045 0.079 0.001 0.005 0.   ]
 [0.025 0.001 0.865 0.007 0.007 0.055 0.005 0.018 0.017 0.   ]
 [0.026 0.035 0.228 0.002 0.002 0.004 0.    0.    0.695 0.008]
 [0.014 0.182 0.386 0.001 0.006 0.007 0.001 0.    0.312 0.091]]
[2025-06-05 00:21:12,250 INFO] 6800 iteration, USE_EMA: True, {'train/sup_loss': tensor(0.0023, device='cuda:0'), 'train/unsup_loss': tensor(0.1147, device='cuda:0'), 'train/total_loss': tensor(0.1169, device='cuda:0'), 'train/mask_ratio': tensor(0.4375, device='cuda:0'), 'lr': 0.026782545156556266, 'train/prefecth_time': 0.20426972961425782, 'train/run_time': 0.24604124450683593, 'eval/loss': tensor(4.4735, device='cuda:0'), 'eval/top-1-acc': 0.2224, 'eval/top-5-acc': 0.7882, 'eval/precision': 0.34756940633390204, 'eval/recall': 0.22240000000000001, 'eval/F1': 0.1746206735266552, 'eval/AUC': 0.7149227388888889}, BEST_EVAL_ACC: 0.2511, at 1500 iters
[2025-06-05 00:21:59,458 INFO] confusion matrix:
[[0.114 0.011 0.455 0.002 0.002 0.014 0.001 0.001 0.398 0.002]
 [0.008 0.162 0.342 0.001 0.007 0.    0.    0.    0.352 0.128]
 [0.013 0.002 0.865 0.    0.003 0.038 0.048 0.001 0.029 0.001]
 [0.004 0.007 0.807 0.022 0.002 0.115 0.02  0.01  0.013 0.   ]
 [0.006 0.    0.889 0.005 0.007 0.036 0.033 0.005 0.018 0.001]
 [0.002 0.007 0.789 0.009 0.002 0.159 0.01  0.015 0.007 0.   ]
 [0.001 0.    0.865 0.01  0.006 0.037 0.076 0.001 0.004 0.   ]
 [0.023 0.001 0.885 0.006 0.005 0.047 0.005 0.016 0.012 0.   ]
 [0.023 0.035 0.246 0.002 0.002 0.004 0.    0.    0.68  0.008]
 [0.011 0.18  0.411 0.001 0.005 0.006 0.001 0.    0.287 0.098]]
[2025-06-05 00:21:59,464 INFO] 6900 iteration, USE_EMA: True, {'train/sup_loss': tensor(0.0008, device='cuda:0'), 'train/unsup_loss': tensor(0.0883, device='cuda:0'), 'train/total_loss': tensor(0.0891, device='cuda:0'), 'train/mask_ratio': tensor(0.3438, device='cuda:0'), 'lr': 0.026689025029053282, 'train/prefecth_time': 0.17447929382324218, 'train/run_time': 0.24625970458984375, 'eval/loss': tensor(4.5469, device='cuda:0'), 'eval/top-1-acc': 0.2199, 'eval/top-5-acc': 0.7897, 'eval/precision': 0.34946299668132214, 'eval/recall': 0.21989999999999998, 'eval/F1': 0.17241200237681822, 'eval/AUC': 0.7119341222222223}, BEST_EVAL_ACC: 0.2511, at 1500 iters
[2025-06-05 00:22:46,351 INFO] confusion matrix:
[[0.1   0.011 0.483 0.001 0.002 0.012 0.    0.001 0.387 0.003]
 [0.006 0.161 0.358 0.001 0.007 0.    0.    0.    0.339 0.128]
 [0.01  0.002 0.873 0.001 0.002 0.035 0.046 0.001 0.029 0.001]
 [0.004 0.006 0.832 0.019 0.002 0.096 0.02  0.01  0.011 0.   ]
 [0.005 0.    0.902 0.003 0.007 0.031 0.031 0.005 0.016 0.   ]
 [0.002 0.007 0.811 0.007 0.002 0.141 0.009 0.015 0.006 0.   ]
 [0.001 0.    0.878 0.008 0.005 0.032 0.072 0.001 0.003 0.   ]
 [0.02  0.001 0.896 0.005 0.004 0.041 0.005 0.016 0.012 0.   ]
 [0.019 0.034 0.267 0.001 0.002 0.003 0.    0.    0.664 0.01 ]
 [0.009 0.176 0.435 0.001 0.004 0.004 0.001 0.    0.274 0.096]]
[2025-06-05 00:22:46,361 INFO] 7000 iteration, USE_EMA: True, {'train/sup_loss': tensor(0.0032, device='cuda:0'), 'train/unsup_loss': tensor(0.0925, device='cuda:0'), 'train/total_loss': tensor(0.0956, device='cuda:0'), 'train/mask_ratio': tensor(0.3490, device='cuda:0'), 'lr': 0.026594244447934293, 'train/prefecth_time': 0.18490982055664062, 'train/run_time': 0.24629624938964845, 'eval/loss': tensor(4.6216, device='cuda:0'), 'eval/top-1-acc': 0.2149, 'eval/top-5-acc': 0.7893, 'eval/precision': 0.3555318656100676, 'eval/recall': 0.2149, 'eval/F1': 0.16697799039445457, 'eval/AUC': 0.7108470944444445}, BEST_EVAL_ACC: 0.2511, at 1500 iters
[2025-06-05 00:23:33,724 INFO] confusion matrix:
[[0.085 0.011 0.503 0.001 0.001 0.009 0.    0.001 0.386 0.003]
 [0.006 0.164 0.367 0.001 0.007 0.    0.    0.    0.324 0.131]
 [0.01  0.002 0.881 0.001 0.002 0.032 0.043 0.002 0.026 0.001]
 [0.003 0.006 0.85  0.019 0.002 0.079 0.019 0.011 0.011 0.   ]
 [0.004 0.    0.911 0.003 0.005 0.027 0.03  0.004 0.016 0.   ]
 [0.001 0.007 0.833 0.008 0.002 0.119 0.009 0.015 0.006 0.   ]
 [0.001 0.    0.878 0.01  0.006 0.029 0.072 0.001 0.003 0.   ]
 [0.015 0.001 0.914 0.005 0.004 0.032 0.004 0.015 0.01  0.   ]
 [0.014 0.034 0.283 0.001 0.002 0.003 0.    0.    0.653 0.01 ]
 [0.008 0.176 0.445 0.001 0.003 0.003 0.001 0.    0.266 0.097]]
[2025-06-05 00:23:33,732 INFO] 7100 iteration, USE_EMA: True, {'train/sup_loss': tensor(0.0030, device='cuda:0'), 'train/unsup_loss': tensor(0.2040, device='cuda:0'), 'train/total_loss': tensor(0.2070, device='cuda:0'), 'train/mask_ratio': tensor(0.4062, device='cuda:0'), 'lr': 0.026498207889440968, 'train/prefecth_time': 0.1920114288330078, 'train/run_time': 0.24726300048828126, 'eval/loss': tensor(4.7140, device='cuda:0'), 'eval/top-1-acc': 0.211, 'eval/top-5-acc': 0.7921, 'eval/precision': 0.34952922545792975, 'eval/recall': 0.211, 'eval/F1': 0.16213320732588854, 'eval/AUC': 0.7091990777777778}, BEST_EVAL_ACC: 0.2511, at 1500 iters
[2025-06-05 00:24:21,045 INFO] confusion matrix:
[[0.081 0.011 0.513 0.    0.001 0.009 0.    0.001 0.382 0.002]
 [0.005 0.163 0.376 0.    0.007 0.    0.    0.    0.332 0.117]
 [0.01  0.002 0.889 0.    0.002 0.027 0.041 0.002 0.026 0.001]
 [0.003 0.006 0.862 0.019 0.002 0.069 0.019 0.009 0.011 0.   ]
 [0.004 0.    0.922 0.003 0.005 0.021 0.026 0.004 0.015 0.   ]
 [0.    0.007 0.847 0.009 0.002 0.109 0.008 0.012 0.006 0.   ]
 [0.001 0.    0.887 0.01  0.005 0.025 0.068 0.001 0.003 0.   ]
 [0.014 0.001 0.922 0.003 0.004 0.03  0.003 0.013 0.01  0.   ]
 [0.012 0.034 0.282 0.001 0.001 0.003 0.    0.    0.657 0.01 ]
 [0.008 0.178 0.456 0.001 0.003 0.003 0.001 0.    0.267 0.083]]
[2025-06-05 00:24:21,051 INFO] 7200 iteration, USE_EMA: True, {'train/sup_loss': tensor(0.0010, device='cuda:0'), 'train/unsup_loss': tensor(0.1419, device='cuda:0'), 'train/total_loss': tensor(0.1428, device='cuda:0'), 'train/mask_ratio': tensor(0.4427, device='cuda:0'), 'lr': 0.02640091988913155, 'train/prefecth_time': 0.19512232971191407, 'train/run_time': 0.24597914123535156, 'eval/loss': tensor(4.8096, device='cuda:0'), 'eval/top-1-acc': 0.2087, 'eval/top-5-acc': 0.7939, 'eval/precision': 0.35510382828577736, 'eval/recall': 0.20870000000000005, 'eval/F1': 0.1576078490611157, 'eval/AUC': 0.7078577}, BEST_EVAL_ACC: 0.2511, at 1500 iters
[2025-06-05 00:25:08,213 INFO] confusion matrix:
[[0.077 0.011 0.507 0.    0.001 0.009 0.    0.001 0.393 0.001]
 [0.004 0.163 0.374 0.    0.007 0.    0.    0.    0.34  0.112]
 [0.009 0.002 0.892 0.    0.002 0.026 0.037 0.002 0.029 0.001]
 [0.003 0.006 0.867 0.018 0.002 0.066 0.018 0.009 0.011 0.   ]
 [0.004 0.    0.925 0.003 0.005 0.021 0.022 0.004 0.016 0.   ]
 [0.    0.007 0.851 0.007 0.002 0.106 0.008 0.013 0.006 0.   ]
 [0.001 0.    0.893 0.01  0.004 0.022 0.066 0.001 0.003 0.   ]
 [0.013 0.001 0.923 0.003 0.004 0.029 0.003 0.013 0.011 0.   ]
 [0.013 0.035 0.268 0.001 0.001 0.003 0.    0.    0.669 0.01 ]
 [0.008 0.186 0.455 0.001 0.003 0.003 0.001 0.    0.265 0.078]]
[2025-06-05 00:25:08,219 INFO] 7300 iteration, USE_EMA: True, {'train/sup_loss': tensor(0.0037, device='cuda:0'), 'train/unsup_loss': tensor(0.2246, device='cuda:0'), 'train/total_loss': tensor(0.2283, device='cuda:0'), 'train/mask_ratio': tensor(0.4427, device='cuda:0'), 'lr': 0.026302385041666636, 'train/prefecth_time': 0.19439625549316406, 'train/run_time': 0.24646246337890626, 'eval/loss': tensor(4.8797, device='cuda:0'), 'eval/top-1-acc': 0.2087, 'eval/top-5-acc': 0.7944, 'eval/precision': 0.35580965061084363, 'eval/recall': 0.20869999999999997, 'eval/F1': 0.15573259680550292, 'eval/AUC': 0.7067362333333332}, BEST_EVAL_ACC: 0.2511, at 1500 iters
[2025-06-05 00:25:55,202 INFO] confusion matrix:
[[0.089 0.011 0.511 0.    0.001 0.009 0.    0.001 0.377 0.001]
 [0.004 0.166 0.38  0.    0.006 0.    0.    0.    0.318 0.126]
 [0.009 0.002 0.899 0.    0.002 0.026 0.034 0.002 0.025 0.001]
 [0.004 0.006 0.877 0.019 0.001 0.062 0.014 0.006 0.011 0.   ]
 [0.004 0.    0.929 0.002 0.005 0.021 0.022 0.003 0.014 0.   ]
 [0.    0.008 0.849 0.007 0.002 0.108 0.008 0.012 0.006 0.   ]
 [0.001 0.    0.9   0.01  0.004 0.021 0.061 0.001 0.002 0.   ]
 [0.014 0.001 0.928 0.003 0.003 0.029 0.002 0.012 0.008 0.   ]
 [0.015 0.035 0.287 0.001 0.001 0.003 0.    0.    0.649 0.009]
 [0.007 0.187 0.462 0.001 0.003 0.003 0.001 0.    0.253 0.083]]
[2025-06-05 00:25:55,209 INFO] 7400 iteration, USE_EMA: True, {'train/sup_loss': tensor(0.0043, device='cuda:0'), 'train/unsup_loss': tensor(0.1150, device='cuda:0'), 'train/total_loss': tensor(0.1192, device='cuda:0'), 'train/mask_ratio': tensor(0.3333, device='cuda:0'), 'lr': 0.026202608000592202, 'train/prefecth_time': 0.22173593139648437, 'train/run_time': 0.24742185974121095, 'eval/loss': tensor(4.9299, device='cuda:0'), 'eval/top-1-acc': 0.2091, 'eval/top-5-acc': 0.7942, 'eval/precision': 0.36573505440992965, 'eval/recall': 0.2091, 'eval/F1': 0.15818916689221746, 'eval/AUC': 0.704686938888889}, BEST_EVAL_ACC: 0.2511, at 1500 iters
[2025-06-05 00:26:42,233 INFO] confusion matrix:
[[0.084 0.011 0.516 0.    0.001 0.008 0.    0.001 0.378 0.001]
 [0.003 0.166 0.39  0.    0.006 0.    0.    0.    0.301 0.134]
 [0.009 0.002 0.913 0.    0.002 0.02  0.027 0.002 0.024 0.001]
 [0.003 0.006 0.888 0.019 0.001 0.058 0.012 0.003 0.01  0.   ]
 [0.004 0.    0.935 0.002 0.005 0.019 0.019 0.003 0.013 0.   ]
 [0.    0.007 0.862 0.008 0.002 0.098 0.008 0.011 0.004 0.   ]
 [0.001 0.    0.917 0.009 0.004 0.016 0.05  0.001 0.002 0.   ]
 [0.012 0.001 0.938 0.003 0.003 0.023 0.002 0.01  0.008 0.   ]
 [0.013 0.035 0.289 0.001 0.001 0.003 0.    0.    0.649 0.009]
 [0.007 0.19  0.47  0.001 0.002 0.001 0.001 0.    0.245 0.083]]
[2025-06-05 00:26:42,240 INFO] 7500 iteration, USE_EMA: True, {'train/sup_loss': tensor(0.0007, device='cuda:0'), 'train/unsup_loss': tensor(0.1153, device='cuda:0'), 'train/total_loss': tensor(0.1160, device='cuda:0'), 'train/mask_ratio': tensor(0.2865, device='cuda:0'), 'lr': 0.0261015934781198, 'train/prefecth_time': 0.1788538818359375, 'train/run_time': 0.246634521484375, 'eval/loss': tensor(5.0176, device='cuda:0'), 'eval/top-1-acc': 0.2077, 'eval/top-5-acc': 0.7943, 'eval/precision': 0.3672430869053612, 'eval/recall': 0.2077, 'eval/F1': 0.15471559251891598, 'eval/AUC': 0.7024405055555556}, BEST_EVAL_ACC: 0.2511, at 1500 iters
[2025-06-05 00:27:29,036 INFO] confusion matrix:
[[0.077 0.01  0.513 0.    0.001 0.008 0.    0.001 0.389 0.001]
 [0.003 0.171 0.375 0.    0.006 0.    0.    0.    0.301 0.144]
 [0.008 0.002 0.905 0.    0.002 0.019 0.035 0.001 0.027 0.001]
 [0.003 0.006 0.889 0.02  0.001 0.057 0.011 0.003 0.01  0.   ]
 [0.004 0.    0.937 0.001 0.005 0.017 0.02  0.003 0.013 0.   ]
 [0.    0.007 0.862 0.008 0.002 0.098 0.008 0.011 0.004 0.   ]
 [0.001 0.    0.913 0.008 0.004 0.016 0.055 0.001 0.002 0.   ]
 [0.01  0.001 0.939 0.003 0.003 0.023 0.002 0.011 0.008 0.   ]
 [0.013 0.033 0.274 0.001 0.001 0.002 0.    0.    0.666 0.01 ]
 [0.007 0.197 0.46  0.001 0.003 0.001 0.001 0.    0.245 0.085]]
[2025-06-05 00:27:29,042 INFO] 7600 iteration, USE_EMA: True, {'train/sup_loss': tensor(0.0010, device='cuda:0'), 'train/unsup_loss': tensor(0.2108, device='cuda:0'), 'train/total_loss': tensor(0.2118, device='cuda:0'), 'train/mask_ratio': tensor(0.6094, device='cuda:0'), 'lr': 0.025999346244904034, 'train/prefecth_time': 0.19637890625, 'train/run_time': 0.24676249694824218, 'eval/loss': tensor(5.0259, device='cuda:0'), 'eval/top-1-acc': 0.2093, 'eval/top-5-acc': 0.7975, 'eval/precision': 0.37252428730470505, 'eval/recall': 0.20929999999999999, 'eval/F1': 0.15621646668390513, 'eval/AUC': 0.7034405722222222}, BEST_EVAL_ACC: 0.2511, at 1500 iters
[2025-06-05 00:28:17,333 INFO] confusion matrix:
[[0.072 0.009 0.505 0.001 0.001 0.006 0.    0.001 0.402 0.003]
 [0.003 0.163 0.363 0.    0.007 0.    0.    0.    0.307 0.157]
 [0.007 0.002 0.905 0.    0.002 0.017 0.036 0.002 0.028 0.001]
 [0.003 0.006 0.883 0.02  0.001 0.055 0.012 0.01  0.01  0.   ]
 [0.004 0.    0.932 0.001 0.004 0.017 0.024 0.005 0.013 0.   ]
 [0.    0.007 0.86  0.009 0.002 0.097 0.008 0.013 0.004 0.   ]
 [0.001 0.    0.911 0.01  0.005 0.015 0.054 0.001 0.003 0.   ]
 [0.009 0.001 0.937 0.003 0.003 0.023 0.002 0.012 0.01  0.   ]
 [0.012 0.031 0.263 0.001 0.001 0.002 0.    0.    0.679 0.011]
 [0.007 0.189 0.454 0.001 0.003 0.001 0.001 0.    0.249 0.095]]
[2025-06-05 00:28:17,340 INFO] 7700 iteration, USE_EMA: True, {'train/sup_loss': tensor(0.0020, device='cuda:0'), 'train/unsup_loss': tensor(0.2070, device='cuda:0'), 'train/total_loss': tensor(0.2090, device='cuda:0'), 'train/mask_ratio': tensor(0.3750, device='cuda:0'), 'lr': 0.025895871129817248, 'train/prefecth_time': 0.1980262451171875, 'train/run_time': 0.24803453063964845, 'eval/loss': tensor(4.9825, device='cuda:0'), 'eval/top-1-acc': 0.2101, 'eval/top-5-acc': 0.7995, 'eval/precision': 0.3548681578145839, 'eval/recall': 0.21010000000000004, 'eval/F1': 0.1559542861555347, 'eval/AUC': 0.7050707111111112}, BEST_EVAL_ACC: 0.2511, at 1500 iters
[2025-06-05 00:29:05,406 INFO] confusion matrix:
[[0.084 0.009 0.477 0.001 0.    0.007 0.    0.001 0.418 0.003]
 [0.003 0.164 0.346 0.    0.006 0.    0.    0.    0.323 0.158]
 [0.007 0.002 0.898 0.    0.002 0.018 0.037 0.002 0.033 0.001]
 [0.004 0.006 0.883 0.017 0.001 0.058 0.012 0.008 0.011 0.   ]
 [0.004 0.    0.924 0.001 0.004 0.018 0.025 0.005 0.019 0.   ]
 [0.    0.008 0.857 0.006 0.001 0.101 0.008 0.013 0.006 0.   ]
 [0.001 0.    0.909 0.01  0.004 0.017 0.053 0.001 0.005 0.   ]
 [0.008 0.001 0.933 0.003 0.003 0.025 0.002 0.012 0.013 0.   ]
 [0.013 0.029 0.241 0.001 0.001 0.003 0.    0.    0.701 0.011]
 [0.007 0.187 0.434 0.001 0.003 0.001 0.001 0.    0.263 0.103]]
[2025-06-05 00:29:05,411 INFO] 7800 iteration, USE_EMA: True, {'train/sup_loss': tensor(0.0023, device='cuda:0'), 'train/unsup_loss': tensor(0.0992, device='cuda:0'), 'train/total_loss': tensor(0.1016, device='cuda:0'), 'train/mask_ratio': tensor(0.4427, device='cuda:0'), 'lr': 0.02579117301972147, 'train/prefecth_time': 0.197928955078125, 'train/run_time': 0.2472806396484375, 'eval/loss': tensor(4.9571, device='cuda:0'), 'eval/top-1-acc': 0.2137, 'eval/top-5-acc': 0.8016, 'eval/precision': 0.36016712388015165, 'eval/recall': 0.2137, 'eval/F1': 0.15912369264049825, 'eval/AUC': 0.7063882833333333}, BEST_EVAL_ACC: 0.2511, at 1500 iters
[2025-06-05 00:29:53,742 INFO] confusion matrix:
[[0.087 0.009 0.467 0.001 0.    0.006 0.002 0.001 0.424 0.003]
 [0.003 0.165 0.331 0.    0.006 0.    0.    0.    0.331 0.164]
 [0.007 0.003 0.895 0.    0.002 0.02  0.037 0.001 0.034 0.001]
 [0.003 0.006 0.88  0.018 0.002 0.061 0.011 0.007 0.012 0.   ]
 [0.004 0.    0.924 0.001 0.004 0.017 0.025 0.006 0.019 0.   ]
 [0.    0.008 0.853 0.006 0.001 0.104 0.008 0.014 0.006 0.   ]
 [0.001 0.    0.91  0.01  0.005 0.017 0.051 0.001 0.005 0.   ]
 [0.007 0.001 0.932 0.003 0.003 0.026 0.002 0.012 0.014 0.   ]
 [0.014 0.029 0.235 0.001 0.001 0.003 0.    0.    0.707 0.01 ]
 [0.007 0.192 0.416 0.001 0.003 0.001 0.001 0.    0.273 0.106]]
[2025-06-05 00:29:53,750 INFO] 7900 iteration, USE_EMA: True, {'train/sup_loss': tensor(0.0007, device='cuda:0'), 'train/unsup_loss': tensor(0.2089, device='cuda:0'), 'train/total_loss': tensor(0.2096, device='cuda:0'), 'train/mask_ratio': tensor(0.5104, device='cuda:0'), 'lr': 0.025685256859237626, 'train/prefecth_time': 0.22397235107421876, 'train/run_time': 0.24805343627929688, 'eval/loss': tensor(4.9592, device='cuda:0'), 'eval/top-1-acc': 0.2149, 'eval/top-5-acc': 0.8013, 'eval/precision': 0.3598071097745198, 'eval/recall': 0.2149, 'eval/F1': 0.16018404851690163, 'eval/AUC': 0.7072308833333333}, BEST_EVAL_ACC: 0.2511, at 1500 iters
[2025-06-05 00:30:41,878 INFO] confusion matrix:
[[0.094 0.009 0.458 0.001 0.    0.006 0.002 0.001 0.426 0.003]
 [0.003 0.162 0.328 0.    0.006 0.    0.    0.    0.323 0.178]
 [0.008 0.003 0.896 0.    0.002 0.019 0.036 0.001 0.034 0.001]
 [0.004 0.006 0.886 0.017 0.002 0.056 0.011 0.006 0.012 0.   ]
 [0.005 0.    0.93  0.002 0.003 0.014 0.022 0.004 0.02  0.   ]
 [0.    0.008 0.86  0.007 0.001 0.095 0.008 0.014 0.007 0.   ]
 [0.001 0.    0.911 0.01  0.004 0.016 0.052 0.001 0.005 0.   ]
 [0.006 0.001 0.937 0.003 0.003 0.024 0.002 0.01  0.014 0.   ]
 [0.015 0.029 0.233 0.001 0.001 0.003 0.    0.    0.707 0.011]
 [0.007 0.194 0.413 0.001 0.003 0.001 0.001 0.    0.27  0.11 ]]
[2025-06-05 00:30:41,888 INFO] 8000 iteration, USE_EMA: True, {'train/sup_loss': tensor(0.0014, device='cuda:0'), 'train/unsup_loss': tensor(0.1015, device='cuda:0'), 'train/total_loss': tensor(0.1028, device='cuda:0'), 'train/mask_ratio': tensor(0.3750, device='cuda:0'), 'lr': 0.02557812765051199, 'train/prefecth_time': 0.19477798461914062, 'train/run_time': 0.2472178955078125, 'eval/loss': tensor(4.9897, device='cuda:0'), 'eval/top-1-acc': 0.2146, 'eval/top-5-acc': 0.8008, 'eval/precision': 0.35223112560865066, 'eval/recall': 0.21459999999999999, 'eval/F1': 0.1596229954442309, 'eval/AUC': 0.7071904}, BEST_EVAL_ACC: 0.2511, at 1500 iters
[2025-06-05 00:31:30,198 INFO] confusion matrix:
[[0.098 0.009 0.447 0.001 0.    0.006 0.002 0.001 0.433 0.003]
 [0.003 0.164 0.312 0.    0.006 0.    0.    0.    0.313 0.202]
 [0.008 0.003 0.894 0.    0.003 0.02  0.034 0.001 0.036 0.001]
 [0.003 0.006 0.871 0.02  0.002 0.068 0.011 0.006 0.013 0.   ]
 [0.004 0.    0.924 0.003 0.004 0.017 0.022 0.004 0.022 0.   ]
 [0.    0.008 0.845 0.008 0.001 0.107 0.008 0.014 0.009 0.   ]
 [0.001 0.    0.904 0.01  0.004 0.023 0.052 0.001 0.005 0.   ]
 [0.009 0.001 0.929 0.003 0.003 0.028 0.002 0.011 0.014 0.   ]
 [0.017 0.029 0.223 0.001 0.001 0.003 0.    0.    0.713 0.013]
 [0.007 0.199 0.397 0.    0.003 0.001 0.001 0.001 0.277 0.114]]
[2025-06-05 00:31:30,205 INFO] 8100 iteration, USE_EMA: True, {'train/sup_loss': tensor(0.0038, device='cuda:0'), 'train/unsup_loss': tensor(0.2058, device='cuda:0'), 'train/total_loss': tensor(0.2095, device='cuda:0'), 'train/mask_ratio': tensor(0.5833, device='cuda:0'), 'lr': 0.02546979045297999, 'train/prefecth_time': 0.20391629028320313, 'train/run_time': 0.24747792053222656, 'eval/loss': tensor(4.9478, device='cuda:0'), 'eval/top-1-acc': 0.2177, 'eval/top-5-acc': 0.8006, 'eval/precision': 0.3559025449899357, 'eval/recall': 0.2177, 'eval/F1': 0.1633637718961901, 'eval/AUC': 0.7093942888888888}, BEST_EVAL_ACC: 0.2511, at 1500 iters
[2025-06-05 00:32:17,902 INFO] confusion matrix:
[[0.099 0.01  0.446 0.001 0.    0.007 0.002 0.001 0.431 0.003]
 [0.004 0.167 0.301 0.    0.006 0.    0.    0.    0.305 0.217]
 [0.008 0.003 0.894 0.    0.003 0.024 0.032 0.001 0.034 0.001]
 [0.004 0.006 0.854 0.021 0.002 0.078 0.012 0.01  0.013 0.   ]
 [0.004 0.    0.922 0.002 0.004 0.023 0.02  0.005 0.02  0.   ]
 [0.    0.008 0.825 0.008 0.001 0.124 0.008 0.016 0.01  0.   ]
 [0.001 0.    0.901 0.01  0.004 0.027 0.051 0.001 0.005 0.   ]
 [0.007 0.001 0.922 0.003 0.004 0.034 0.002 0.013 0.014 0.   ]
 [0.016 0.03  0.221 0.001 0.001 0.003 0.    0.    0.714 0.014]
 [0.007 0.21  0.387 0.    0.003 0.001 0.001 0.001 0.274 0.116]]
[2025-06-05 00:32:17,908 INFO] 8200 iteration, USE_EMA: True, {'train/sup_loss': tensor(0.0038, device='cuda:0'), 'train/unsup_loss': tensor(0.2863, device='cuda:0'), 'train/total_loss': tensor(0.2901, device='cuda:0'), 'train/mask_ratio': tensor(0.4948, device='cuda:0'), 'lr': 0.025360250383127225, 'train/prefecth_time': 0.2018201599121094, 'train/run_time': 0.2462177276611328, 'eval/loss': tensor(4.8997, device='cuda:0'), 'eval/top-1-acc': 0.2203, 'eval/top-5-acc': 0.8034, 'eval/precision': 0.3555615344891296, 'eval/recall': 0.2203, 'eval/F1': 0.16669653661643818, 'eval/AUC': 0.7102294499999999}, BEST_EVAL_ACC: 0.2511, at 1500 iters
[2025-06-05 00:33:04,534 INFO] confusion matrix:
[[0.1   0.012 0.445 0.002 0.001 0.007 0.002 0.001 0.427 0.003]
 [0.004 0.18  0.3   0.    0.006 0.    0.    0.    0.296 0.214]
 [0.008 0.003 0.89  0.    0.003 0.027 0.032 0.002 0.034 0.001]
 [0.004 0.008 0.849 0.023 0.002 0.08  0.011 0.01  0.013 0.   ]
 [0.004 0.    0.915 0.002 0.007 0.026 0.02  0.005 0.021 0.   ]
 [0.    0.008 0.819 0.01  0.001 0.13  0.008 0.015 0.009 0.   ]
 [0.001 0.    0.896 0.01  0.007 0.031 0.049 0.001 0.005 0.   ]
 [0.008 0.001 0.914 0.003 0.004 0.036 0.002 0.017 0.014 0.001]
 [0.014 0.031 0.224 0.001 0.001 0.003 0.    0.    0.711 0.015]
 [0.007 0.22  0.392 0.    0.004 0.001 0.001 0.001 0.258 0.116]]
[2025-06-05 00:33:04,540 INFO] 8300 iteration, USE_EMA: True, {'train/sup_loss': tensor(0.0024, device='cuda:0'), 'train/unsup_loss': tensor(0.2311, device='cuda:0'), 'train/total_loss': tensor(0.2335, device='cuda:0'), 'train/mask_ratio': tensor(0.7188, device='cuda:0'), 'lr': 0.025249512614247856, 'train/prefecth_time': 0.18522035217285157, 'train/run_time': 0.2465095672607422, 'eval/loss': tensor(4.7999, device='cuda:0'), 'eval/top-1-acc': 0.2223, 'eval/top-5-acc': 0.8083, 'eval/precision': 0.36640501768983896, 'eval/recall': 0.22230000000000003, 'eval/F1': 0.17053370491504033, 'eval/AUC': 0.7149797666666667}, BEST_EVAL_ACC: 0.2511, at 1500 iters
[2025-06-05 00:33:51,834 INFO] confusion matrix:
[[0.104 0.013 0.443 0.002 0.004 0.006 0.002 0.001 0.422 0.003]
 [0.006 0.188 0.302 0.    0.008 0.    0.    0.    0.275 0.221]
 [0.009 0.003 0.889 0.    0.003 0.026 0.035 0.002 0.032 0.001]
 [0.003 0.008 0.846 0.023 0.003 0.085 0.011 0.01  0.011 0.   ]
 [0.004 0.    0.913 0.001 0.013 0.026 0.021 0.005 0.017 0.   ]
 [0.    0.009 0.817 0.009 0.002 0.132 0.008 0.016 0.007 0.   ]
 [0.001 0.    0.897 0.01  0.008 0.028 0.051 0.001 0.004 0.   ]
 [0.012 0.001 0.909 0.003 0.005 0.036 0.002 0.019 0.012 0.001]
 [0.019 0.03  0.219 0.001 0.002 0.003 0.    0.    0.71  0.016]
 [0.008 0.224 0.394 0.    0.004 0.001 0.001 0.001 0.24  0.127]]
[2025-06-05 00:33:51,845 INFO] 8400 iteration, USE_EMA: True, {'train/sup_loss': tensor(0.0014, device='cuda:0'), 'train/unsup_loss': tensor(0.1176, device='cuda:0'), 'train/total_loss': tensor(0.1190, device='cuda:0'), 'train/mask_ratio': tensor(0.4740, device='cuda:0'), 'lr': 0.02513758237620026, 'train/prefecth_time': 0.20389785766601562, 'train/run_time': 0.24617984008789062, 'eval/loss': tensor(4.6582, device='cuda:0'), 'eval/top-1-acc': 0.2256, 'eval/top-5-acc': 0.8136, 'eval/precision': 0.37491447096564584, 'eval/recall': 0.22560000000000002, 'eval/F1': 0.1763217255836613, 'eval/AUC': 0.7210749055555556}, BEST_EVAL_ACC: 0.2511, at 1500 iters
[2025-06-05 00:34:38,392 INFO] confusion matrix:
[[0.102 0.013 0.446 0.001 0.005 0.005 0.002 0.001 0.422 0.003]
 [0.006 0.189 0.302 0.    0.009 0.    0.    0.    0.274 0.22 ]
 [0.008 0.003 0.891 0.    0.004 0.025 0.034 0.003 0.031 0.001]
 [0.003 0.008 0.861 0.022 0.003 0.072 0.011 0.008 0.012 0.   ]
 [0.003 0.    0.92  0.003 0.014 0.019 0.021 0.004 0.016 0.   ]
 [0.    0.009 0.834 0.009 0.002 0.116 0.008 0.015 0.007 0.   ]
 [0.001 0.    0.899 0.009 0.01  0.027 0.049 0.001 0.004 0.   ]
 [0.012 0.001 0.915 0.003 0.005 0.031 0.001 0.02  0.012 0.   ]
 [0.017 0.03  0.216 0.001 0.002 0.003 0.    0.    0.715 0.016]
 [0.008 0.224 0.397 0.    0.004 0.001 0.001 0.001 0.236 0.128]]
[2025-06-05 00:34:38,400 INFO] 8500 iteration, USE_EMA: True, {'train/sup_loss': tensor(0.0011, device='cuda:0'), 'train/unsup_loss': tensor(0.1130, device='cuda:0'), 'train/total_loss': tensor(0.1141, device='cuda:0'), 'train/mask_ratio': tensor(0.3177, device='cuda:0'), 'lr': 0.02502446495516005, 'train/prefecth_time': 0.17655206298828124, 'train/run_time': 0.24628813171386718, 'eval/loss': tensor(4.6788, device='cuda:0'), 'eval/top-1-acc': 0.2246, 'eval/top-5-acc': 0.8163, 'eval/precision': 0.3779307377727516, 'eval/recall': 0.2246, 'eval/F1': 0.17469151595952237, 'eval/AUC': 0.7227156222222223}, BEST_EVAL_ACC: 0.2511, at 1500 iters
[2025-06-05 00:35:23,984 INFO] confusion matrix:
[[0.088 0.012 0.454 0.002 0.003 0.004 0.002 0.001 0.431 0.003]
 [0.005 0.18  0.302 0.    0.008 0.    0.    0.    0.282 0.223]
 [0.008 0.003 0.891 0.    0.003 0.023 0.035 0.003 0.032 0.002]
 [0.003 0.008 0.866 0.021 0.002 0.067 0.012 0.009 0.012 0.   ]
 [0.004 0.    0.919 0.002 0.013 0.017 0.021 0.006 0.018 0.   ]
 [0.    0.009 0.836 0.009 0.002 0.113 0.008 0.016 0.006 0.001]
 [0.001 0.    0.901 0.008 0.009 0.025 0.051 0.001 0.004 0.   ]
 [0.013 0.001 0.91  0.003 0.004 0.031 0.001 0.023 0.013 0.001]
 [0.015 0.029 0.213 0.001 0.002 0.003 0.    0.    0.72  0.017]
 [0.008 0.205 0.395 0.    0.004 0.001 0.001 0.001 0.249 0.136]]
[2025-06-05 00:35:23,990 INFO] 8600 iteration, USE_EMA: True, {'train/sup_loss': tensor(0.0059, device='cuda:0'), 'train/unsup_loss': tensor(0.1726, device='cuda:0'), 'train/total_loss': tensor(0.1784, device='cuda:0'), 'train/mask_ratio': tensor(0.5156, device='cuda:0'), 'lr': 0.02491016569337043, 'train/prefecth_time': 0.1918082275390625, 'train/run_time': 0.24712261962890625, 'eval/loss': tensor(4.6859, device='cuda:0'), 'eval/top-1-acc': 0.2236, 'eval/top-5-acc': 0.8175, 'eval/precision': 0.37924417684246464, 'eval/recall': 0.22360000000000002, 'eval/F1': 0.17259247036301986, 'eval/AUC': 0.7256856944444444}, BEST_EVAL_ACC: 0.2511, at 1500 iters
[2025-06-05 00:36:10,378 INFO] confusion matrix:
[[0.086 0.009 0.456 0.002 0.002 0.003 0.002 0.001 0.436 0.003]
 [0.005 0.168 0.29  0.    0.008 0.    0.    0.    0.285 0.244]
 [0.008 0.003 0.892 0.    0.002 0.022 0.035 0.003 0.033 0.002]
 [0.003 0.007 0.864 0.021 0.003 0.067 0.014 0.009 0.012 0.   ]
 [0.003 0.    0.924 0.002 0.011 0.016 0.021 0.006 0.017 0.   ]
 [0.    0.008 0.837 0.011 0.002 0.111 0.008 0.016 0.006 0.001]
 [0.001 0.    0.901 0.008 0.008 0.025 0.051 0.001 0.005 0.   ]
 [0.011 0.001 0.908 0.003 0.005 0.029 0.001 0.027 0.013 0.002]
 [0.016 0.026 0.209 0.001 0.002 0.003 0.    0.    0.725 0.018]
 [0.008 0.192 0.38  0.001 0.004 0.001 0.001 0.002 0.251 0.16 ]]
[2025-06-05 00:36:10,384 INFO] 8700 iteration, USE_EMA: True, {'train/sup_loss': tensor(0.0010, device='cuda:0'), 'train/unsup_loss': tensor(0.1669, device='cuda:0'), 'train/total_loss': tensor(0.1679, device='cuda:0'), 'train/mask_ratio': tensor(0.4896, device='cuda:0'), 'lr': 0.02479468998888986, 'train/prefecth_time': 0.17294131469726562, 'train/run_time': 0.24593919372558593, 'eval/loss': tensor(4.6873, device='cuda:0'), 'eval/top-1-acc': 0.2252, 'eval/top-5-acc': 0.8177, 'eval/precision': 0.37905303543471025, 'eval/recall': 0.2252, 'eval/F1': 0.17416594008488237, 'eval/AUC': 0.7278404055555555}, BEST_EVAL_ACC: 0.2511, at 1500 iters
[2025-06-05 00:36:56,812 INFO] confusion matrix:
[[0.085 0.01  0.466 0.002 0.001 0.003 0.002 0.001 0.427 0.003]
 [0.005 0.166 0.29  0.    0.007 0.    0.    0.    0.28  0.252]
 [0.008 0.003 0.895 0.    0.001 0.021 0.033 0.003 0.034 0.002]
 [0.003 0.007 0.866 0.021 0.003 0.065 0.015 0.009 0.011 0.   ]
 [0.003 0.    0.925 0.002 0.01  0.016 0.021 0.006 0.017 0.   ]
 [0.    0.007 0.842 0.01  0.002 0.109 0.008 0.015 0.006 0.001]
 [0.001 0.    0.908 0.007 0.007 0.02  0.051 0.001 0.005 0.   ]
 [0.01  0.001 0.911 0.003 0.004 0.027 0.001 0.028 0.013 0.002]
 [0.015 0.027 0.212 0.001 0.002 0.003 0.    0.    0.722 0.018]
 [0.007 0.191 0.383 0.001 0.003 0.001 0.001 0.002 0.25  0.161]]
[2025-06-05 00:36:56,818 INFO] 8800 iteration, USE_EMA: True, {'train/sup_loss': tensor(0.0022, device='cuda:0'), 'train/unsup_loss': tensor(0.2695, device='cuda:0'), 'train/total_loss': tensor(0.2718, device='cuda:0'), 'train/mask_ratio': tensor(0.3958, device='cuda:0'), 'lr': 0.024678043295337182, 'train/prefecth_time': 0.186998779296875, 'train/run_time': 0.24621165466308595, 'eval/loss': tensor(4.7439, device='cuda:0'), 'eval/top-1-acc': 0.2248, 'eval/top-5-acc': 0.8185, 'eval/precision': 0.3858042439379514, 'eval/recall': 0.22479999999999997, 'eval/F1': 0.1737546063051654, 'eval/AUC': 0.7268185333333333}, BEST_EVAL_ACC: 0.2511, at 1500 iters
[2025-06-05 00:37:42,722 INFO] confusion matrix:
[[0.094 0.011 0.453 0.002 0.    0.003 0.002 0.001 0.431 0.003]
 [0.005 0.172 0.282 0.    0.007 0.    0.    0.    0.278 0.256]
 [0.01  0.003 0.896 0.    0.001 0.02  0.03  0.003 0.035 0.002]
 [0.003 0.007 0.868 0.021 0.003 0.065 0.013 0.009 0.011 0.   ]
 [0.004 0.    0.929 0.003 0.008 0.016 0.017 0.006 0.017 0.   ]
 [0.    0.008 0.839 0.01  0.002 0.11  0.008 0.016 0.006 0.001]
 [0.001 0.    0.915 0.007 0.006 0.02  0.046 0.001 0.004 0.   ]
 [0.01  0.001 0.907 0.003 0.004 0.029 0.001 0.03  0.013 0.002]
 [0.016 0.028 0.209 0.001 0.002 0.003 0.    0.    0.724 0.017]
 [0.007 0.202 0.377 0.001 0.003 0.001 0.001 0.002 0.247 0.159]]
[2025-06-05 00:37:42,729 INFO] 8900 iteration, USE_EMA: True, {'train/sup_loss': tensor(0.0016, device='cuda:0'), 'train/unsup_loss': tensor(0.1565, device='cuda:0'), 'train/total_loss': tensor(0.1581, device='cuda:0'), 'train/mask_ratio': tensor(0.3073, device='cuda:0'), 'lr': 0.024560231121633996, 'train/prefecth_time': 0.18096435546875, 'train/run_time': 0.24589181518554687, 'eval/loss': tensor(4.7590, device='cuda:0'), 'eval/top-1-acc': 0.226, 'eval/top-5-acc': 0.8187, 'eval/precision': 0.3833090905842967, 'eval/recall': 0.22599999999999998, 'eval/F1': 0.1749148484379459, 'eval/AUC': 0.7266299277777778}, BEST_EVAL_ACC: 0.2511, at 1500 iters
[2025-06-05 00:38:28,462 INFO] confusion matrix:
[[0.089 0.013 0.449 0.002 0.    0.002 0.002 0.001 0.439 0.003]
 [0.004 0.171 0.272 0.    0.008 0.    0.    0.    0.282 0.263]
 [0.009 0.003 0.9   0.    0.001 0.017 0.03  0.002 0.036 0.002]
 [0.003 0.007 0.879 0.02  0.002 0.058 0.011 0.007 0.013 0.   ]
 [0.004 0.    0.933 0.002 0.008 0.013 0.017 0.005 0.018 0.   ]
 [0.    0.008 0.858 0.009 0.001 0.095 0.008 0.014 0.006 0.001]
 [0.001 0.    0.917 0.007 0.005 0.02  0.044 0.    0.006 0.   ]
 [0.009 0.001 0.918 0.002 0.004 0.023 0.001 0.029 0.012 0.001]
 [0.015 0.029 0.203 0.001 0.002 0.003 0.    0.    0.73  0.017]
 [0.007 0.202 0.374 0.001 0.003 0.001 0.001 0.002 0.248 0.161]]
[2025-06-05 00:38:28,471 INFO] 9000 iteration, USE_EMA: True, {'train/sup_loss': tensor(0.0012, device='cuda:0'), 'train/unsup_loss': tensor(0.1349, device='cuda:0'), 'train/total_loss': tensor(0.1361, device='cuda:0'), 'train/mask_ratio': tensor(0.3125, device='cuda:0'), 'lr': 0.024441259031744527, 'train/prefecth_time': 0.16938485717773438, 'train/run_time': 0.24583680725097656, 'eval/loss': tensor(4.8414, device='cuda:0'), 'eval/top-1-acc': 0.2247, 'eval/top-5-acc': 0.8194, 'eval/precision': 0.38952999339285865, 'eval/recall': 0.22470000000000004, 'eval/F1': 0.17155660410930978, 'eval/AUC': 0.7249642}, BEST_EVAL_ACC: 0.2511, at 1500 iters
[2025-06-05 00:39:14,001 INFO] confusion matrix:
[[0.089 0.012 0.445 0.002 0.    0.003 0.002 0.001 0.443 0.003]
 [0.003 0.171 0.269 0.    0.008 0.    0.    0.    0.293 0.256]
 [0.009 0.003 0.905 0.    0.001 0.017 0.025 0.001 0.037 0.002]
 [0.003 0.007 0.883 0.019 0.001 0.059 0.007 0.007 0.014 0.   ]
 [0.004 0.    0.935 0.002 0.007 0.014 0.016 0.004 0.018 0.   ]
 [0.    0.008 0.867 0.01  0.001 0.089 0.006 0.013 0.005 0.001]
 [0.    0.    0.924 0.006 0.004 0.018 0.042 0.    0.006 0.   ]
 [0.009 0.001 0.918 0.002 0.004 0.023 0.001 0.028 0.014 0.   ]
 [0.017 0.029 0.198 0.001 0.002 0.002 0.    0.    0.736 0.015]
 [0.007 0.206 0.361 0.001 0.003 0.001 0.001 0.002 0.261 0.157]]
[2025-06-05 00:39:14,007 INFO] 9100 iteration, USE_EMA: True, {'train/sup_loss': tensor(0.0012, device='cuda:0'), 'train/unsup_loss': tensor(0.1608, device='cuda:0'), 'train/total_loss': tensor(0.1620, device='cuda:0'), 'train/mask_ratio': tensor(0.3281, device='cuda:0'), 'lr': 0.02432113264441283, 'train/prefecth_time': 0.18402304077148438, 'train/run_time': 0.2469373779296875, 'eval/loss': tensor(4.9060, device='cuda:0'), 'eval/top-1-acc': 0.2243, 'eval/top-5-acc': 0.819, 'eval/precision': 0.39035534961465956, 'eval/recall': 0.22430000000000003, 'eval/F1': 0.16931669173553207, 'eval/AUC': 0.7234528166666667}, BEST_EVAL_ACC: 0.2511, at 1500 iters
[2025-06-05 00:40:00,206 INFO] confusion matrix:
[[0.09  0.013 0.432 0.002 0.    0.003 0.002 0.001 0.454 0.003]
 [0.003 0.172 0.257 0.    0.008 0.    0.    0.    0.307 0.253]
 [0.009 0.003 0.902 0.    0.001 0.018 0.025 0.001 0.04  0.001]
 [0.003 0.007 0.887 0.018 0.001 0.055 0.009 0.005 0.015 0.   ]
 [0.004 0.    0.934 0.002 0.007 0.014 0.016 0.004 0.019 0.   ]
 [0.    0.008 0.865 0.01  0.001 0.091 0.006 0.012 0.006 0.001]
 [0.001 0.    0.919 0.006 0.004 0.019 0.044 0.    0.007 0.   ]
 [0.009 0.001 0.918 0.002 0.004 0.024 0.001 0.027 0.014 0.   ]
 [0.015 0.028 0.192 0.001 0.002 0.002 0.    0.    0.743 0.017]
 [0.006 0.21  0.35  0.001 0.003 0.001 0.001 0.002 0.274 0.152]]
[2025-06-05 00:40:00,211 INFO] 9200 iteration, USE_EMA: True, {'train/sup_loss': tensor(0.0006, device='cuda:0'), 'train/unsup_loss': tensor(0.1348, device='cuda:0'), 'train/total_loss': tensor(0.1354, device='cuda:0'), 'train/mask_ratio': tensor(0.3438, device='cuda:0'), 'lr': 0.02419985763289746, 'train/prefecth_time': 0.17445989990234376, 'train/run_time': 0.24606105041503906, 'eval/loss': tensor(4.9410, device='cuda:0'), 'eval/top-1-acc': 0.2246, 'eval/top-5-acc': 0.8181, 'eval/precision': 0.39164758653819126, 'eval/recall': 0.2246, 'eval/F1': 0.16887684545050233, 'eval/AUC': 0.7230852}, BEST_EVAL_ACC: 0.2511, at 1500 iters
[2025-06-05 00:40:46,196 INFO] confusion matrix:
[[0.086 0.013 0.439 0.002 0.    0.003 0.002 0.001 0.451 0.003]
 [0.003 0.169 0.25  0.    0.007 0.    0.    0.    0.319 0.252]
 [0.007 0.003 0.903 0.    0.001 0.019 0.025 0.001 0.039 0.002]
 [0.002 0.007 0.879 0.018 0.002 0.064 0.01  0.004 0.014 0.   ]
 [0.003 0.    0.935 0.002 0.005 0.016 0.014 0.004 0.02  0.001]
 [0.    0.009 0.851 0.011 0.001 0.104 0.005 0.012 0.006 0.001]
 [0.    0.    0.918 0.007 0.004 0.021 0.043 0.    0.007 0.   ]
 [0.008 0.001 0.914 0.003 0.004 0.025 0.001 0.029 0.015 0.   ]
 [0.013 0.028 0.193 0.001 0.002 0.002 0.    0.    0.746 0.015]
 [0.003 0.211 0.339 0.001 0.003 0.    0.001 0.003 0.287 0.152]]
[2025-06-05 00:40:46,201 INFO] 9300 iteration, USE_EMA: True, {'train/sup_loss': tensor(0.0010, device='cuda:0'), 'train/unsup_loss': tensor(0.1283, device='cuda:0'), 'train/total_loss': tensor(0.1293, device='cuda:0'), 'train/mask_ratio': tensor(0.4115, device='cuda:0'), 'lr': 0.024077439724703498, 'train/prefecth_time': 0.17063148498535155, 'train/run_time': 0.2465996856689453, 'eval/loss': tensor(4.9626, device='cuda:0'), 'eval/top-1-acc': 0.2255, 'eval/top-5-acc': 0.8195, 'eval/precision': 0.3900860644359366, 'eval/recall': 0.22550000000000003, 'eval/F1': 0.1694559256388799, 'eval/AUC': 0.7228915833333334}, BEST_EVAL_ACC: 0.2511, at 1500 iters
[2025-06-05 00:41:32,764 INFO] confusion matrix:
[[0.082 0.014 0.45  0.001 0.    0.003 0.002 0.001 0.444 0.003]
 [0.003 0.168 0.251 0.    0.007 0.    0.    0.    0.307 0.264]
 [0.006 0.003 0.905 0.    0.001 0.019 0.024 0.001 0.039 0.002]
 [0.002 0.007 0.884 0.018 0.002 0.06  0.009 0.005 0.013 0.   ]
 [0.003 0.    0.94  0.002 0.003 0.016 0.012 0.004 0.02  0.   ]
 [0.    0.009 0.859 0.011 0.001 0.097 0.004 0.012 0.006 0.001]
 [0.    0.    0.919 0.008 0.004 0.019 0.043 0.    0.007 0.   ]
 [0.006 0.001 0.922 0.003 0.004 0.023 0.001 0.027 0.013 0.   ]
 [0.011 0.029 0.195 0.001 0.002 0.002 0.    0.    0.744 0.016]
 [0.003 0.216 0.336 0.001 0.003 0.    0.001 0.003 0.281 0.156]]
[2025-06-05 00:41:32,770 INFO] 9400 iteration, USE_EMA: True, {'train/sup_loss': tensor(0.0008, device='cuda:0'), 'train/unsup_loss': tensor(0.2217, device='cuda:0'), 'train/total_loss': tensor(0.2225, device='cuda:0'), 'train/mask_ratio': tensor(0.2865, device='cuda:0'), 'lr': 0.0239538847013121, 'train/prefecth_time': 0.20381111145019531, 'train/run_time': 0.24611433410644531, 'eval/loss': tensor(5.0103, device='cuda:0'), 'eval/top-1-acc': 0.2243, 'eval/top-5-acc': 0.819, 'eval/precision': 0.384287336025419, 'eval/recall': 0.2243, 'eval/F1': 0.16761501213867197, 'eval/AUC': 0.7217709999999999}, BEST_EVAL_ACC: 0.2511, at 1500 iters
[2025-06-05 00:42:18,881 INFO] confusion matrix:
[[0.094 0.014 0.443 0.001 0.    0.003 0.002 0.    0.439 0.004]
 [0.003 0.169 0.25  0.    0.007 0.    0.    0.    0.287 0.284]
 [0.009 0.003 0.903 0.    0.    0.019 0.022 0.001 0.041 0.002]
 [0.003 0.008 0.888 0.017 0.002 0.06  0.008 0.002 0.012 0.   ]
 [0.004 0.    0.94  0.001 0.004 0.016 0.011 0.004 0.02  0.   ]
 [0.    0.009 0.864 0.011 0.001 0.1   0.003 0.007 0.005 0.   ]
 [0.    0.    0.921 0.006 0.004 0.02  0.042 0.    0.007 0.   ]
 [0.008 0.001 0.923 0.002 0.004 0.023 0.001 0.024 0.014 0.   ]
 [0.017 0.03  0.188 0.002 0.002 0.002 0.    0.    0.743 0.016]
 [0.005 0.22  0.336 0.001 0.003 0.    0.001 0.002 0.267 0.165]]
[2025-06-05 00:42:18,887 INFO] 9500 iteration, USE_EMA: True, {'train/sup_loss': tensor(0.0017, device='cuda:0'), 'train/unsup_loss': tensor(0.2722, device='cuda:0'), 'train/total_loss': tensor(0.2739, device='cuda:0'), 'train/mask_ratio': tensor(0.3646, device='cuda:0'), 'lr': 0.02382919839790743, 'train/prefecth_time': 0.20411801147460937, 'train/run_time': 0.2468423614501953, 'eval/loss': tensor(5.0369, device='cuda:0'), 'eval/top-1-acc': 0.2261, 'eval/top-5-acc': 0.8186, 'eval/precision': 0.3961451119076894, 'eval/recall': 0.22610000000000002, 'eval/F1': 0.17059041672443015, 'eval/AUC': 0.720852527777778}, BEST_EVAL_ACC: 0.2511, at 1500 iters
[2025-06-05 00:43:04,622 INFO] confusion matrix:
[[0.091 0.014 0.434 0.002 0.    0.003 0.002 0.    0.45  0.004]
 [0.003 0.166 0.243 0.    0.007 0.    0.    0.    0.281 0.3  ]
 [0.009 0.003 0.901 0.    0.    0.021 0.022 0.001 0.041 0.002]
 [0.002 0.008 0.887 0.018 0.002 0.06  0.008 0.003 0.012 0.   ]
 [0.005 0.    0.94  0.001 0.002 0.017 0.01  0.003 0.022 0.   ]
 [0.    0.009 0.853 0.009 0.001 0.112 0.003 0.007 0.006 0.   ]
 [0.    0.    0.927 0.006 0.003 0.019 0.039 0.    0.006 0.   ]
 [0.007 0.001 0.925 0.003 0.003 0.024 0.001 0.022 0.014 0.   ]
 [0.013 0.029 0.183 0.003 0.002 0.002 0.    0.    0.753 0.015]
 [0.005 0.22  0.331 0.001 0.003 0.    0.001 0.002 0.261 0.176]]
[2025-06-05 00:43:04,627 INFO] 9600 iteration, USE_EMA: True, {'train/sup_loss': tensor(0.0024, device='cuda:0'), 'train/unsup_loss': tensor(0.2077, device='cuda:0'), 'train/total_loss': tensor(0.2101, device='cuda:0'), 'train/mask_ratio': tensor(0.3177, device='cuda:0'), 'lr': 0.023703386703101053, 'train/prefecth_time': 0.1957978515625, 'train/run_time': 0.24586444091796875, 'eval/loss': tensor(5.0549, device='cuda:0'), 'eval/top-1-acc': 0.228, 'eval/top-5-acc': 0.8195, 'eval/precision': 0.39131226758186893, 'eval/recall': 0.22800000000000004, 'eval/F1': 0.17206762019843205, 'eval/AUC': 0.7203346611111112}, BEST_EVAL_ACC: 0.2511, at 1500 iters
[2025-06-05 00:43:50,739 INFO] confusion matrix:
[[0.085 0.012 0.426 0.002 0.    0.003 0.002 0.    0.466 0.004]
 [0.003 0.156 0.247 0.    0.005 0.    0.    0.    0.286 0.303]
 [0.008 0.003 0.907 0.    0.    0.02  0.016 0.001 0.043 0.002]
 [0.002 0.007 0.897 0.016 0.001 0.054 0.007 0.003 0.013 0.   ]
 [0.005 0.    0.942 0.    0.002 0.015 0.01  0.003 0.023 0.   ]
 [0.    0.009 0.857 0.009 0.001 0.106 0.003 0.008 0.007 0.   ]
 [0.    0.    0.929 0.007 0.003 0.017 0.036 0.    0.008 0.   ]
 [0.006 0.001 0.92  0.004 0.003 0.024 0.001 0.024 0.016 0.001]
 [0.011 0.026 0.174 0.003 0.002 0.003 0.    0.    0.766 0.015]
 [0.004 0.204 0.333 0.001 0.003 0.    0.001 0.003 0.268 0.183]]
[2025-06-05 00:43:50,745 INFO] 9700 iteration, USE_EMA: True, {'train/sup_loss': tensor(0.0030, device='cuda:0'), 'train/unsup_loss': tensor(0.1110, device='cuda:0'), 'train/total_loss': tensor(0.1140, device='cuda:0'), 'train/mask_ratio': tensor(0.3490, device='cuda:0'), 'lr': 0.023576455558653897, 'train/prefecth_time': 0.18254518127441408, 'train/run_time': 0.24620442199707032, 'eval/loss': tensor(5.1119, device='cuda:0'), 'eval/top-1-acc': 0.2281, 'eval/top-5-acc': 0.8172, 'eval/precision': 0.39237771217401435, 'eval/recall': 0.22809999999999997, 'eval/F1': 0.16989722238474422, 'eval/AUC': 0.7192861277777779}, BEST_EVAL_ACC: 0.2511, at 1500 iters
[2025-06-05 00:44:37,118 INFO] confusion matrix:
[[0.084 0.011 0.418 0.003 0.    0.003 0.002 0.001 0.473 0.005]
 [0.003 0.145 0.234 0.    0.005 0.    0.    0.    0.289 0.324]
 [0.008 0.003 0.905 0.    0.    0.021 0.017 0.001 0.044 0.001]
 [0.002 0.007 0.89  0.017 0.001 0.058 0.007 0.003 0.015 0.   ]
 [0.004 0.    0.942 0.001 0.003 0.014 0.01  0.003 0.023 0.   ]
 [0.    0.009 0.854 0.01  0.001 0.106 0.003 0.008 0.008 0.001]
 [0.    0.    0.931 0.007 0.002 0.018 0.034 0.    0.008 0.   ]
 [0.005 0.001 0.914 0.004 0.003 0.025 0.001 0.026 0.02  0.001]
 [0.01  0.025 0.161 0.003 0.002 0.003 0.    0.    0.778 0.018]
 [0.003 0.19  0.321 0.001 0.003 0.    0.    0.002 0.275 0.205]]
[2025-06-05 00:44:37,128 INFO] 9800 iteration, USE_EMA: True, {'train/sup_loss': tensor(0.0027, device='cuda:0'), 'train/unsup_loss': tensor(0.1047, device='cuda:0'), 'train/total_loss': tensor(0.1075, device='cuda:0'), 'train/mask_ratio': tensor(0.3750, device='cuda:0'), 'lr': 0.023448410959195577, 'train/prefecth_time': 0.18524876403808593, 'train/run_time': 0.24652595520019532, 'eval/loss': tensor(5.1320, device='cuda:0'), 'eval/top-1-acc': 0.2303, 'eval/top-5-acc': 0.8161, 'eval/precision': 0.39836793578127416, 'eval/recall': 0.2303, 'eval/F1': 0.17132813657338913, 'eval/AUC': 0.7201044999999999}, BEST_EVAL_ACC: 0.2511, at 1500 iters
[2025-06-05 00:45:23,413 INFO] confusion matrix:
[[0.091 0.01  0.411 0.003 0.    0.003 0.002 0.001 0.472 0.007]
 [0.003 0.138 0.229 0.    0.005 0.    0.    0.    0.299 0.326]
 [0.008 0.003 0.905 0.    0.    0.023 0.014 0.001 0.045 0.001]
 [0.003 0.006 0.88  0.02  0.001 0.063 0.006 0.002 0.016 0.003]
 [0.005 0.    0.941 0.001 0.002 0.015 0.01  0.003 0.023 0.   ]
 [0.    0.007 0.85  0.011 0.001 0.111 0.003 0.008 0.008 0.001]
 [0.    0.    0.931 0.008 0.002 0.019 0.032 0.    0.008 0.   ]
 [0.005 0.001 0.912 0.004 0.003 0.025 0.001 0.027 0.021 0.001]
 [0.011 0.022 0.152 0.003 0.002 0.004 0.    0.    0.788 0.018]
 [0.003 0.179 0.314 0.001 0.003 0.    0.    0.001 0.285 0.214]]
[2025-06-05 00:45:23,418 INFO] 9900 iteration, USE_EMA: True, {'train/sup_loss': tensor(0.0014, device='cuda:0'), 'train/unsup_loss': tensor(0.1311, device='cuda:0'), 'train/total_loss': tensor(0.1325, device='cuda:0'), 'train/mask_ratio': tensor(0.4219, device='cuda:0'), 'lr': 0.02331925895194131, 'train/prefecth_time': 0.18524688720703125, 'train/run_time': 0.24545475769042968, 'eval/loss': tensor(5.1278, device='cuda:0'), 'eval/top-1-acc': 0.2328, 'eval/top-5-acc': 0.8142, 'eval/precision': 0.40149402170611764, 'eval/recall': 0.23279999999999998, 'eval/F1': 0.1737213658558602, 'eval/AUC': 0.7212251666666668}, BEST_EVAL_ACC: 0.2511, at 1500 iters
[2025-06-05 00:46:06,176 INFO] model saved: ./saved_models\fixmatch_cifar10_40_0\latest_model.pth
[2025-06-05 00:46:09,308 INFO] confusion matrix:
[[0.094 0.011 0.412 0.003 0.    0.003 0.002 0.001 0.467 0.007]
 [0.002 0.14  0.227 0.    0.005 0.    0.    0.    0.306 0.32 ]
 [0.008 0.003 0.904 0.001 0.    0.022 0.014 0.001 0.046 0.001]
 [0.002 0.006 0.886 0.02  0.001 0.061 0.005 0.002 0.015 0.002]
 [0.005 0.    0.941 0.001 0.002 0.015 0.01  0.003 0.023 0.   ]
 [0.    0.01  0.854 0.012 0.001 0.103 0.003 0.008 0.008 0.001]
 [0.    0.    0.933 0.008 0.002 0.019 0.03  0.    0.008 0.   ]
 [0.004 0.001 0.917 0.004 0.003 0.023 0.001 0.027 0.019 0.001]
 [0.012 0.024 0.163 0.003 0.001 0.002 0.    0.    0.778 0.017]
 [0.003 0.183 0.315 0.001 0.003 0.    0.    0.001 0.281 0.213]]
[2025-06-05 00:46:09,314 INFO] 10000 iteration, USE_EMA: True, {'train/sup_loss': tensor(0.0156, device='cuda:0'), 'train/unsup_loss': tensor(0.3031, device='cuda:0'), 'train/total_loss': tensor(0.3187, device='cuda:0'), 'train/mask_ratio': tensor(0.6354, device='cuda:0'), 'lr': 0.023189005636406333, 'train/prefecth_time': 0.19583590698242187, 'train/run_time': 0.24606617736816405, 'eval/loss': tensor(5.1550, device='cuda:0'), 'eval/top-1-acc': 0.2311, 'eval/top-5-acc': 0.8147, 'eval/precision': 0.40024314723536814, 'eval/recall': 0.2311, 'eval/F1': 0.17240694937953463, 'eval/AUC': 0.7211181055555554}, BEST_EVAL_ACC: 0.2511, at 1500 iters
[2025-06-05 00:46:55,063 INFO] confusion matrix:
[[0.114 0.011 0.386 0.003 0.    0.004 0.002 0.001 0.472 0.007]
 [0.004 0.146 0.218 0.    0.006 0.    0.    0.    0.301 0.325]
 [0.013 0.003 0.89  0.    0.    0.023 0.021 0.002 0.047 0.001]
 [0.004 0.006 0.865 0.023 0.001 0.072 0.011 0.002 0.014 0.002]
 [0.006 0.    0.936 0.001 0.003 0.017 0.01  0.004 0.023 0.   ]
 [0.    0.011 0.832 0.012 0.001 0.123 0.003 0.008 0.009 0.001]
 [0.    0.    0.92  0.009 0.002 0.023 0.038 0.    0.008 0.   ]
 [0.008 0.001 0.907 0.004 0.003 0.028 0.001 0.03  0.017 0.001]
 [0.016 0.023 0.157 0.003 0.    0.003 0.    0.    0.78  0.018]
 [0.003 0.189 0.306 0.001 0.003 0.    0.    0.001 0.278 0.219]]
[2025-06-05 00:46:55,069 INFO] 10100 iteration, USE_EMA: True, {'train/sup_loss': tensor(0.0050, device='cuda:0'), 'train/unsup_loss': tensor(0.1863, device='cuda:0'), 'train/total_loss': tensor(0.1913, device='cuda:0'), 'train/mask_ratio': tensor(0.6198, device='cuda:0'), 'lr': 0.023057657164117805, 'train/prefecth_time': 0.18922172546386717, 'train/run_time': 0.24583155822753905, 'eval/loss': tensor(4.9461, device='cuda:0'), 'eval/top-1-acc': 0.2366, 'eval/top-5-acc': 0.8167, 'eval/precision': 0.4028627540757734, 'eval/recall': 0.2366, 'eval/F1': 0.1819468877768821, 'eval/AUC': 0.7260640555555555}, BEST_EVAL_ACC: 0.2511, at 1500 iters
[2025-06-05 00:47:41,252 INFO] confusion matrix:
[[0.135 0.012 0.362 0.005 0.    0.003 0.002 0.001 0.474 0.006]
 [0.004 0.147 0.207 0.    0.006 0.    0.    0.    0.298 0.338]
 [0.016 0.003 0.878 0.    0.    0.025 0.025 0.002 0.05  0.001]
 [0.005 0.006 0.862 0.022 0.001 0.072 0.013 0.002 0.015 0.002]
 [0.008 0.    0.931 0.001 0.003 0.016 0.014 0.004 0.023 0.   ]
 [0.    0.011 0.838 0.013 0.001 0.113 0.004 0.009 0.01  0.001]
 [0.001 0.    0.909 0.009 0.004 0.021 0.048 0.    0.008 0.   ]
 [0.009 0.001 0.902 0.005 0.004 0.025 0.001 0.033 0.019 0.001]
 [0.018 0.023 0.145 0.004 0.001 0.003 0.    0.    0.788 0.018]
 [0.003 0.193 0.291 0.001 0.003 0.    0.001 0.001 0.282 0.225]]
[2025-06-05 00:47:41,258 INFO] 10200 iteration, USE_EMA: True, {'train/sup_loss': tensor(0.0093, device='cuda:0'), 'train/unsup_loss': tensor(0.1027, device='cuda:0'), 'train/total_loss': tensor(0.1120, device='cuda:0'), 'train/mask_ratio': tensor(0.3490, device='cuda:0'), 'lr': 0.02292521973832432, 'train/prefecth_time': 0.1961922607421875, 'train/run_time': 0.24529183959960937, 'eval/loss': tensor(4.9123, device='cuda:0'), 'eval/top-1-acc': 0.2392, 'eval/top-5-acc': 0.814, 'eval/precision': 0.39517320423972646, 'eval/recall': 0.2392, 'eval/F1': 0.1862949516053946, 'eval/AUC': 0.7255434222222222}, BEST_EVAL_ACC: 0.2511, at 1500 iters
[2025-06-05 00:48:27,438 INFO] confusion matrix:
[[0.136 0.012 0.359 0.005 0.    0.003 0.002 0.001 0.477 0.005]
 [0.004 0.148 0.203 0.    0.006 0.    0.    0.    0.309 0.33 ]
 [0.015 0.003 0.876 0.001 0.    0.025 0.024 0.002 0.053 0.001]
 [0.005 0.007 0.863 0.025 0.001 0.068 0.013 0.002 0.015 0.001]
 [0.008 0.    0.929 0.001 0.003 0.018 0.014 0.004 0.023 0.   ]
 [0.    0.011 0.848 0.014 0.001 0.108 0.003 0.006 0.009 0.   ]
 [0.001 0.    0.912 0.009 0.004 0.019 0.046 0.    0.009 0.   ]
 [0.011 0.001 0.903 0.006 0.005 0.024 0.001 0.029 0.019 0.001]
 [0.019 0.023 0.139 0.004 0.001 0.004 0.    0.    0.792 0.018]
 [0.003 0.197 0.287 0.001 0.003 0.001 0.001 0.001 0.286 0.22 ]]
[2025-06-05 00:48:27,443 INFO] 10300 iteration, USE_EMA: True, {'train/sup_loss': tensor(0.0008, device='cuda:0'), 'train/unsup_loss': tensor(0.1639, device='cuda:0'), 'train/total_loss': tensor(0.1647, device='cuda:0'), 'train/mask_ratio': tensor(0.4167, device='cuda:0'), 'lr': 0.02279169961370292, 'train/prefecth_time': 0.17822341918945311, 'train/run_time': 0.2451445770263672, 'eval/loss': tensor(4.9344, device='cuda:0'), 'eval/top-1-acc': 0.2383, 'eval/top-5-acc': 0.8131, 'eval/precision': 0.3950130882131938, 'eval/recall': 0.23830000000000004, 'eval/F1': 0.18470711810176807, 'eval/AUC': 0.7242046888888889}, BEST_EVAL_ACC: 0.2511, at 1500 iters
[2025-06-05 00:49:13,720 INFO] confusion matrix:
[[0.131 0.012 0.356 0.005 0.    0.003 0.002 0.001 0.486 0.004]
 [0.004 0.153 0.199 0.    0.007 0.    0.    0.    0.317 0.32 ]
 [0.015 0.003 0.889 0.    0.    0.019 0.019 0.002 0.052 0.001]
 [0.006 0.007 0.868 0.026 0.001 0.061 0.013 0.001 0.016 0.001]
 [0.007 0.    0.934 0.001 0.003 0.015 0.013 0.003 0.024 0.   ]
 [0.    0.012 0.862 0.013 0.001 0.095 0.003 0.005 0.009 0.   ]
 [0.001 0.    0.912 0.009 0.004 0.018 0.047 0.    0.009 0.   ]
 [0.013 0.001 0.902 0.006 0.005 0.022 0.001 0.03  0.019 0.001]
 [0.019 0.023 0.134 0.004 0.001 0.002 0.    0.    0.799 0.018]
 [0.002 0.202 0.28  0.001 0.003 0.001 0.001 0.002 0.291 0.217]]
[2025-06-05 00:49:13,730 INFO] 10400 iteration, USE_EMA: True, {'train/sup_loss': tensor(0.0004, device='cuda:0'), 'train/unsup_loss': tensor(0.1289, device='cuda:0'), 'train/total_loss': tensor(0.1293, device='cuda:0'), 'train/mask_ratio': tensor(0.3490, device='cuda:0'), 'lr': 0.022657103096063724, 'train/prefecth_time': 0.184700927734375, 'train/run_time': 0.24603955078125, 'eval/loss': tensor(4.9872, device='cuda:0'), 'eval/top-1-acc': 0.239, 'eval/top-5-acc': 0.8132, 'eval/precision': 0.40327678929158883, 'eval/recall': 0.23900000000000002, 'eval/F1': 0.18356677435961313, 'eval/AUC': 0.7235791944444445}, BEST_EVAL_ACC: 0.2511, at 1500 iters
[2025-06-05 00:49:59,815 INFO] confusion matrix:
[[0.134 0.015 0.348 0.004 0.    0.003 0.002 0.001 0.49  0.003]
 [0.004 0.156 0.186 0.    0.007 0.    0.    0.    0.329 0.318]
 [0.015 0.003 0.892 0.    0.    0.017 0.019 0.002 0.051 0.001]
 [0.005 0.007 0.872 0.028 0.001 0.055 0.013 0.001 0.017 0.001]
 [0.007 0.    0.934 0.001 0.003 0.015 0.013 0.002 0.025 0.   ]
 [0.    0.012 0.872 0.013 0.001 0.084 0.003 0.005 0.01  0.   ]
 [0.    0.    0.909 0.01  0.004 0.017 0.05  0.    0.01  0.   ]
 [0.012 0.001 0.903 0.007 0.005 0.019 0.001 0.033 0.018 0.001]
 [0.015 0.024 0.132 0.004 0.001 0.002 0.    0.    0.805 0.017]
 [0.002 0.212 0.266 0.001 0.003 0.001 0.001 0.001 0.297 0.216]]
[2025-06-05 00:49:59,821 INFO] 10500 iteration, USE_EMA: True, {'train/sup_loss': tensor(0.0016, device='cuda:0'), 'train/unsup_loss': tensor(0.1430, device='cuda:0'), 'train/total_loss': tensor(0.1446, device='cuda:0'), 'train/mask_ratio': tensor(0.3698, device='cuda:0'), 'lr': 0.022521436542052093, 'train/prefecth_time': 0.16218521118164062, 'train/run_time': 0.24740631103515626, 'eval/loss': tensor(5.0335, device='cuda:0'), 'eval/top-1-acc': 0.2401, 'eval/top-5-acc': 0.8133, 'eval/precision': 0.4124537959178614, 'eval/recall': 0.24010000000000004, 'eval/F1': 0.1842222490345346, 'eval/AUC': 0.7244808388888889}, BEST_EVAL_ACC: 0.2511, at 1500 iters
[2025-06-05 00:50:45,766 INFO] confusion matrix:
[[0.139 0.015 0.34  0.004 0.    0.003 0.002 0.    0.494 0.003]
 [0.004 0.16  0.182 0.    0.006 0.    0.    0.    0.33  0.318]
 [0.016 0.003 0.893 0.    0.    0.017 0.017 0.002 0.051 0.001]
 [0.006 0.007 0.877 0.028 0.001 0.049 0.013 0.001 0.017 0.001]
 [0.007 0.    0.934 0.001 0.003 0.015 0.013 0.002 0.025 0.   ]
 [0.    0.012 0.875 0.013 0.001 0.081 0.003 0.005 0.01  0.   ]
 [0.    0.    0.915 0.011 0.003 0.015 0.046 0.    0.01  0.   ]
 [0.011 0.001 0.906 0.007 0.004 0.019 0.001 0.031 0.019 0.001]
 [0.015 0.024 0.127 0.004 0.001 0.003 0.    0.    0.809 0.017]
 [0.002 0.216 0.263 0.001 0.003 0.001 0.    0.001 0.295 0.218]]
[2025-06-05 00:50:45,771 INFO] 10600 iteration, USE_EMA: True, {'train/sup_loss': tensor(0.0018, device='cuda:0'), 'train/unsup_loss': tensor(0.1668, device='cuda:0'), 'train/total_loss': tensor(0.1685, device='cuda:0'), 'train/mask_ratio': tensor(0.3958, device='cuda:0'), 'lr': 0.022384706358848455, 'train/prefecth_time': 0.19307894897460937, 'train/run_time': 0.246223876953125, 'eval/loss': tensor(5.0811, device='cuda:0'), 'eval/top-1-acc': 0.2408, 'eval/top-5-acc': 0.8138, 'eval/precision': 0.4147955194314541, 'eval/recall': 0.24080000000000004, 'eval/F1': 0.1843317415012918, 'eval/AUC': 0.724163577777778}, BEST_EVAL_ACC: 0.2511, at 1500 iters
[2025-06-05 00:51:31,700 INFO] confusion matrix:
[[0.131 0.015 0.349 0.004 0.    0.002 0.002 0.001 0.493 0.003]
 [0.004 0.161 0.179 0.    0.006 0.    0.    0.    0.335 0.315]
 [0.016 0.003 0.897 0.    0.    0.013 0.016 0.003 0.051 0.001]
 [0.005 0.007 0.877 0.029 0.001 0.047 0.012 0.002 0.02  0.   ]
 [0.006 0.    0.938 0.001 0.003 0.014 0.011 0.003 0.024 0.   ]
 [0.001 0.012 0.879 0.012 0.001 0.077 0.003 0.005 0.01  0.   ]
 [0.    0.    0.916 0.012 0.003 0.015 0.044 0.    0.01  0.   ]
 [0.01  0.001 0.899 0.007 0.004 0.017 0.001 0.041 0.019 0.001]
 [0.014 0.025 0.123 0.004 0.001 0.003 0.    0.    0.814 0.016]
 [0.002 0.221 0.256 0.001 0.003 0.001 0.    0.001 0.3   0.215]]
[2025-06-05 00:51:31,707 INFO] 10700 iteration, USE_EMA: True, {'train/sup_loss': tensor(0.0041, device='cuda:0'), 'train/unsup_loss': tensor(0.3020, device='cuda:0'), 'train/total_loss': tensor(0.3061, device='cuda:0'), 'train/mask_ratio': tensor(0.3125, device='cuda:0'), 'lr': 0.02224691900386568, 'train/prefecth_time': 0.17014752197265626, 'train/run_time': 0.24539208984375, 'eval/loss': tensor(5.1064, device='cuda:0'), 'eval/top-1-acc': 0.2412, 'eval/top-5-acc': 0.8151, 'eval/precision': 0.41638886687293414, 'eval/recall': 0.2412, 'eval/F1': 0.1843063085922969, 'eval/AUC': 0.7254003444444443}, BEST_EVAL_ACC: 0.2511, at 1500 iters
[2025-06-05 00:52:17,878 INFO] confusion matrix:
[[0.133 0.015 0.351 0.004 0.    0.002 0.002 0.    0.49  0.003]
 [0.003 0.164 0.177 0.    0.006 0.    0.    0.    0.337 0.313]
 [0.014 0.003 0.901 0.    0.    0.01  0.015 0.003 0.052 0.002]
 [0.005 0.008 0.885 0.03  0.001 0.039 0.012 0.003 0.017 0.   ]
 [0.005 0.    0.936 0.001 0.003 0.014 0.011 0.004 0.026 0.   ]
 [0.001 0.013 0.888 0.012 0.001 0.067 0.003 0.005 0.01  0.   ]
 [0.    0.    0.919 0.012 0.002 0.014 0.042 0.    0.011 0.   ]
 [0.008 0.001 0.895 0.007 0.004 0.017 0.001 0.046 0.02  0.001]
 [0.014 0.025 0.125 0.004 0.001 0.002 0.    0.    0.812 0.017]
 [0.002 0.225 0.253 0.001 0.003 0.001 0.    0.001 0.293 0.221]]
[2025-06-05 00:52:17,885 INFO] 10800 iteration, USE_EMA: True, {'train/sup_loss': tensor(0.0010, device='cuda:0'), 'train/unsup_loss': tensor(0.1585, device='cuda:0'), 'train/total_loss': tensor(0.1595, device='cuda:0'), 'train/mask_ratio': tensor(0.3594, device='cuda:0'), 'lr': 0.022108080984444126, 'train/prefecth_time': 0.20881613159179688, 'train/run_time': 0.24595660400390626, 'eval/loss': tensor(5.1408, device='cuda:0'), 'eval/top-1-acc': 0.2419, 'eval/top-5-acc': 0.8179, 'eval/precision': 0.4211223166057853, 'eval/recall': 0.24190000000000006, 'eval/F1': 0.18499093942413775, 'eval/AUC': 0.7260888777777778}, BEST_EVAL_ACC: 0.2511, at 1500 iters
[2025-06-05 00:53:04,772 INFO] confusion matrix:
[[0.126 0.016 0.356 0.003 0.    0.001 0.002 0.    0.493 0.003]
 [0.003 0.163 0.178 0.    0.006 0.    0.    0.    0.337 0.313]
 [0.013 0.003 0.9   0.001 0.    0.011 0.016 0.003 0.051 0.002]
 [0.005 0.008 0.883 0.031 0.001 0.04  0.012 0.003 0.017 0.   ]
 [0.005 0.    0.936 0.001 0.003 0.014 0.011 0.004 0.026 0.   ]
 [0.001 0.013 0.889 0.012 0.001 0.065 0.004 0.005 0.01  0.   ]
 [0.    0.    0.916 0.012 0.002 0.014 0.046 0.    0.01  0.   ]
 [0.005 0.001 0.891 0.007 0.004 0.017 0.001 0.052 0.021 0.001]
 [0.011 0.026 0.122 0.004 0.    0.002 0.    0.    0.818 0.017]
 [0.002 0.222 0.247 0.001 0.003 0.001 0.    0.001 0.296 0.227]]
[2025-06-05 00:53:04,777 INFO] 10900 iteration, USE_EMA: True, {'train/sup_loss': tensor(0.0078, device='cuda:0'), 'train/unsup_loss': tensor(0.1486, device='cuda:0'), 'train/total_loss': tensor(0.1565, device='cuda:0'), 'train/mask_ratio': tensor(0.4844, device='cuda:0'), 'lr': 0.02196819885754433, 'train/prefecth_time': 0.18188697814941407, 'train/run_time': 0.24664883422851563, 'eval/loss': tensor(5.1437, device='cuda:0'), 'eval/top-1-acc': 0.2431, 'eval/top-5-acc': 0.8213, 'eval/precision': 0.4275768100127838, 'eval/recall': 0.2431, 'eval/F1': 0.1864429346667479, 'eval/AUC': 0.7278681222222223}, BEST_EVAL_ACC: 0.2511, at 1500 iters
[2025-06-05 00:53:51,970 INFO] confusion matrix:
[[0.125 0.015 0.355 0.003 0.    0.001 0.002 0.    0.496 0.003]
 [0.003 0.164 0.168 0.    0.005 0.    0.    0.    0.348 0.312]
 [0.013 0.002 0.899 0.001 0.    0.012 0.016 0.003 0.052 0.002]
 [0.004 0.008 0.884 0.03  0.001 0.04  0.012 0.003 0.018 0.   ]
 [0.005 0.    0.94  0.002 0.002 0.013 0.011 0.002 0.025 0.   ]
 [0.001 0.013 0.888 0.012 0.001 0.066 0.005 0.005 0.009 0.   ]
 [0.    0.    0.918 0.011 0.001 0.014 0.046 0.    0.01  0.   ]
 [0.005 0.001 0.88  0.006 0.004 0.016 0.001 0.065 0.021 0.001]
 [0.01  0.024 0.118 0.004 0.    0.002 0.    0.    0.824 0.018]
 [0.002 0.217 0.241 0.001 0.003 0.001 0.    0.001 0.3   0.234]]
[2025-06-05 00:53:51,976 INFO] 11000 iteration, USE_EMA: True, {'train/sup_loss': tensor(0.0015, device='cuda:0'), 'train/unsup_loss': tensor(0.1634, device='cuda:0'), 'train/total_loss': tensor(0.1649, device='cuda:0'), 'train/mask_ratio': tensor(0.3646, device='cuda:0'), 'lr': 0.021827279229437307, 'train/prefecth_time': 0.18894117736816407, 'train/run_time': 0.24547123718261718, 'eval/loss': tensor(5.1247, device='cuda:0'), 'eval/top-1-acc': 0.2455, 'eval/top-5-acc': 0.8225, 'eval/precision': 0.4322294024651936, 'eval/recall': 0.2455, 'eval/F1': 0.18949479781372397, 'eval/AUC': 0.7300347166666666}, BEST_EVAL_ACC: 0.2511, at 1500 iters
[2025-06-05 00:54:39,325 INFO] confusion matrix:
[[0.125 0.013 0.361 0.002 0.    0.001 0.002 0.    0.493 0.003]
 [0.003 0.162 0.166 0.    0.003 0.    0.    0.    0.341 0.325]
 [0.013 0.002 0.904 0.001 0.    0.01  0.014 0.003 0.051 0.002]
 [0.005 0.007 0.888 0.03  0.001 0.036 0.011 0.003 0.019 0.   ]
 [0.005 0.    0.943 0.001 0.002 0.013 0.01  0.002 0.024 0.   ]
 [0.001 0.011 0.891 0.012 0.001 0.064 0.006 0.005 0.009 0.   ]
 [0.    0.    0.924 0.012 0.001 0.014 0.04  0.    0.009 0.   ]
 [0.005 0.001 0.874 0.006 0.004 0.015 0.001 0.072 0.021 0.001]
 [0.011 0.021 0.12  0.003 0.    0.001 0.    0.    0.825 0.019]
 [0.002 0.208 0.235 0.001 0.003 0.001 0.    0.001 0.299 0.25 ]]
[2025-06-05 00:54:39,331 INFO] 11100 iteration, USE_EMA: True, {'train/sup_loss': tensor(0.0027, device='cuda:0'), 'train/unsup_loss': tensor(0.1511, device='cuda:0'), 'train/total_loss': tensor(0.1538, device='cuda:0'), 'train/mask_ratio': tensor(0.3229, device='cuda:0'), 'lr': 0.021685328755392582, 'train/prefecth_time': 0.21016780090332032, 'train/run_time': 0.24607302856445312, 'eval/loss': tensor(5.1504, device='cuda:0'), 'eval/top-1-acc': 0.2474, 'eval/top-5-acc': 0.8222, 'eval/precision': 0.43718536606854, 'eval/recall': 0.2474, 'eval/F1': 0.19121598944589566, 'eval/AUC': 0.7305050444444444}, BEST_EVAL_ACC: 0.2511, at 1500 iters
[2025-06-05 00:55:26,730 INFO] confusion matrix:
[[0.115 0.01  0.377 0.002 0.    0.001 0.002 0.001 0.488 0.004]
 [0.002 0.16  0.163 0.    0.003 0.    0.    0.    0.342 0.33 ]
 [0.012 0.002 0.902 0.002 0.    0.01  0.017 0.003 0.05  0.002]
 [0.005 0.007 0.885 0.03  0.    0.037 0.014 0.003 0.019 0.   ]
 [0.005 0.    0.939 0.001 0.002 0.014 0.01  0.002 0.027 0.   ]
 [0.001 0.011 0.889 0.013 0.001 0.066 0.006 0.005 0.008 0.   ]
 [0.    0.    0.909 0.014 0.001 0.014 0.053 0.    0.009 0.   ]
 [0.005 0.001 0.861 0.006 0.004 0.015 0.001 0.085 0.021 0.001]
 [0.01  0.019 0.122 0.003 0.    0.    0.    0.    0.827 0.019]
 [0.002 0.203 0.229 0.001 0.003 0.001 0.    0.001 0.302 0.258]]
[2025-06-05 00:55:26,736 INFO] 11200 iteration, USE_EMA: True, {'train/sup_loss': tensor(0.0017, device='cuda:0'), 'train/unsup_loss': tensor(0.2286, device='cuda:0'), 'train/total_loss': tensor(0.2302, device='cuda:0'), 'train/mask_ratio': tensor(0.5990, device='cuda:0'), 'lr': 0.02154235413936386, 'train/prefecth_time': 0.2089398651123047, 'train/run_time': 0.25103651428222656, 'eval/loss': tensor(5.0890, device='cuda:0'), 'eval/top-1-acc': 0.2498, 'eval/top-5-acc': 0.8232, 'eval/precision': 0.44207458809636924, 'eval/recall': 0.24980000000000002, 'eval/F1': 0.19522069666840364, 'eval/AUC': 0.7349874388888887}, BEST_EVAL_ACC: 0.2511, at 1500 iters
[2025-06-05 00:56:14,339 INFO] confusion matrix:
[[0.115 0.011 0.371 0.002 0.    0.001 0.003 0.001 0.491 0.005]
 [0.002 0.16  0.152 0.    0.005 0.    0.    0.    0.349 0.332]
 [0.012 0.002 0.901 0.002 0.    0.008 0.018 0.003 0.052 0.002]
 [0.005 0.007 0.876 0.032 0.    0.039 0.015 0.003 0.023 0.   ]
 [0.005 0.    0.937 0.001 0.002 0.013 0.012 0.002 0.027 0.001]
 [0.001 0.012 0.883 0.013 0.001 0.068 0.007 0.007 0.008 0.   ]
 [0.    0.    0.902 0.016 0.001 0.013 0.059 0.    0.009 0.   ]
 [0.005 0.001 0.857 0.005 0.004 0.015 0.001 0.09  0.021 0.001]
 [0.011 0.02  0.117 0.003 0.    0.    0.    0.    0.831 0.018]
 [0.002 0.202 0.221 0.001 0.003 0.001 0.    0.001 0.308 0.261]]
[2025-06-05 00:56:14,344 INFO] 11300 iteration, USE_EMA: True, {'train/sup_loss': tensor(0.0009, device='cuda:0'), 'train/unsup_loss': tensor(0.1015, device='cuda:0'), 'train/total_loss': tensor(0.1024, device='cuda:0'), 'train/mask_ratio': tensor(0.4062, device='cuda:0'), 'lr': 0.021398362133672428, 'train/prefecth_time': 0.20226336669921874, 'train/run_time': 0.24641555786132813, 'eval/loss': tensor(5.0342, device='cuda:0'), 'eval/top-1-acc': 0.2519, 'eval/top-5-acc': 0.8235, 'eval/precision': 0.4407660720141422, 'eval/recall': 0.2519, 'eval/F1': 0.19788872555614884, 'eval/AUC': 0.7380747222222223}, BEST_EVAL_ACC: 0.2519, at 11300 iters
[2025-06-05 00:56:14,396 INFO] model saved: ./saved_models\fixmatch_cifar10_40_0\model_best.pth
[2025-06-05 00:57:01,888 INFO] confusion matrix:
[[0.114 0.009 0.368 0.002 0.    0.001 0.003 0.001 0.498 0.004]
 [0.002 0.161 0.15  0.    0.005 0.    0.    0.    0.348 0.334]
 [0.012 0.002 0.902 0.002 0.    0.007 0.018 0.002 0.053 0.002]
 [0.005 0.007 0.879 0.034 0.    0.036 0.015 0.003 0.021 0.   ]
 [0.005 0.    0.935 0.001 0.002 0.012 0.012 0.005 0.027 0.001]
 [0.    0.012 0.887 0.013 0.001 0.064 0.008 0.006 0.009 0.   ]
 [0.    0.    0.902 0.017 0.001 0.012 0.058 0.    0.01  0.   ]
 [0.005 0.001 0.85  0.005 0.004 0.015 0.001 0.097 0.021 0.001]
 [0.011 0.019 0.115 0.002 0.    0.    0.    0.    0.835 0.018]
 [0.003 0.195 0.218 0.001 0.003 0.    0.    0.003 0.309 0.268]]
[2025-06-05 00:57:01,895 INFO] 11400 iteration, USE_EMA: True, {'train/sup_loss': tensor(0.0015, device='cuda:0'), 'train/unsup_loss': tensor(0.1344, device='cuda:0'), 'train/total_loss': tensor(0.1359, device='cuda:0'), 'train/mask_ratio': tensor(0.3906, device='cuda:0'), 'lr': 0.021253359538688253, 'train/prefecth_time': 0.1917091827392578, 'train/run_time': 0.24651951599121094, 'eval/loss': tensor(5.0254, device='cuda:0'), 'eval/top-1-acc': 0.2535, 'eval/top-5-acc': 0.825, 'eval/precision': 0.44219362481172303, 'eval/recall': 0.2535, 'eval/F1': 0.19954272330293693, 'eval/AUC': 0.73990555}, BEST_EVAL_ACC: 0.2535, at 11400 iters
[2025-06-05 00:57:01,957 INFO] model saved: ./saved_models\fixmatch_cifar10_40_0\model_best.pth
[2025-06-05 00:57:49,475 INFO] confusion matrix:
[[0.125 0.01  0.347 0.002 0.    0.001 0.003 0.001 0.507 0.004]
 [0.002 0.164 0.153 0.    0.004 0.    0.    0.    0.35  0.327]
 [0.013 0.002 0.904 0.002 0.    0.007 0.016 0.003 0.051 0.002]
 [0.005 0.007 0.878 0.034 0.    0.037 0.013 0.004 0.022 0.   ]
 [0.006 0.    0.934 0.001 0.002 0.013 0.009 0.006 0.028 0.001]
 [0.001 0.011 0.885 0.013 0.001 0.067 0.007 0.005 0.01  0.   ]
 [0.    0.    0.908 0.018 0.001 0.012 0.052 0.    0.009 0.   ]
 [0.006 0.001 0.85  0.005 0.004 0.015 0.001 0.096 0.021 0.001]
 [0.01  0.02  0.108 0.002 0.    0.    0.    0.    0.842 0.018]
 [0.003 0.189 0.217 0.001 0.003 0.    0.    0.004 0.313 0.27 ]]
[2025-06-05 00:57:49,481 INFO] 11500 iteration, USE_EMA: True, {'train/sup_loss': tensor(0.0018, device='cuda:0'), 'train/unsup_loss': tensor(0.2371, device='cuda:0'), 'train/total_loss': tensor(0.2389, device='cuda:0'), 'train/mask_ratio': tensor(0.4792, device='cuda:0'), 'lr': 0.021107353202508818, 'train/prefecth_time': 0.18205357360839844, 'train/run_time': 0.24770252990722658, 'eval/loss': tensor(5.0331, device='cuda:0'), 'eval/top-1-acc': 0.2556, 'eval/top-5-acc': 0.8262, 'eval/precision': 0.4439181911865724, 'eval/recall': 0.2556, 'eval/F1': 0.20149745171788655, 'eval/AUC': 0.7395498777777779}, BEST_EVAL_ACC: 0.2556, at 11500 iters
[2025-06-05 00:57:49,531 INFO] model saved: ./saved_models\fixmatch_cifar10_40_0\model_best.pth
[2025-06-05 00:58:37,635 INFO] confusion matrix:
[[0.109 0.01  0.357 0.002 0.    0.001 0.003 0.001 0.513 0.004]
 [0.002 0.168 0.143 0.    0.005 0.    0.    0.    0.349 0.333]
 [0.012 0.002 0.901 0.002 0.    0.007 0.017 0.003 0.054 0.002]
 [0.005 0.006 0.865 0.036 0.    0.043 0.015 0.005 0.024 0.001]
 [0.005 0.    0.931 0.002 0.003 0.012 0.01  0.008 0.028 0.001]
 [0.001 0.011 0.878 0.013 0.001 0.071 0.009 0.006 0.01  0.   ]
 [0.    0.    0.905 0.021 0.001 0.012 0.052 0.    0.009 0.   ]
 [0.009 0.001 0.823 0.005 0.004 0.016 0.001 0.116 0.023 0.002]
 [0.009 0.02  0.107 0.003 0.    0.001 0.    0.    0.843 0.017]
 [0.003 0.195 0.207 0.    0.002 0.    0.    0.004 0.312 0.277]]
[2025-06-05 00:58:37,642 INFO] 11600 iteration, USE_EMA: True, {'train/sup_loss': tensor(0.0035, device='cuda:0'), 'train/unsup_loss': tensor(0.2750, device='cuda:0'), 'train/total_loss': tensor(0.2785, device='cuda:0'), 'train/mask_ratio': tensor(0.4427, device='cuda:0'), 'lr': 0.020960350020635704, 'train/prefecth_time': 0.22465843200683594, 'train/run_time': 0.248374267578125, 'eval/loss': tensor(4.9862, device='cuda:0'), 'eval/top-1-acc': 0.2576, 'eval/top-5-acc': 0.8289, 'eval/precision': 0.4430351569938127, 'eval/recall': 0.2576, 'eval/F1': 0.20422048931251133, 'eval/AUC': 0.740897927777778}, BEST_EVAL_ACC: 0.2576, at 11600 iters
[2025-06-05 00:58:37,693 INFO] model saved: ./saved_models\fixmatch_cifar10_40_0\model_best.pth
[2025-06-05 00:59:24,941 INFO] confusion matrix:
[[0.102 0.01  0.358 0.002 0.    0.001 0.003 0.001 0.519 0.004]
 [0.001 0.17  0.143 0.    0.005 0.    0.    0.    0.337 0.344]
 [0.012 0.002 0.898 0.002 0.    0.01  0.017 0.003 0.054 0.002]
 [0.004 0.007 0.862 0.036 0.    0.045 0.015 0.005 0.025 0.001]
 [0.005 0.    0.929 0.001 0.003 0.014 0.011 0.008 0.028 0.001]
 [0.    0.01  0.875 0.013 0.001 0.076 0.009 0.006 0.01  0.   ]
 [0.    0.    0.904 0.021 0.001 0.014 0.051 0.    0.009 0.   ]
 [0.007 0.001 0.818 0.004 0.004 0.018 0.    0.123 0.023 0.002]
 [0.009 0.021 0.103 0.002 0.    0.001 0.    0.    0.846 0.018]
 [0.003 0.201 0.206 0.    0.002 0.    0.    0.004 0.303 0.281]]
[2025-06-05 00:59:24,947 INFO] 11700 iteration, USE_EMA: True, {'train/sup_loss': tensor(0.0017, device='cuda:0'), 'train/unsup_loss': tensor(0.1692, device='cuda:0'), 'train/total_loss': tensor(0.1709, device='cuda:0'), 'train/mask_ratio': tensor(0.3958, device='cuda:0'), 'lr': 0.02081235693564895, 'train/prefecth_time': 0.22389039611816405, 'train/run_time': 0.2485804443359375, 'eval/loss': tensor(4.9940, device='cuda:0'), 'eval/top-1-acc': 0.2586, 'eval/top-5-acc': 0.8306, 'eval/precision': 0.44441768047877145, 'eval/recall': 0.25860000000000005, 'eval/F1': 0.2054698022739049, 'eval/AUC': 0.7409443666666665}, BEST_EVAL_ACC: 0.2586, at 11700 iters
[2025-06-05 00:59:24,994 INFO] model saved: ./saved_models\fixmatch_cifar10_40_0\model_best.pth
[2025-06-05 01:00:12,979 INFO] confusion matrix:
[[0.104 0.012 0.35  0.002 0.    0.001 0.003 0.001 0.522 0.005]
 [0.001 0.17  0.141 0.    0.005 0.    0.    0.    0.324 0.359]
 [0.011 0.002 0.898 0.002 0.    0.01  0.016 0.003 0.056 0.002]
 [0.004 0.007 0.863 0.037 0.    0.046 0.012 0.005 0.024 0.002]
 [0.005 0.    0.926 0.001 0.003 0.014 0.011 0.01  0.028 0.002]
 [0.    0.011 0.877 0.013 0.001 0.071 0.01  0.007 0.01  0.   ]
 [0.    0.    0.904 0.023 0.001 0.014 0.048 0.    0.01  0.   ]
 [0.007 0.001 0.81  0.004 0.004 0.018 0.    0.13  0.024 0.002]
 [0.008 0.023 0.102 0.002 0.    0.001 0.    0.    0.847 0.017]
 [0.003 0.202 0.201 0.    0.002 0.    0.    0.004 0.297 0.291]]
[2025-06-05 01:00:12,989 INFO] 11800 iteration, USE_EMA: True, {'train/sup_loss': tensor(0.0018, device='cuda:0'), 'train/unsup_loss': tensor(0.0914, device='cuda:0'), 'train/total_loss': tensor(0.0932, device='cuda:0'), 'train/mask_ratio': tensor(0.3958, device='cuda:0'), 'lr': 0.020663380936879146, 'train/prefecth_time': 0.2100879364013672, 'train/run_time': 0.24709642028808593, 'eval/loss': tensor(4.9996, device='cuda:0'), 'eval/top-1-acc': 0.2599, 'eval/top-5-acc': 0.8318, 'eval/precision': 0.4421917441326696, 'eval/recall': 0.25989999999999996, 'eval/F1': 0.2066040295091997, 'eval/AUC': 0.7405125166666666}, BEST_EVAL_ACC: 0.2599, at 11800 iters
[2025-06-05 01:00:13,075 INFO] model saved: ./saved_models\fixmatch_cifar10_40_0\model_best.pth
[2025-06-05 01:01:03,263 INFO] confusion matrix:
[[0.114 0.012 0.34  0.001 0.    0.001 0.003 0.001 0.523 0.005]
 [0.001 0.173 0.138 0.    0.004 0.    0.    0.001 0.322 0.361]
 [0.012 0.002 0.9   0.002 0.    0.008 0.014 0.003 0.057 0.002]
 [0.004 0.006 0.865 0.039 0.    0.044 0.012 0.004 0.023 0.003]
 [0.006 0.    0.919 0.001 0.004 0.014 0.011 0.014 0.029 0.002]
 [0.    0.012 0.876 0.012 0.001 0.072 0.01  0.007 0.01  0.   ]
 [0.    0.    0.909 0.023 0.001 0.013 0.044 0.    0.01  0.   ]
 [0.005 0.001 0.799 0.004 0.004 0.017 0.    0.142 0.026 0.002]
 [0.009 0.022 0.1   0.002 0.    0.    0.    0.    0.85  0.017]
 [0.003 0.204 0.197 0.    0.002 0.001 0.    0.004 0.299 0.29 ]]
[2025-06-05 01:01:03,269 INFO] 11900 iteration, USE_EMA: True, {'train/sup_loss': tensor(0.0043, device='cuda:0'), 'train/unsup_loss': tensor(0.1900, device='cuda:0'), 'train/total_loss': tensor(0.1943, device='cuda:0'), 'train/mask_ratio': tensor(0.4167, device='cuda:0'), 'lr': 0.020513429060077353, 'train/prefecth_time': 0.19982662963867187, 'train/run_time': 0.24808306884765624, 'eval/loss': tensor(4.9986, device='cuda:0'), 'eval/top-1-acc': 0.2628, 'eval/top-5-acc': 0.8331, 'eval/precision': 0.4523126514125867, 'eval/recall': 0.26280000000000003, 'eval/F1': 0.21042901998132546, 'eval/AUC': 0.7410717333333333}, BEST_EVAL_ACC: 0.2628, at 11900 iters
[2025-06-05 01:01:03,318 INFO] model saved: ./saved_models\fixmatch_cifar10_40_0\model_best.pth
[2025-06-05 01:01:51,746 INFO] confusion matrix:
[[0.111 0.012 0.335 0.001 0.    0.001 0.004 0.002 0.529 0.005]
 [0.001 0.174 0.133 0.    0.004 0.    0.    0.001 0.34  0.347]
 [0.012 0.002 0.891 0.002 0.    0.013 0.015 0.003 0.06  0.002]
 [0.004 0.007 0.85  0.036 0.    0.053 0.013 0.008 0.027 0.002]
 [0.006 0.    0.91  0.002 0.006 0.015 0.011 0.018 0.03  0.002]
 [0.    0.013 0.857 0.012 0.001 0.085 0.01  0.011 0.011 0.   ]
 [0.    0.    0.895 0.025 0.001 0.018 0.047 0.    0.014 0.   ]
 [0.004 0.001 0.766 0.003 0.005 0.02  0.    0.172 0.027 0.002]
 [0.009 0.021 0.097 0.002 0.    0.001 0.    0.    0.854 0.016]
 [0.003 0.212 0.191 0.    0.002 0.001 0.    0.003 0.308 0.28 ]]
[2025-06-05 01:01:51,751 INFO] 12000 iteration, USE_EMA: True, {'train/sup_loss': tensor(0.0014, device='cuda:0'), 'train/unsup_loss': tensor(0.2022, device='cuda:0'), 'train/total_loss': tensor(0.2037, device='cuda:0'), 'train/mask_ratio': tensor(0.5677, device='cuda:0'), 'lr': 0.02036250838708284, 'train/prefecth_time': 0.19267292785644533, 'train/run_time': 0.24651673889160156, 'eval/loss': tensor(4.9409, device='cuda:0'), 'eval/top-1-acc': 0.2656, 'eval/top-5-acc': 0.8341, 'eval/precision': 0.4518199250135976, 'eval/recall': 0.26559999999999995, 'eval/F1': 0.2150605808402429, 'eval/AUC': 0.7425075000000001}, BEST_EVAL_ACC: 0.2656, at 12000 iters
[2025-06-05 01:01:51,802 INFO] model saved: ./saved_models\fixmatch_cifar10_40_0\model_best.pth
[2025-06-05 01:02:38,987 INFO] confusion matrix:
[[0.123 0.016 0.322 0.001 0.    0.001 0.004 0.003 0.526 0.004]
 [0.001 0.175 0.128 0.    0.003 0.    0.    0.001 0.342 0.35 ]
 [0.013 0.002 0.888 0.002 0.    0.014 0.015 0.003 0.061 0.002]
 [0.005 0.008 0.838 0.037 0.    0.061 0.013 0.008 0.028 0.002]
 [0.006 0.    0.907 0.001 0.007 0.016 0.011 0.019 0.03  0.003]
 [0.001 0.014 0.838 0.014 0.001 0.098 0.01  0.012 0.012 0.   ]
 [0.001 0.    0.89  0.026 0.001 0.021 0.047 0.    0.014 0.   ]
 [0.004 0.001 0.748 0.005 0.005 0.021 0.    0.185 0.029 0.002]
 [0.009 0.022 0.093 0.002 0.    0.003 0.    0.    0.857 0.014]
 [0.003 0.217 0.19  0.    0.    0.001 0.    0.004 0.309 0.276]]
[2025-06-05 01:02:38,996 INFO] 12100 iteration, USE_EMA: True, {'train/sup_loss': tensor(0.0021, device='cuda:0'), 'train/unsup_loss': tensor(0.2036, device='cuda:0'), 'train/total_loss': tensor(0.2057, device='cuda:0'), 'train/mask_ratio': tensor(0.4740, device='cuda:0'), 'lr': 0.020210626045488605, 'train/prefecth_time': 0.21064703369140625, 'train/run_time': 0.247841796875, 'eval/loss': tensor(4.9341, device='cuda:0'), 'eval/top-1-acc': 0.2693, 'eval/top-5-acc': 0.8343, 'eval/precision': 0.45930881927829736, 'eval/recall': 0.2693, 'eval/F1': 0.22047347479297388, 'eval/AUC': 0.7426912777777778}, BEST_EVAL_ACC: 0.2693, at 12100 iters
[2025-06-05 01:02:39,053 INFO] model saved: ./saved_models\fixmatch_cifar10_40_0\model_best.pth
[2025-06-05 01:03:25,480 INFO] confusion matrix:
[[0.131 0.016 0.311 0.001 0.    0.001 0.004 0.003 0.527 0.006]
 [0.001 0.18  0.126 0.    0.003 0.    0.    0.001 0.332 0.357]
 [0.015 0.002 0.885 0.002 0.    0.014 0.015 0.003 0.062 0.002]
 [0.005 0.008 0.848 0.036 0.    0.052 0.013 0.008 0.028 0.002]
 [0.007 0.    0.905 0.001 0.007 0.015 0.011 0.02  0.032 0.002]
 [0.003 0.014 0.849 0.015 0.001 0.086 0.008 0.011 0.012 0.001]
 [0.001 0.    0.895 0.026 0.001 0.02  0.042 0.    0.015 0.   ]
 [0.005 0.001 0.736 0.006 0.004 0.019 0.    0.197 0.03  0.002]
 [0.008 0.022 0.095 0.002 0.    0.002 0.    0.    0.856 0.015]
 [0.003 0.226 0.188 0.    0.    0.001 0.    0.004 0.305 0.273]]
[2025-06-05 01:03:25,487 INFO] 12200 iteration, USE_EMA: True, {'train/sup_loss': tensor(0.0006, device='cuda:0'), 'train/unsup_loss': tensor(0.2330, device='cuda:0'), 'train/total_loss': tensor(0.2336, device='cuda:0'), 'train/mask_ratio': tensor(0.3490, device='cuda:0'), 'lr': 0.02005778920830477, 'train/prefecth_time': 0.20348512268066407, 'train/run_time': 0.2481326141357422, 'eval/loss': tensor(4.9361, device='cuda:0'), 'eval/top-1-acc': 0.2693, 'eval/top-5-acc': 0.8352, 'eval/precision': 0.45708380535258436, 'eval/recall': 0.2693, 'eval/F1': 0.22050724000231217, 'eval/AUC': 0.7430521333333334}, BEST_EVAL_ACC: 0.2693, at 12100 iters
[2025-06-05 01:04:12,602 INFO] confusion matrix:
[[0.134 0.012 0.305 0.001 0.    0.001 0.004 0.005 0.531 0.007]
 [0.002 0.176 0.12  0.    0.003 0.    0.    0.001 0.327 0.371]
 [0.015 0.002 0.884 0.003 0.    0.014 0.014 0.003 0.063 0.002]
 [0.005 0.007 0.845 0.042 0.    0.051 0.011 0.007 0.029 0.003]
 [0.007 0.    0.903 0.001 0.006 0.015 0.01  0.022 0.033 0.003]
 [0.003 0.013 0.856 0.015 0.001 0.081 0.007 0.011 0.012 0.001]
 [0.001 0.    0.901 0.027 0.001 0.015 0.039 0.    0.016 0.   ]
 [0.004 0.001 0.721 0.006 0.003 0.016 0.    0.216 0.031 0.002]
 [0.007 0.019 0.092 0.002 0.    0.001 0.    0.001 0.861 0.017]
 [0.003 0.213 0.181 0.    0.    0.001 0.    0.003 0.312 0.287]]
[2025-06-05 01:04:12,608 INFO] 12300 iteration, USE_EMA: True, {'train/sup_loss': tensor(0.0111, device='cuda:0'), 'train/unsup_loss': tensor(0.1695, device='cuda:0'), 'train/total_loss': tensor(0.1806, device='cuda:0'), 'train/mask_ratio': tensor(0.3854, device='cuda:0'), 'lr': 0.01990400509361982, 'train/prefecth_time': 0.183625732421875, 'train/run_time': 0.24617878723144532, 'eval/loss': tensor(4.9309, device='cuda:0'), 'eval/top-1-acc': 0.2726, 'eval/top-5-acc': 0.8356, 'eval/precision': 0.46314245190607445, 'eval/recall': 0.2726, 'eval/F1': 0.2241501057586746, 'eval/AUC': 0.7439952000000001}, BEST_EVAL_ACC: 0.2726, at 12300 iters
[2025-06-05 01:04:12,658 INFO] model saved: ./saved_models\fixmatch_cifar10_40_0\model_best.pth
[2025-06-05 01:05:00,121 INFO] confusion matrix:
[[0.128 0.014 0.304 0.001 0.    0.001 0.003 0.005 0.538 0.006]
 [0.    0.177 0.118 0.    0.003 0.    0.    0.002 0.322 0.378]
 [0.015 0.002 0.886 0.003 0.    0.013 0.012 0.002 0.065 0.002]
 [0.004 0.007 0.85  0.04  0.    0.049 0.01  0.008 0.029 0.003]
 [0.007 0.    0.903 0.001 0.006 0.014 0.008 0.026 0.032 0.003]
 [0.001 0.013 0.858 0.015 0.001 0.081 0.007 0.011 0.012 0.001]
 [0.001 0.    0.903 0.027 0.002 0.015 0.036 0.001 0.015 0.   ]
 [0.002 0.001 0.712 0.004 0.003 0.015 0.    0.227 0.033 0.003]
 [0.007 0.021 0.089 0.002 0.    0.001 0.    0.001 0.863 0.016]
 [0.002 0.217 0.178 0.    0.001 0.001 0.    0.003 0.309 0.289]]
[2025-06-05 01:05:00,127 INFO] 12400 iteration, USE_EMA: True, {'train/sup_loss': tensor(0.0018, device='cuda:0'), 'train/unsup_loss': tensor(0.1634, device='cuda:0'), 'train/total_loss': tensor(0.1652, device='cuda:0'), 'train/mask_ratio': tensor(0.5260, device='cuda:0'), 'lr': 0.01974928096425969, 'train/prefecth_time': 0.19172438049316406, 'train/run_time': 0.24686489868164063, 'eval/loss': tensor(4.9520, device='cuda:0'), 'eval/top-1-acc': 0.2733, 'eval/top-5-acc': 0.8357, 'eval/precision': 0.46109635522615805, 'eval/recall': 0.2733, 'eval/F1': 0.22409612529997597, 'eval/AUC': 0.7445642666666666}, BEST_EVAL_ACC: 0.2733, at 12400 iters
[2025-06-05 01:05:00,177 INFO] model saved: ./saved_models\fixmatch_cifar10_40_0\model_best.pth
[2025-06-05 01:05:47,947 INFO] confusion matrix:
[[0.132 0.016 0.305 0.001 0.    0.001 0.004 0.005 0.529 0.007]
 [0.001 0.183 0.115 0.    0.003 0.    0.    0.002 0.319 0.377]
 [0.015 0.002 0.884 0.003 0.    0.014 0.012 0.003 0.065 0.002]
 [0.004 0.007 0.841 0.041 0.    0.057 0.01  0.007 0.029 0.004]
 [0.008 0.    0.897 0.001 0.007 0.015 0.008 0.029 0.032 0.003]
 [0.002 0.014 0.845 0.014 0.001 0.094 0.007 0.013 0.009 0.001]
 [0.001 0.    0.898 0.027 0.002 0.017 0.039 0.001 0.015 0.   ]
 [0.002 0.001 0.676 0.003 0.004 0.016 0.    0.261 0.033 0.004]
 [0.009 0.022 0.09  0.002 0.    0.001 0.    0.002 0.856 0.018]
 [0.003 0.23  0.171 0.    0.    0.001 0.    0.003 0.302 0.29 ]]
[2025-06-05 01:05:47,954 INFO] 12500 iteration, USE_EMA: True, {'train/sup_loss': tensor(0.0005, device='cuda:0'), 'train/unsup_loss': tensor(0.1812, device='cuda:0'), 'train/total_loss': tensor(0.1817, device='cuda:0'), 'train/mask_ratio': tensor(0.5365, device='cuda:0'), 'lr': 0.019593624127444798, 'train/prefecth_time': 0.19861708068847655, 'train/run_time': 0.2461317138671875, 'eval/loss': tensor(4.9039, device='cuda:0'), 'eval/top-1-acc': 0.2787, 'eval/top-5-acc': 0.8368, 'eval/precision': 0.4668043880543989, 'eval/recall': 0.2787, 'eval/F1': 0.23216237745142632, 'eval/AUC': 0.7464137611111111}, BEST_EVAL_ACC: 0.2787, at 12500 iters
[2025-06-05 01:05:48,003 INFO] model saved: ./saved_models\fixmatch_cifar10_40_0\model_best.pth
[2025-06-05 01:06:35,636 INFO] confusion matrix:
[[0.14  0.016 0.296 0.001 0.    0.001 0.004 0.006 0.527 0.009]
 [0.002 0.185 0.112 0.    0.003 0.    0.    0.002 0.309 0.387]
 [0.018 0.002 0.879 0.003 0.001 0.013 0.013 0.003 0.066 0.002]
 [0.005 0.008 0.838 0.04  0.    0.056 0.012 0.009 0.027 0.005]
 [0.008 0.    0.889 0.001 0.006 0.015 0.01  0.034 0.034 0.003]
 [0.003 0.014 0.844 0.014 0.001 0.093 0.007 0.013 0.01  0.001]
 [0.001 0.    0.889 0.027 0.002 0.018 0.042 0.002 0.019 0.   ]
 [0.003 0.001 0.65  0.003 0.004 0.015 0.001 0.286 0.033 0.004]
 [0.011 0.023 0.086 0.002 0.    0.001 0.    0.002 0.857 0.018]
 [0.002 0.236 0.161 0.    0.001 0.002 0.001 0.004 0.298 0.295]]
[2025-06-05 01:06:35,646 INFO] 12600 iteration, USE_EMA: True, {'train/sup_loss': tensor(0.0012, device='cuda:0'), 'train/unsup_loss': tensor(0.2234, device='cuda:0'), 'train/total_loss': tensor(0.2246, device='cuda:0'), 'train/mask_ratio': tensor(0.6302, device='cuda:0'), 'lr': 0.019437041934444902, 'train/prefecth_time': 0.20469862365722657, 'train/run_time': 0.2475327606201172, 'eval/loss': tensor(4.7936, device='cuda:0'), 'eval/top-1-acc': 0.2823, 'eval/top-5-acc': 0.8368, 'eval/precision': 0.45295339852189054, 'eval/recall': 0.28229999999999994, 'eval/F1': 0.23653523968860357, 'eval/AUC': 0.7505457666666666}, BEST_EVAL_ACC: 0.2823, at 12600 iters
[2025-06-05 01:06:35,699 INFO] model saved: ./saved_models\fixmatch_cifar10_40_0\model_best.pth
[2025-06-05 01:07:23,293 INFO] confusion matrix:
[[0.158 0.016 0.282 0.001 0.    0.001 0.005 0.008 0.521 0.008]
 [0.002 0.192 0.104 0.    0.003 0.    0.    0.002 0.302 0.395]
 [0.021 0.002 0.872 0.003 0.001 0.015 0.013 0.004 0.066 0.003]
 [0.005 0.008 0.826 0.041 0.    0.064 0.011 0.01  0.028 0.007]
 [0.007 0.    0.878 0.001 0.006 0.016 0.011 0.043 0.034 0.004]
 [0.004 0.014 0.834 0.014 0.001 0.099 0.007 0.014 0.012 0.001]
 [0.001 0.    0.885 0.028 0.002 0.018 0.043 0.002 0.02  0.001]
 [0.005 0.001 0.625 0.003 0.004 0.015 0.001 0.31  0.031 0.005]
 [0.012 0.024 0.084 0.002 0.    0.001 0.    0.003 0.856 0.018]
 [0.002 0.241 0.155 0.    0.001 0.002 0.001 0.004 0.296 0.298]]
[2025-06-05 01:07:23,300 INFO] 12700 iteration, USE_EMA: True, {'train/sup_loss': tensor(0.0019, device='cuda:0'), 'train/unsup_loss': tensor(0.1724, device='cuda:0'), 'train/total_loss': tensor(0.1742, device='cuda:0'), 'train/mask_ratio': tensor(0.4583, device='cuda:0'), 'lr': 0.019279541780231963, 'train/prefecth_time': 0.1908429412841797, 'train/run_time': 0.24653500366210937, 'eval/loss': tensor(4.7017, device='cuda:0'), 'eval/top-1-acc': 0.2875, 'eval/top-5-acc': 0.838, 'eval/precision': 0.4513969066088677, 'eval/recall': 0.2875, 'eval/F1': 0.24350010379445125, 'eval/AUC': 0.7531897666666666}, BEST_EVAL_ACC: 0.2875, at 12700 iters
[2025-06-05 01:07:23,351 INFO] model saved: ./saved_models\fixmatch_cifar10_40_0\model_best.pth
[2025-06-05 01:08:10,724 INFO] confusion matrix:
[[0.162 0.016 0.282 0.001 0.    0.002 0.006 0.006 0.516 0.009]
 [0.002 0.19  0.101 0.    0.001 0.    0.    0.002 0.295 0.409]
 [0.019 0.002 0.874 0.003 0.    0.015 0.013 0.003 0.068 0.003]
 [0.005 0.008 0.828 0.039 0.    0.064 0.008 0.011 0.029 0.008]
 [0.007 0.    0.875 0.001 0.006 0.015 0.01  0.047 0.035 0.004]
 [0.004 0.013 0.835 0.014 0.001 0.1   0.007 0.013 0.012 0.001]
 [0.002 0.    0.889 0.028 0.002 0.018 0.04  0.002 0.018 0.001]
 [0.005 0.001 0.602 0.004 0.004 0.016 0.001 0.329 0.032 0.006]
 [0.012 0.023 0.084 0.002 0.    0.001 0.001 0.002 0.855 0.02 ]
 [0.002 0.242 0.154 0.    0.001 0.002 0.001 0.004 0.292 0.302]]
[2025-06-05 01:08:10,731 INFO] 12800 iteration, USE_EMA: True, {'train/sup_loss': tensor(0.0058, device='cuda:0'), 'train/unsup_loss': tensor(0.2138, device='cuda:0'), 'train/total_loss': tensor(0.2196, device='cuda:0'), 'train/mask_ratio': tensor(0.5000, device='cuda:0'), 'lr': 0.019121131103130844, 'train/prefecth_time': 0.200521728515625, 'train/run_time': 0.24689053344726564, 'eval/loss': tensor(4.6887, device='cuda:0'), 'eval/top-1-acc': 0.2897, 'eval/top-5-acc': 0.8391, 'eval/precision': 0.45696021356025635, 'eval/recall': 0.2897, 'eval/F1': 0.24555598154589292, 'eval/AUC': 0.7542270888888889}, BEST_EVAL_ACC: 0.2897, at 12800 iters
[2025-06-05 01:08:10,782 INFO] model saved: ./saved_models\fixmatch_cifar10_40_0\model_best.pth
[2025-06-05 01:08:58,240 INFO] confusion matrix:
[[0.162 0.016 0.281 0.001 0.    0.001 0.006 0.007 0.517 0.009]
 [0.002 0.191 0.096 0.    0.001 0.    0.    0.002 0.29  0.418]
 [0.02  0.002 0.874 0.003 0.001 0.014 0.015 0.003 0.066 0.002]
 [0.005 0.008 0.837 0.037 0.    0.057 0.008 0.011 0.029 0.008]
 [0.008 0.    0.871 0.001 0.006 0.015 0.01  0.05  0.035 0.004]
 [0.003 0.013 0.832 0.013 0.001 0.1   0.007 0.017 0.013 0.001]
 [0.003 0.    0.895 0.024 0.002 0.014 0.04  0.002 0.019 0.001]
 [0.005 0.001 0.582 0.003 0.003 0.015 0.001 0.353 0.031 0.006]
 [0.011 0.021 0.082 0.002 0.    0.001 0.001 0.002 0.859 0.021]
 [0.002 0.236 0.15  0.    0.001 0.002 0.001 0.003 0.293 0.312]]
[2025-06-05 01:08:58,247 INFO] 12900 iteration, USE_EMA: True, {'train/sup_loss': tensor(0.0008, device='cuda:0'), 'train/unsup_loss': tensor(0.2527, device='cuda:0'), 'train/total_loss': tensor(0.2535, device='cuda:0'), 'train/mask_ratio': tensor(0.4010, device='cuda:0'), 'lr': 0.018961817384468074, 'train/prefecth_time': 0.1961571807861328, 'train/run_time': 0.2463805389404297, 'eval/loss': tensor(4.6725, device='cuda:0'), 'eval/top-1-acc': 0.2934, 'eval/top-5-acc': 0.8393, 'eval/precision': 0.46124546003446437, 'eval/recall': 0.2934, 'eval/F1': 0.24907345790414914, 'eval/AUC': 0.7563229000000002}, BEST_EVAL_ACC: 0.2934, at 12900 iters
[2025-06-05 01:08:58,294 INFO] model saved: ./saved_models\fixmatch_cifar10_40_0\model_best.pth
[2025-06-05 01:09:45,622 INFO] confusion matrix:
[[0.163 0.016 0.281 0.001 0.    0.001 0.006 0.007 0.516 0.009]
 [0.003 0.192 0.098 0.    0.001 0.    0.    0.002 0.286 0.418]
 [0.02  0.002 0.878 0.003 0.    0.013 0.015 0.003 0.064 0.002]
 [0.005 0.008 0.841 0.036 0.    0.053 0.009 0.012 0.027 0.009]
 [0.007 0.    0.866 0.001 0.006 0.015 0.007 0.058 0.036 0.004]
 [0.003 0.012 0.843 0.013 0.001 0.088 0.007 0.019 0.013 0.001]
 [0.002 0.    0.903 0.02  0.001 0.013 0.04  0.002 0.018 0.001]
 [0.005 0.001 0.569 0.004 0.003 0.015 0.    0.366 0.032 0.005]
 [0.011 0.022 0.084 0.002 0.    0.001 0.001 0.003 0.857 0.019]
 [0.002 0.236 0.148 0.    0.001 0.002 0.001 0.004 0.295 0.311]]
[2025-06-05 01:09:45,627 INFO] 13000 iteration, USE_EMA: True, {'train/sup_loss': tensor(0.0006, device='cuda:0'), 'train/unsup_loss': tensor(0.1648, device='cuda:0'), 'train/total_loss': tensor(0.1654, device='cuda:0'), 'train/mask_ratio': tensor(0.4375, device='cuda:0'), 'lr': 0.018801608148218487, 'train/prefecth_time': 0.19848025512695314, 'train/run_time': 0.2472079315185547, 'eval/loss': tensor(4.6913, device='cuda:0'), 'eval/top-1-acc': 0.2937, 'eval/top-5-acc': 0.8395, 'eval/precision': 0.4671835506008096, 'eval/recall': 0.2937, 'eval/F1': 0.24840399240978264, 'eval/AUC': 0.757273077777778}, BEST_EVAL_ACC: 0.2937, at 13000 iters
[2025-06-05 01:09:45,673 INFO] model saved: ./saved_models\fixmatch_cifar10_40_0\model_best.pth
[2025-06-05 01:10:32,989 INFO] confusion matrix:
[[0.158 0.015 0.277 0.001 0.    0.001 0.006 0.009 0.523 0.01 ]
 [0.003 0.194 0.096 0.    0.001 0.    0.    0.004 0.276 0.426]
 [0.02  0.002 0.879 0.003 0.    0.012 0.013 0.006 0.063 0.002]
 [0.005 0.008 0.84  0.038 0.    0.056 0.006 0.012 0.026 0.009]
 [0.008 0.    0.854 0.001 0.007 0.016 0.007 0.067 0.036 0.004]
 [0.003 0.011 0.834 0.014 0.001 0.094 0.007 0.022 0.013 0.001]
 [0.003 0.    0.904 0.019 0.001 0.013 0.039 0.004 0.016 0.001]
 [0.004 0.001 0.556 0.004 0.003 0.015 0.    0.378 0.033 0.006]
 [0.011 0.022 0.083 0.002 0.    0.001 0.001 0.003 0.858 0.019]
 [0.002 0.216 0.148 0.    0.001 0.002 0.001 0.004 0.29  0.336]]
[2025-06-05 01:10:32,995 INFO] 13100 iteration, USE_EMA: True, {'train/sup_loss': tensor(0.0003, device='cuda:0'), 'train/unsup_loss': tensor(0.2323, device='cuda:0'), 'train/total_loss': tensor(0.2326, device='cuda:0'), 'train/mask_ratio': tensor(0.4479, device='cuda:0'), 'lr': 0.01864051096064991, 'train/prefecth_time': 0.18407699584960938, 'train/run_time': 0.24714646911621094, 'eval/loss': tensor(4.6621, device='cuda:0'), 'eval/top-1-acc': 0.2981, 'eval/top-5-acc': 0.8412, 'eval/precision': 0.4758426543959713, 'eval/recall': 0.2981, 'eval/F1': 0.25260840414463204, 'eval/AUC': 0.7593274888888888}, BEST_EVAL_ACC: 0.2981, at 13100 iters
[2025-06-05 01:10:33,043 INFO] model saved: ./saved_models\fixmatch_cifar10_40_0\model_best.pth
[2025-06-05 01:11:19,903 INFO] confusion matrix:
[[0.167 0.015 0.275 0.001 0.    0.001 0.006 0.009 0.517 0.009]
 [0.003 0.201 0.096 0.    0.001 0.    0.    0.005 0.267 0.427]
 [0.02  0.002 0.881 0.003 0.001 0.011 0.011 0.007 0.062 0.002]
 [0.005 0.008 0.84  0.038 0.    0.053 0.006 0.014 0.027 0.009]
 [0.009 0.    0.851 0.001 0.008 0.015 0.007 0.069 0.036 0.004]
 [0.003 0.011 0.837 0.013 0.001 0.092 0.007 0.021 0.014 0.001]
 [0.003 0.    0.912 0.017 0.001 0.01  0.038 0.004 0.014 0.001]
 [0.003 0.001 0.544 0.004 0.003 0.015 0.    0.393 0.032 0.005]
 [0.012 0.023 0.084 0.002 0.    0.001 0.001 0.003 0.855 0.019]
 [0.004 0.212 0.147 0.    0.    0.002 0.001 0.005 0.293 0.336]]
[2025-06-05 01:11:19,910 INFO] 13200 iteration, USE_EMA: True, {'train/sup_loss': tensor(0.0029, device='cuda:0'), 'train/unsup_loss': tensor(0.1512, device='cuda:0'), 'train/total_loss': tensor(0.1541, device='cuda:0'), 'train/mask_ratio': tensor(0.4062, device='cuda:0'), 'lr': 0.01847853342996579, 'train/prefecth_time': 0.20024925231933594, 'train/run_time': 0.2477744598388672, 'eval/loss': tensor(4.6578, device='cuda:0'), 'eval/top-1-acc': 0.3009, 'eval/top-5-acc': 0.842, 'eval/precision': 0.48418729558774, 'eval/recall': 0.3009, 'eval/F1': 0.256022341417164, 'eval/AUC': 0.7608588277777778}, BEST_EVAL_ACC: 0.3009, at 13200 iters
[2025-06-05 01:11:19,957 INFO] model saved: ./saved_models\fixmatch_cifar10_40_0\model_best.pth
[2025-06-05 01:12:07,369 INFO] confusion matrix:
[[0.181 0.015 0.27  0.001 0.    0.001 0.006 0.008 0.508 0.01 ]
 [0.002 0.201 0.096 0.    0.    0.    0.    0.005 0.252 0.444]
 [0.019 0.002 0.886 0.003 0.    0.009 0.011 0.006 0.062 0.002]
 [0.005 0.008 0.841 0.038 0.    0.051 0.006 0.015 0.028 0.008]
 [0.01  0.    0.852 0.001 0.005 0.014 0.007 0.073 0.034 0.004]
 [0.004 0.011 0.843 0.015 0.001 0.087 0.005 0.021 0.012 0.001]
 [0.003 0.    0.914 0.018 0.001 0.01  0.035 0.003 0.015 0.001]
 [0.003 0.001 0.525 0.004 0.003 0.015 0.    0.415 0.03  0.004]
 [0.012 0.023 0.084 0.002 0.001 0.001 0.001 0.003 0.853 0.02 ]
 [0.004 0.215 0.148 0.    0.    0.001 0.    0.006 0.289 0.337]]
[2025-06-05 01:12:07,375 INFO] 13300 iteration, USE_EMA: True, {'train/sup_loss': tensor(0.0008, device='cuda:0'), 'train/unsup_loss': tensor(0.1574, device='cuda:0'), 'train/total_loss': tensor(0.1583, device='cuda:0'), 'train/mask_ratio': tensor(0.4167, device='cuda:0'), 'lr': 0.018315683205945926, 'train/prefecth_time': 0.18414898681640626, 'train/run_time': 0.246989501953125, 'eval/loss': tensor(4.6775, device='cuda:0'), 'eval/top-1-acc': 0.3038, 'eval/top-5-acc': 0.842, 'eval/precision': 0.4763449725848802, 'eval/recall': 0.30379999999999996, 'eval/F1': 0.25849909619728567, 'eval/AUC': 0.7608177444444446}, BEST_EVAL_ACC: 0.3038, at 13300 iters
[2025-06-05 01:12:07,430 INFO] model saved: ./saved_models\fixmatch_cifar10_40_0\model_best.pth
[2025-06-05 01:12:54,747 INFO] confusion matrix:
[[0.19  0.016 0.261 0.001 0.    0.001 0.005 0.008 0.506 0.012]
 [0.002 0.196 0.095 0.    0.    0.    0.    0.004 0.238 0.465]
 [0.023 0.002 0.888 0.003 0.    0.008 0.01  0.006 0.057 0.003]
 [0.006 0.008 0.839 0.042 0.    0.049 0.006 0.015 0.028 0.007]
 [0.01  0.    0.846 0.001 0.005 0.014 0.007 0.079 0.034 0.004]
 [0.004 0.011 0.839 0.015 0.001 0.089 0.005 0.023 0.012 0.001]
 [0.003 0.    0.914 0.02  0.    0.009 0.035 0.004 0.014 0.001]
 [0.003 0.001 0.511 0.004 0.003 0.014 0.    0.429 0.031 0.004]
 [0.013 0.022 0.084 0.002 0.001 0.    0.001 0.003 0.85  0.024]
 [0.003 0.217 0.146 0.001 0.    0.    0.    0.006 0.278 0.349]]
[2025-06-05 01:12:54,754 INFO] 13400 iteration, USE_EMA: True, {'train/sup_loss': tensor(0.0006, device='cuda:0'), 'train/unsup_loss': tensor(0.2010, device='cuda:0'), 'train/total_loss': tensor(0.2015, device='cuda:0'), 'train/mask_ratio': tensor(0.4844, device='cuda:0'), 'lr': 0.018151967979585158, 'train/prefecth_time': 0.18631507873535155, 'train/run_time': 0.24765635681152343, 'eval/loss': tensor(4.6845, device='cuda:0'), 'eval/top-1-acc': 0.3073, 'eval/top-5-acc': 0.8427, 'eval/precision': 0.48399644314351437, 'eval/recall': 0.3073, 'eval/F1': 0.2622868351159986, 'eval/AUC': 0.7613073166666666}, BEST_EVAL_ACC: 0.3073, at 13400 iters
[2025-06-05 01:12:54,802 INFO] model saved: ./saved_models\fixmatch_cifar10_40_0\model_best.pth
[2025-06-05 01:13:42,164 INFO] confusion matrix:
[[0.189 0.016 0.255 0.001 0.    0.001 0.004 0.009 0.514 0.011]
 [0.002 0.201 0.086 0.    0.    0.    0.    0.005 0.231 0.475]
 [0.021 0.002 0.888 0.003 0.    0.009 0.008 0.007 0.059 0.003]
 [0.006 0.008 0.83  0.046 0.    0.051 0.006 0.015 0.03  0.008]
 [0.011 0.    0.835 0.001 0.004 0.015 0.007 0.088 0.035 0.004]
 [0.004 0.011 0.831 0.018 0.001 0.097 0.004 0.022 0.011 0.001]
 [0.003 0.    0.916 0.02  0.    0.009 0.034 0.004 0.014 0.   ]
 [0.006 0.001 0.488 0.006 0.003 0.013 0.    0.449 0.029 0.005]
 [0.013 0.021 0.081 0.002 0.001 0.001 0.001 0.003 0.854 0.023]
 [0.003 0.22  0.139 0.001 0.    0.    0.    0.006 0.279 0.352]]
[2025-06-05 01:13:42,169 INFO] 13500 iteration, USE_EMA: True, {'train/sup_loss': tensor(0.0009, device='cuda:0'), 'train/unsup_loss': tensor(0.2023, device='cuda:0'), 'train/total_loss': tensor(0.2032, device='cuda:0'), 'train/mask_ratio': tensor(0.5417, device='cuda:0'), 'lr': 0.01798739548273014, 'train/prefecth_time': 0.19486412048339843, 'train/run_time': 0.24706866455078125, 'eval/loss': tensor(4.6396, device='cuda:0'), 'eval/top-1-acc': 0.3114, 'eval/top-5-acc': 0.8435, 'eval/precision': 0.4810250099452203, 'eval/recall': 0.3114, 'eval/F1': 0.26610905147619235, 'eval/AUC': 0.7637462277777778}, BEST_EVAL_ACC: 0.3114, at 13500 iters
[2025-06-05 01:13:42,221 INFO] model saved: ./saved_models\fixmatch_cifar10_40_0\model_best.pth
[2025-06-05 01:14:29,736 INFO] confusion matrix:
[[0.191 0.015 0.255 0.001 0.    0.001 0.003 0.009 0.514 0.011]
 [0.001 0.206 0.084 0.    0.    0.    0.    0.003 0.226 0.48 ]
 [0.018 0.002 0.882 0.004 0.    0.008 0.008 0.012 0.062 0.004]
 [0.008 0.008 0.821 0.053 0.    0.053 0.006 0.017 0.027 0.007]
 [0.011 0.    0.826 0.001 0.004 0.016 0.007 0.095 0.035 0.005]
 [0.004 0.01  0.827 0.019 0.001 0.099 0.004 0.024 0.011 0.001]
 [0.003 0.    0.914 0.023 0.    0.008 0.034 0.004 0.014 0.   ]
 [0.006 0.001 0.478 0.007 0.003 0.013 0.    0.457 0.029 0.006]
 [0.012 0.021 0.079 0.002 0.001 0.001 0.001 0.003 0.856 0.024]
 [0.003 0.215 0.134 0.002 0.    0.    0.    0.005 0.273 0.368]]
[2025-06-05 01:14:29,743 INFO] 13600 iteration, USE_EMA: True, {'train/sup_loss': tensor(0.0012, device='cuda:0'), 'train/unsup_loss': tensor(0.1401, device='cuda:0'), 'train/total_loss': tensor(0.1412, device='cuda:0'), 'train/mask_ratio': tensor(0.4167, device='cuda:0'), 'lr': 0.017821973487714207, 'train/prefecth_time': 0.18275942993164063, 'train/run_time': 0.24694989013671875, 'eval/loss': tensor(4.5934, device='cuda:0'), 'eval/top-1-acc': 0.315, 'eval/top-5-acc': 0.8455, 'eval/precision': 0.4846300836889359, 'eval/recall': 0.315, 'eval/F1': 0.2704106688330011, 'eval/AUC': 0.7674194388888887}, BEST_EVAL_ACC: 0.315, at 13600 iters
[2025-06-05 01:14:29,799 INFO] model saved: ./saved_models\fixmatch_cifar10_40_0\model_best.pth
[2025-06-05 01:15:16,677 INFO] confusion matrix:
[[0.176 0.015 0.262 0.001 0.    0.001 0.003 0.011 0.521 0.01 ]
 [0.001 0.217 0.085 0.    0.    0.    0.    0.004 0.215 0.478]
 [0.016 0.002 0.884 0.004 0.    0.006 0.006 0.013 0.065 0.004]
 [0.006 0.008 0.82  0.055 0.    0.052 0.006 0.017 0.029 0.007]
 [0.01  0.    0.82  0.002 0.004 0.014 0.007 0.104 0.035 0.004]
 [0.003 0.011 0.826 0.02  0.001 0.096 0.004 0.024 0.013 0.002]
 [0.003 0.    0.916 0.024 0.    0.008 0.033 0.003 0.013 0.   ]
 [0.003 0.001 0.469 0.007 0.003 0.012 0.    0.469 0.03  0.006]
 [0.008 0.023 0.079 0.002 0.002 0.    0.001 0.003 0.856 0.026]
 [0.002 0.227 0.134 0.001 0.    0.    0.    0.005 0.269 0.362]]
[2025-06-05 01:15:16,685 INFO] 13700 iteration, USE_EMA: True, {'train/sup_loss': tensor(0.0015, device='cuda:0'), 'train/unsup_loss': tensor(0.1792, device='cuda:0'), 'train/total_loss': tensor(0.1807, device='cuda:0'), 'train/mask_ratio': tensor(0.4010, device='cuda:0'), 'lr': 0.017655709806990286, 'train/prefecth_time': 0.19348403930664063, 'train/run_time': 0.24659046936035156, 'eval/loss': tensor(4.6019, device='cuda:0'), 'eval/top-1-acc': 0.3152, 'eval/top-5-acc': 0.8478, 'eval/precision': 0.48407803098631463, 'eval/recall': 0.31520000000000004, 'eval/F1': 0.2697053086421148, 'eval/AUC': 0.7688047555555555}, BEST_EVAL_ACC: 0.3152, at 13700 iters
[2025-06-05 01:15:16,740 INFO] model saved: ./saved_models\fixmatch_cifar10_40_0\model_best.pth
[2025-06-05 01:16:04,207 INFO] confusion matrix:
[[0.176 0.014 0.264 0.    0.    0.001 0.003 0.014 0.514 0.014]
 [0.001 0.229 0.083 0.    0.    0.    0.    0.004 0.205 0.478]
 [0.016 0.002 0.887 0.004 0.    0.005 0.005 0.013 0.064 0.004]
 [0.007 0.008 0.823 0.055 0.    0.048 0.005 0.017 0.029 0.008]
 [0.01  0.    0.815 0.002 0.003 0.011 0.008 0.112 0.035 0.004]
 [0.003 0.01  0.838 0.02  0.001 0.086 0.004 0.024 0.012 0.002]
 [0.003 0.    0.918 0.023 0.    0.007 0.033 0.003 0.013 0.   ]
 [0.004 0.003 0.447 0.007 0.002 0.011 0.    0.492 0.029 0.005]
 [0.008 0.023 0.082 0.002 0.001 0.    0.001 0.003 0.854 0.026]
 [0.002 0.238 0.13  0.001 0.    0.    0.    0.006 0.258 0.365]]
[2025-06-05 01:16:04,212 INFO] 13800 iteration, USE_EMA: True, {'train/sup_loss': tensor(0.0008, device='cuda:0'), 'train/unsup_loss': tensor(0.1789, device='cuda:0'), 'train/total_loss': tensor(0.1797, device='cuda:0'), 'train/mask_ratio': tensor(0.3125, device='cuda:0'), 'lr': 0.017488612292761947, 'train/prefecth_time': 0.19319512939453126, 'train/run_time': 0.24571495056152343, 'eval/loss': tensor(4.6233, device='cuda:0'), 'eval/top-1-acc': 0.318, 'eval/top-5-acc': 0.8477, 'eval/precision': 0.4888976300512272, 'eval/recall': 0.31799999999999995, 'eval/F1': 0.2715258043443961, 'eval/AUC': 0.7694438277777778}, BEST_EVAL_ACC: 0.318, at 13800 iters
[2025-06-05 01:16:04,268 INFO] model saved: ./saved_models\fixmatch_cifar10_40_0\model_best.pth
[2025-06-05 01:16:51,632 INFO] confusion matrix:
[[0.178 0.013 0.264 0.    0.    0.    0.002 0.014 0.513 0.016]
 [0.001 0.222 0.08  0.    0.    0.    0.    0.004 0.2   0.493]
 [0.016 0.002 0.884 0.003 0.    0.005 0.005 0.017 0.064 0.004]
 [0.008 0.007 0.834 0.052 0.    0.042 0.005 0.017 0.027 0.008]
 [0.01  0.    0.812 0.002 0.003 0.011 0.007 0.117 0.034 0.004]
 [0.003 0.009 0.846 0.02  0.001 0.079 0.004 0.024 0.012 0.002]
 [0.003 0.    0.926 0.02  0.    0.007 0.029 0.003 0.012 0.   ]
 [0.004 0.003 0.434 0.007 0.002 0.011 0.    0.505 0.027 0.007]
 [0.008 0.022 0.081 0.002 0.001 0.    0.001 0.004 0.856 0.025]
 [0.002 0.232 0.127 0.001 0.    0.    0.    0.007 0.252 0.379]]
[2025-06-05 01:16:51,640 INFO] 13900 iteration, USE_EMA: True, {'train/sup_loss': tensor(0.0059, device='cuda:0'), 'train/unsup_loss': tensor(0.1960, device='cuda:0'), 'train/total_loss': tensor(0.2020, device='cuda:0'), 'train/mask_ratio': tensor(0.4479, device='cuda:0'), 'lr': 0.017320688836612558, 'train/prefecth_time': 0.19163853454589844, 'train/run_time': 0.24602316284179687, 'eval/loss': tensor(4.6320, device='cuda:0'), 'eval/top-1-acc': 0.3187, 'eval/top-5-acc': 0.8492, 'eval/precision': 0.4879777336336642, 'eval/recall': 0.3187, 'eval/F1': 0.27080361046904305, 'eval/AUC': 0.7708222611111111}, BEST_EVAL_ACC: 0.3187, at 13900 iters
[2025-06-05 01:16:51,699 INFO] model saved: ./saved_models\fixmatch_cifar10_40_0\model_best.pth
[2025-06-05 01:17:39,334 INFO] confusion matrix:
[[0.187 0.013 0.262 0.    0.    0.    0.001 0.014 0.506 0.017]
 [0.001 0.228 0.08  0.    0.    0.    0.    0.003 0.185 0.503]
 [0.018 0.001 0.884 0.003 0.001 0.004 0.005 0.018 0.061 0.005]
 [0.009 0.007 0.847 0.045 0.    0.037 0.004 0.018 0.024 0.009]
 [0.011 0.    0.806 0.002 0.005 0.011 0.007 0.12  0.033 0.005]
 [0.003 0.009 0.851 0.019 0.001 0.074 0.005 0.025 0.011 0.002]
 [0.003 0.    0.927 0.02  0.    0.007 0.027 0.003 0.013 0.   ]
 [0.004 0.002 0.426 0.006 0.002 0.011 0.    0.516 0.026 0.007]
 [0.012 0.022 0.08  0.002 0.001 0.    0.001 0.004 0.852 0.026]
 [0.002 0.223 0.124 0.001 0.    0.    0.    0.009 0.242 0.399]]
[2025-06-05 01:17:39,339 INFO] 14000 iteration, USE_EMA: True, {'train/sup_loss': tensor(0.0011, device='cuda:0'), 'train/unsup_loss': tensor(0.2349, device='cuda:0'), 'train/total_loss': tensor(0.2361, device='cuda:0'), 'train/mask_ratio': tensor(0.3438, device='cuda:0'), 'lr': 0.017151947369132583, 'train/prefecth_time': 0.20318995666503906, 'train/run_time': 0.24712669372558593, 'eval/loss': tensor(4.6135, device='cuda:0'), 'eval/top-1-acc': 0.3217, 'eval/top-5-acc': 0.8501, 'eval/precision': 0.4932933460857819, 'eval/recall': 0.3217, 'eval/F1': 0.2734104945999493, 'eval/AUC': 0.7732174888888887}, BEST_EVAL_ACC: 0.3217, at 14000 iters
[2025-06-05 01:17:39,385 INFO] model saved: ./saved_models\fixmatch_cifar10_40_0\model_best.pth
[2025-06-05 01:18:27,000 INFO] confusion matrix:
[[0.203 0.013 0.248 0.    0.    0.    0.002 0.014 0.503 0.017]
 [0.002 0.226 0.079 0.    0.    0.    0.    0.003 0.178 0.512]
 [0.022 0.001 0.875 0.003 0.001 0.005 0.005 0.023 0.06  0.005]
 [0.01  0.008 0.841 0.04  0.    0.041 0.004 0.021 0.025 0.01 ]
 [0.012 0.    0.801 0.001 0.004 0.01  0.007 0.124 0.035 0.006]
 [0.003 0.009 0.84  0.017 0.001 0.087 0.004 0.026 0.011 0.002]
 [0.003 0.    0.929 0.019 0.    0.007 0.026 0.002 0.014 0.   ]
 [0.005 0.002 0.411 0.004 0.003 0.012 0.    0.529 0.027 0.007]
 [0.014 0.021 0.079 0.001 0.001 0.    0.001 0.004 0.852 0.027]
 [0.002 0.216 0.119 0.001 0.    0.    0.    0.009 0.238 0.415]]
[2025-06-05 01:18:27,007 INFO] 14100 iteration, USE_EMA: True, {'train/sup_loss': tensor(0.0017, device='cuda:0'), 'train/unsup_loss': tensor(0.0761, device='cuda:0'), 'train/total_loss': tensor(0.0778, device='cuda:0'), 'train/mask_ratio': tensor(0.4792, device='cuda:0'), 'lr': 0.016982395859545057, 'train/prefecth_time': 0.20979200744628906, 'train/run_time': 0.24737689208984376, 'eval/loss': tensor(4.5603, device='cuda:0'), 'eval/top-1-acc': 0.3257, 'eval/top-5-acc': 0.8514, 'eval/precision': 0.4845223125954544, 'eval/recall': 0.3257, 'eval/F1': 0.277912198811666, 'eval/AUC': 0.7765242333333333}, BEST_EVAL_ACC: 0.3257, at 14100 iters
[2025-06-05 01:18:27,068 INFO] model saved: ./saved_models\fixmatch_cifar10_40_0\model_best.pth
[2025-06-05 01:19:13,980 INFO] confusion matrix:
[[0.198 0.012 0.257 0.    0.    0.    0.001 0.014 0.501 0.017]
 [0.002 0.228 0.076 0.    0.    0.    0.    0.004 0.166 0.524]
 [0.022 0.    0.869 0.003 0.001 0.004 0.007 0.025 0.062 0.007]
 [0.01  0.007 0.839 0.039 0.    0.043 0.005 0.021 0.026 0.01 ]
 [0.012 0.    0.789 0.001 0.007 0.01  0.007 0.133 0.035 0.006]
 [0.002 0.008 0.836 0.015 0.001 0.091 0.004 0.029 0.011 0.003]
 [0.003 0.    0.92  0.019 0.    0.007 0.033 0.003 0.014 0.001]
 [0.006 0.002 0.393 0.004 0.003 0.012 0.    0.545 0.027 0.008]
 [0.014 0.021 0.078 0.001 0.002 0.    0.001 0.004 0.85  0.029]
 [0.003 0.21  0.114 0.001 0.    0.    0.    0.009 0.237 0.426]]
[2025-06-05 01:19:13,987 INFO] 14200 iteration, USE_EMA: True, {'train/sup_loss': tensor(0.0021, device='cuda:0'), 'train/unsup_loss': tensor(0.1591, device='cuda:0'), 'train/total_loss': tensor(0.1611, device='cuda:0'), 'train/mask_ratio': tensor(0.3646, device='cuda:0'), 'lr': 0.016812042315329196, 'train/prefecth_time': 0.18135346984863282, 'train/run_time': 0.2466631622314453, 'eval/loss': tensor(4.5080, device='cuda:0'), 'eval/top-1-acc': 0.3286, 'eval/top-5-acc': 0.851, 'eval/precision': 0.49932991805821203, 'eval/recall': 0.32860000000000006, 'eval/F1': 0.2813439937372023, 'eval/AUC': 0.7809765777777776}, BEST_EVAL_ACC: 0.3286, at 14200 iters
[2025-06-05 01:19:14,048 INFO] model saved: ./saved_models\fixmatch_cifar10_40_0\model_best.pth
[2025-06-05 01:20:01,560 INFO] confusion matrix:
[[0.202 0.012 0.253 0.    0.    0.    0.002 0.015 0.499 0.017]
 [0.002 0.231 0.076 0.    0.    0.    0.    0.002 0.158 0.531]
 [0.023 0.    0.864 0.003 0.001 0.004 0.008 0.029 0.061 0.007]
 [0.01  0.005 0.839 0.037 0.    0.045 0.005 0.022 0.027 0.01 ]
 [0.013 0.    0.782 0.001 0.006 0.01  0.007 0.143 0.032 0.006]
 [0.002 0.007 0.834 0.015 0.001 0.092 0.004 0.031 0.012 0.002]
 [0.003 0.001 0.922 0.017 0.    0.007 0.032 0.002 0.015 0.001]
 [0.006 0.002 0.381 0.004 0.003 0.012 0.    0.557 0.027 0.008]
 [0.015 0.019 0.078 0.001 0.001 0.    0.001 0.004 0.852 0.029]
 [0.003 0.205 0.111 0.001 0.    0.    0.    0.009 0.233 0.438]]
[2025-06-05 01:20:01,565 INFO] 14300 iteration, USE_EMA: True, {'train/sup_loss': tensor(0.0010, device='cuda:0'), 'train/unsup_loss': tensor(0.1827, device='cuda:0'), 'train/total_loss': tensor(0.1837, device='cuda:0'), 'train/mask_ratio': tensor(0.3802, device='cuda:0'), 'lr': 0.016640894781842247, 'train/prefecth_time': 0.20106842041015624, 'train/run_time': 0.24584909057617188, 'eval/loss': tensor(4.4793, device='cuda:0'), 'eval/top-1-acc': 0.3311, 'eval/top-5-acc': 0.8501, 'eval/precision': 0.4969756724725645, 'eval/recall': 0.3311, 'eval/F1': 0.2833185168308592, 'eval/AUC': 0.7836339611111113}, BEST_EVAL_ACC: 0.3311, at 14300 iters
[2025-06-05 01:20:01,623 INFO] model saved: ./saved_models\fixmatch_cifar10_40_0\model_best.pth
[2025-06-05 01:20:48,992 INFO] confusion matrix:
[[0.206 0.012 0.253 0.    0.    0.    0.001 0.016 0.495 0.017]
 [0.002 0.237 0.073 0.    0.    0.    0.    0.002 0.158 0.528]
 [0.024 0.001 0.866 0.003 0.001 0.003 0.009 0.028 0.06  0.005]
 [0.01  0.006 0.845 0.036 0.    0.041 0.004 0.023 0.025 0.01 ]
 [0.013 0.    0.768 0.001 0.006 0.008 0.007 0.158 0.033 0.006]
 [0.001 0.007 0.838 0.016 0.001 0.088 0.004 0.031 0.012 0.002]
 [0.004 0.001 0.919 0.017 0.    0.007 0.035 0.002 0.014 0.001]
 [0.006 0.002 0.37  0.004 0.003 0.011 0.    0.568 0.026 0.01 ]
 [0.014 0.021 0.078 0.001 0.002 0.    0.001 0.004 0.851 0.028]
 [0.002 0.22  0.105 0.001 0.    0.    0.    0.01  0.229 0.433]]
[2025-06-05 01:20:48,997 INFO] 14400 iteration, USE_EMA: True, {'train/sup_loss': tensor(0.0006, device='cuda:0'), 'train/unsup_loss': tensor(0.2342, device='cuda:0'), 'train/total_loss': tensor(0.2348, device='cuda:0'), 'train/mask_ratio': tensor(0.3438, device='cuda:0'), 'lr': 0.016468961341939516, 'train/prefecth_time': 0.1879193572998047, 'train/run_time': 0.24651161193847657, 'eval/loss': tensor(4.4470, device='cuda:0'), 'eval/top-1-acc': 0.3326, 'eval/top-5-acc': 0.8513, 'eval/precision': 0.49533443456339976, 'eval/recall': 0.33259999999999995, 'eval/F1': 0.2843199913874, 'eval/AUC': 0.7870651}, BEST_EVAL_ACC: 0.3326, at 14400 iters
[2025-06-05 01:20:49,048 INFO] model saved: ./saved_models\fixmatch_cifar10_40_0\model_best.pth
[2025-06-05 01:21:36,350 INFO] confusion matrix:
[[0.209 0.012 0.26  0.    0.    0.    0.001 0.015 0.485 0.018]
 [0.002 0.233 0.071 0.    0.    0.    0.    0.002 0.142 0.55 ]
 [0.022 0.001 0.866 0.003 0.001 0.003 0.008 0.033 0.058 0.005]
 [0.008 0.006 0.857 0.036 0.    0.033 0.004 0.02  0.026 0.01 ]
 [0.013 0.    0.755 0.001 0.008 0.007 0.007 0.17  0.033 0.006]
 [0.001 0.007 0.846 0.017 0.001 0.079 0.004 0.031 0.012 0.002]
 [0.004 0.001 0.923 0.018 0.    0.004 0.035 0.003 0.012 0.   ]
 [0.007 0.002 0.365 0.004 0.003 0.01  0.    0.575 0.023 0.011]
 [0.015 0.018 0.08  0.001 0.001 0.    0.001 0.004 0.851 0.029]
 [0.003 0.219 0.099 0.001 0.    0.    0.    0.01  0.223 0.445]]
[2025-06-05 01:21:36,355 INFO] 14500 iteration, USE_EMA: True, {'train/sup_loss': tensor(0.0008, device='cuda:0'), 'train/unsup_loss': tensor(0.2739, device='cuda:0'), 'train/total_loss': tensor(0.2747, device='cuda:0'), 'train/mask_ratio': tensor(0.3073, device='cuda:0'), 'lr': 0.016296250115592617, 'train/prefecth_time': 0.18985472106933593, 'train/run_time': 0.24683724975585938, 'eval/loss': tensor(4.4699, device='cuda:0'), 'eval/top-1-acc': 0.3337, 'eval/top-5-acc': 0.8518, 'eval/precision': 0.508816210156303, 'eval/recall': 0.3337, 'eval/F1': 0.284689882273805, 'eval/AUC': 0.7874781555555554}, BEST_EVAL_ACC: 0.3337, at 14500 iters
[2025-06-05 01:21:36,407 INFO] model saved: ./saved_models\fixmatch_cifar10_40_0\model_best.pth
[2025-06-05 01:22:23,518 INFO] confusion matrix:
[[0.207 0.012 0.267 0.    0.    0.    0.001 0.015 0.479 0.019]
 [0.002 0.227 0.068 0.    0.    0.    0.    0.003 0.134 0.566]
 [0.021 0.001 0.869 0.003 0.001 0.003 0.006 0.032 0.059 0.005]
 [0.007 0.007 0.863 0.036 0.    0.027 0.004 0.021 0.026 0.009]
 [0.013 0.    0.752 0.001 0.009 0.006 0.007 0.174 0.032 0.006]
 [0.    0.007 0.863 0.017 0.001 0.065 0.004 0.029 0.012 0.002]
 [0.004 0.001 0.927 0.017 0.    0.004 0.032 0.003 0.012 0.   ]
 [0.008 0.002 0.356 0.004 0.003 0.009 0.    0.582 0.024 0.012]
 [0.016 0.018 0.083 0.001 0.001 0.    0.    0.004 0.847 0.03 ]
 [0.003 0.22  0.095 0.001 0.    0.    0.    0.011 0.218 0.452]]
[2025-06-05 01:22:23,523 INFO] 14600 iteration, USE_EMA: True, {'train/sup_loss': tensor(0.0027, device='cuda:0'), 'train/unsup_loss': tensor(0.3218, device='cuda:0'), 'train/total_loss': tensor(0.3245, device='cuda:0'), 'train/mask_ratio': tensor(0.3073, device='cuda:0'), 'lr': 0.01612276925950603, 'train/prefecth_time': 0.18861260986328124, 'train/run_time': 0.24667106628417967, 'eval/loss': tensor(4.5276, device='cuda:0'), 'eval/top-1-acc': 0.3326, 'eval/top-5-acc': 0.8505, 'eval/precision': 0.5112992766355309, 'eval/recall': 0.3326, 'eval/F1': 0.2818857926908964, 'eval/AUC': 0.7866085944444443}, BEST_EVAL_ACC: 0.3337, at 14500 iters
[2025-06-05 01:23:10,244 INFO] confusion matrix:
[[0.219 0.013 0.261 0.    0.    0.    0.001 0.015 0.471 0.02 ]
 [0.002 0.231 0.066 0.    0.    0.    0.    0.003 0.127 0.571]
 [0.022 0.001 0.867 0.003 0.001 0.003 0.006 0.033 0.058 0.006]
 [0.007 0.007 0.871 0.036 0.    0.02  0.003 0.021 0.025 0.01 ]
 [0.014 0.    0.746 0.001 0.01  0.006 0.007 0.178 0.032 0.006]
 [0.    0.007 0.873 0.014 0.    0.06  0.004 0.028 0.012 0.002]
 [0.004 0.001 0.933 0.016 0.    0.003 0.029 0.002 0.012 0.   ]
 [0.008 0.002 0.354 0.004 0.002 0.008 0.    0.585 0.025 0.012]
 [0.018 0.019 0.079 0.002 0.001 0.    0.    0.004 0.845 0.032]
 [0.003 0.22  0.094 0.001 0.    0.    0.    0.011 0.21  0.461]]
[2025-06-05 01:23:10,255 INFO] 14700 iteration, USE_EMA: True, {'train/sup_loss': tensor(0.0009, device='cuda:0'), 'train/unsup_loss': tensor(0.2063, device='cuda:0'), 'train/total_loss': tensor(0.2073, device='cuda:0'), 'train/mask_ratio': tensor(0.3281, device='cuda:0'), 'lr': 0.015948526966731845, 'train/prefecth_time': 0.19522560119628907, 'train/run_time': 0.246582275390625, 'eval/loss': tensor(4.5411, device='cuda:0'), 'eval/top-1-acc': 0.3343, 'eval/top-5-acc': 0.8501, 'eval/precision': 0.527024779631138, 'eval/recall': 0.33429999999999993, 'eval/F1': 0.2835804082384354, 'eval/AUC': 0.7868385500000002}, BEST_EVAL_ACC: 0.3343, at 14700 iters
[2025-06-05 01:23:10,303 INFO] model saved: ./saved_models\fixmatch_cifar10_40_0\model_best.pth
[2025-06-05 01:23:57,540 INFO] confusion matrix:
[[0.218 0.013 0.265 0.    0.    0.    0.    0.015 0.468 0.021]
 [0.002 0.237 0.061 0.    0.    0.    0.    0.004 0.121 0.575]
 [0.022 0.001 0.868 0.003 0.    0.003 0.005 0.035 0.057 0.006]
 [0.007 0.007 0.868 0.036 0.    0.022 0.002 0.022 0.027 0.009]
 [0.014 0.    0.737 0.001 0.01  0.006 0.007 0.187 0.032 0.006]
 [0.    0.007 0.872 0.015 0.    0.061 0.004 0.027 0.012 0.002]
 [0.004 0.001 0.935 0.016 0.    0.004 0.026 0.002 0.012 0.   ]
 [0.009 0.002 0.345 0.004 0.002 0.007 0.    0.598 0.023 0.01 ]
 [0.018 0.019 0.078 0.002 0.002 0.    0.    0.004 0.847 0.03 ]
 [0.003 0.226 0.089 0.002 0.    0.    0.    0.012 0.206 0.462]]
[2025-06-05 01:23:57,547 INFO] 14800 iteration, USE_EMA: True, {'train/sup_loss': tensor(0.0010, device='cuda:0'), 'train/unsup_loss': tensor(0.1721, device='cuda:0'), 'train/total_loss': tensor(0.1730, device='cuda:0'), 'train/mask_ratio': tensor(0.4375, device='cuda:0'), 'lr': 0.01577353146628285, 'train/prefecth_time': 0.19909513854980468, 'train/run_time': 0.246451904296875, 'eval/loss': tensor(4.5428, device='cuda:0'), 'eval/top-1-acc': 0.3363, 'eval/top-5-acc': 0.8513, 'eval/precision': 0.5260144807208946, 'eval/recall': 0.3363, 'eval/F1': 0.2847123539640902, 'eval/AUC': 0.788128688888889}, BEST_EVAL_ACC: 0.3363, at 14800 iters
[2025-06-05 01:23:57,601 INFO] model saved: ./saved_models\fixmatch_cifar10_40_0\model_best.pth
[2025-06-05 01:24:44,800 INFO] confusion matrix:
[[0.22  0.013 0.27  0.    0.    0.    0.    0.015 0.461 0.021]
 [0.001 0.236 0.056 0.    0.    0.    0.    0.005 0.117 0.585]
 [0.024 0.001 0.871 0.002 0.    0.003 0.004 0.037 0.052 0.006]
 [0.007 0.006 0.869 0.034 0.    0.02  0.002 0.025 0.027 0.01 ]
 [0.013 0.    0.728 0.001 0.009 0.006 0.007 0.199 0.031 0.006]
 [0.    0.007 0.869 0.015 0.001 0.062 0.004 0.028 0.012 0.002]
 [0.004 0.001 0.94  0.015 0.    0.004 0.022 0.002 0.012 0.   ]
 [0.009 0.002 0.332 0.003 0.002 0.007 0.    0.613 0.023 0.009]
 [0.018 0.018 0.076 0.001 0.002 0.    0.    0.003 0.844 0.038]
 [0.002 0.224 0.086 0.002 0.    0.    0.    0.011 0.205 0.47 ]]
[2025-06-05 01:24:44,806 INFO] 14900 iteration, USE_EMA: True, {'train/sup_loss': tensor(0.0011, device='cuda:0'), 'train/unsup_loss': tensor(0.3145, device='cuda:0'), 'train/total_loss': tensor(0.3157, device='cuda:0'), 'train/mask_ratio': tensor(0.4271, device='cuda:0'), 'lr': 0.015597791022743857, 'train/prefecth_time': 0.18288621520996093, 'train/run_time': 0.24688006591796874, 'eval/loss': tensor(4.5231, device='cuda:0'), 'eval/top-1-acc': 0.3381, 'eval/top-5-acc': 0.8519, 'eval/precision': 0.5190639963163209, 'eval/recall': 0.3381, 'eval/F1': 0.28504439722832753, 'eval/AUC': 0.7906826888888888}, BEST_EVAL_ACC: 0.3381, at 14900 iters
[2025-06-05 01:24:44,860 INFO] model saved: ./saved_models\fixmatch_cifar10_40_0\model_best.pth
[2025-06-05 01:25:31,940 INFO] confusion matrix:
[[0.226 0.013 0.272 0.001 0.    0.    0.    0.016 0.45  0.022]
 [0.001 0.237 0.052 0.    0.    0.    0.    0.005 0.107 0.598]
 [0.026 0.001 0.867 0.002 0.    0.003 0.004 0.042 0.049 0.006]
 [0.007 0.005 0.873 0.034 0.    0.018 0.002 0.025 0.026 0.01 ]
 [0.014 0.    0.713 0.    0.008 0.006 0.007 0.22  0.026 0.006]
 [0.001 0.007 0.867 0.013 0.001 0.061 0.003 0.034 0.011 0.002]
 [0.004 0.001 0.945 0.013 0.    0.003 0.019 0.003 0.012 0.   ]
 [0.008 0.002 0.32  0.003 0.002 0.006 0.    0.628 0.023 0.008]
 [0.023 0.019 0.077 0.001 0.002 0.    0.    0.004 0.835 0.039]
 [0.002 0.232 0.082 0.001 0.    0.    0.    0.01  0.2   0.473]]
[2025-06-05 01:25:31,949 INFO] 15000 iteration, USE_EMA: True, {'train/sup_loss': tensor(0.0008, device='cuda:0'), 'train/unsup_loss': tensor(0.1730, device='cuda:0'), 'train/total_loss': tensor(0.1738, device='cuda:0'), 'train/mask_ratio': tensor(0.3385, device='cuda:0'), 'lr': 0.015421313935881444, 'train/prefecth_time': 0.188721435546875, 'train/run_time': 0.24655561828613282, 'eval/loss': tensor(4.5226, device='cuda:0'), 'eval/top-1-acc': 0.3388, 'eval/top-5-acc': 0.8509, 'eval/precision': 0.5163743970498202, 'eval/recall': 0.3388, 'eval/F1': 0.2849098520843174, 'eval/AUC': 0.7916075722222222}, BEST_EVAL_ACC: 0.3388, at 15000 iters
[2025-06-05 01:25:31,997 INFO] model saved: ./saved_models\fixmatch_cifar10_40_0\model_best.pth
[2025-06-05 01:26:18,887 INFO] confusion matrix:
[[0.254 0.013 0.281 0.001 0.    0.    0.    0.016 0.411 0.024]
 [0.002 0.235 0.052 0.    0.    0.    0.    0.005 0.096 0.61 ]
 [0.031 0.001 0.869 0.002 0.    0.003 0.005 0.041 0.042 0.006]
 [0.005 0.005 0.88  0.029 0.    0.016 0.002 0.025 0.025 0.013]
 [0.015 0.    0.709 0.    0.007 0.006 0.007 0.225 0.025 0.006]
 [0.002 0.007 0.872 0.012 0.001 0.057 0.004 0.034 0.009 0.002]
 [0.004 0.001 0.952 0.01  0.    0.002 0.02  0.002 0.009 0.   ]
 [0.008 0.002 0.318 0.003 0.002 0.006 0.    0.636 0.018 0.007]
 [0.031 0.017 0.081 0.001 0.002 0.    0.    0.004 0.818 0.046]
 [0.004 0.22  0.083 0.001 0.    0.    0.    0.011 0.186 0.495]]
[2025-06-05 01:26:18,893 INFO] 15100 iteration, USE_EMA: True, {'train/sup_loss': tensor(0.0010, device='cuda:0'), 'train/unsup_loss': tensor(0.2202, device='cuda:0'), 'train/total_loss': tensor(0.2212, device='cuda:0'), 'train/mask_ratio': tensor(0.4062, device='cuda:0'), 'lr': 0.015244108540251926, 'train/prefecth_time': 0.17776742553710936, 'train/run_time': 0.24727142333984375, 'eval/loss': tensor(4.4897, device='cuda:0'), 'eval/top-1-acc': 0.342, 'eval/top-5-acc': 0.8502, 'eval/precision': 0.5132696073564563, 'eval/recall': 0.342, 'eval/F1': 0.28889560632468336, 'eval/AUC': 0.7928205333333334}, BEST_EVAL_ACC: 0.342, at 15100 iters
[2025-06-05 01:26:18,944 INFO] model saved: ./saved_models\fixmatch_cifar10_40_0\model_best.pth
[2025-06-05 01:27:05,137 INFO] confusion matrix:
[[0.267 0.013 0.275 0.001 0.    0.    0.    0.016 0.403 0.025]
 [0.002 0.239 0.046 0.    0.    0.    0.    0.005 0.091 0.617]
 [0.031 0.001 0.869 0.002 0.    0.003 0.005 0.043 0.041 0.005]
 [0.005 0.005 0.88  0.028 0.    0.016 0.002 0.027 0.024 0.013]
 [0.014 0.    0.702 0.    0.007 0.006 0.007 0.233 0.025 0.006]
 [0.002 0.007 0.866 0.012 0.001 0.061 0.004 0.036 0.009 0.002]
 [0.004 0.001 0.945 0.009 0.    0.002 0.028 0.003 0.008 0.   ]
 [0.008 0.002 0.31  0.003 0.002 0.006 0.    0.644 0.018 0.007]
 [0.035 0.018 0.083 0.    0.002 0.    0.    0.005 0.814 0.043]
 [0.004 0.224 0.084 0.001 0.    0.    0.    0.012 0.176 0.499]]
[2025-06-05 01:27:05,142 INFO] 15200 iteration, USE_EMA: True, {'train/sup_loss': tensor(0.0007, device='cuda:0'), 'train/unsup_loss': tensor(0.1974, device='cuda:0'), 'train/total_loss': tensor(0.1981, device='cuda:0'), 'train/mask_ratio': tensor(0.4479, device='cuda:0'), 'lr': 0.015066183204807756, 'train/prefecth_time': 0.17334384155273438, 'train/run_time': 0.2460600280761719, 'eval/loss': tensor(4.4715, device='cuda:0'), 'eval/top-1-acc': 0.3456, 'eval/top-5-acc': 0.8512, 'eval/precision': 0.5243908861777541, 'eval/recall': 0.3456, 'eval/F1': 0.293500212146854, 'eval/AUC': 0.7936397222222222}, BEST_EVAL_ACC: 0.3456, at 15200 iters
[2025-06-05 01:27:05,186 INFO] model saved: ./saved_models\fixmatch_cifar10_40_0\model_best.pth
[2025-06-05 01:27:52,099 INFO] confusion matrix:
[[0.269 0.013 0.273 0.001 0.    0.    0.    0.017 0.403 0.024]
 [0.002 0.251 0.047 0.    0.    0.    0.    0.005 0.086 0.609]
 [0.033 0.001 0.871 0.001 0.    0.003 0.003 0.042 0.041 0.005]
 [0.007 0.006 0.871 0.028 0.    0.023 0.001 0.028 0.023 0.013]
 [0.014 0.    0.697 0.    0.005 0.006 0.007 0.24  0.025 0.006]
 [0.002 0.007 0.86  0.01  0.001 0.067 0.004 0.038 0.009 0.002]
 [0.004 0.001 0.948 0.01  0.    0.003 0.024 0.002 0.008 0.   ]
 [0.009 0.002 0.293 0.003 0.002 0.008 0.    0.657 0.019 0.007]
 [0.034 0.019 0.083 0.    0.002 0.    0.    0.007 0.814 0.041]
 [0.004 0.227 0.082 0.    0.    0.    0.    0.012 0.172 0.503]]
[2025-06-05 01:27:52,104 INFO] 15300 iteration, USE_EMA: True, {'train/sup_loss': tensor(0.0010, device='cuda:0'), 'train/unsup_loss': tensor(0.1670, device='cuda:0'), 'train/total_loss': tensor(0.1680, device='cuda:0'), 'train/mask_ratio': tensor(0.3333, device='cuda:0'), 'lr': 0.014887546332502303, 'train/prefecth_time': 0.1786367950439453, 'train/run_time': 0.2473553924560547, 'eval/loss': tensor(4.4530, device='cuda:0'), 'eval/top-1-acc': 0.3489, 'eval/top-5-acc': 0.8519, 'eval/precision': 0.5165392667441541, 'eval/recall': 0.34890000000000004, 'eval/F1': 0.2961259105424462, 'eval/AUC': 0.7953902111111112}, BEST_EVAL_ACC: 0.3489, at 15300 iters
[2025-06-05 01:27:52,155 INFO] model saved: ./saved_models\fixmatch_cifar10_40_0\model_best.pth
[2025-06-05 01:28:39,424 INFO] confusion matrix:
[[0.27  0.013 0.268 0.001 0.    0.    0.    0.017 0.406 0.025]
 [0.002 0.258 0.049 0.    0.    0.    0.    0.005 0.086 0.6  ]
 [0.033 0.001 0.869 0.001 0.    0.003 0.003 0.045 0.04  0.005]
 [0.007 0.006 0.875 0.025 0.    0.02  0.001 0.03  0.023 0.013]
 [0.013 0.    0.689 0.    0.005 0.006 0.007 0.249 0.025 0.006]
 [0.001 0.007 0.863 0.008 0.001 0.067 0.004 0.037 0.009 0.003]
 [0.004 0.001 0.95  0.009 0.    0.003 0.023 0.002 0.008 0.   ]
 [0.008 0.002 0.292 0.003 0.002 0.006 0.    0.662 0.018 0.007]
 [0.032 0.021 0.077 0.    0.002 0.    0.    0.007 0.818 0.043]
 [0.004 0.228 0.082 0.    0.    0.    0.    0.012 0.165 0.509]]
[2025-06-05 01:28:39,430 INFO] 15400 iteration, USE_EMA: True, {'train/sup_loss': tensor(0.0010, device='cuda:0'), 'train/unsup_loss': tensor(0.1587, device='cuda:0'), 'train/total_loss': tensor(0.1598, device='cuda:0'), 'train/mask_ratio': tensor(0.4010, device='cuda:0'), 'lr': 0.014708206359892959, 'train/prefecth_time': 0.1907947540283203, 'train/run_time': 0.2470361328125, 'eval/loss': tensor(4.4605, device='cuda:0'), 'eval/top-1-acc': 0.3506, 'eval/top-5-acc': 0.8512, 'eval/precision': 0.5204176855250684, 'eval/recall': 0.3506, 'eval/F1': 0.2971956027412791, 'eval/AUC': 0.7964494722222223}, BEST_EVAL_ACC: 0.3506, at 15400 iters
[2025-06-05 01:28:39,481 INFO] model saved: ./saved_models\fixmatch_cifar10_40_0\model_best.pth
[2025-06-05 01:29:26,677 INFO] confusion matrix:
[[0.282 0.013 0.259 0.001 0.    0.    0.    0.017 0.403 0.025]
 [0.003 0.265 0.047 0.    0.    0.    0.    0.006 0.081 0.598]
 [0.036 0.001 0.865 0.001 0.    0.003 0.003 0.045 0.041 0.005]
 [0.01  0.005 0.879 0.022 0.    0.017 0.001 0.029 0.023 0.014]
 [0.013 0.    0.688 0.    0.005 0.006 0.006 0.25  0.026 0.006]
 [0.001 0.007 0.867 0.008 0.001 0.061 0.004 0.039 0.009 0.003]
 [0.004 0.001 0.951 0.009 0.    0.002 0.022 0.002 0.009 0.   ]
 [0.009 0.002 0.288 0.003 0.002 0.005 0.    0.666 0.018 0.007]
 [0.034 0.021 0.076 0.    0.002 0.    0.    0.006 0.817 0.044]
 [0.003 0.225 0.078 0.    0.    0.    0.    0.013 0.16  0.521]]
[2025-06-05 01:29:26,689 INFO] 15500 iteration, USE_EMA: True, {'train/sup_loss': tensor(0.0007, device='cuda:0'), 'train/unsup_loss': tensor(0.1931, device='cuda:0'), 'train/total_loss': tensor(0.1938, device='cuda:0'), 'train/mask_ratio': tensor(0.3073, device='cuda:0'), 'lr': 0.014528171756742743, 'train/prefecth_time': 0.19278451538085936, 'train/run_time': 0.245712890625, 'eval/loss': tensor(4.4596, device='cuda:0'), 'eval/top-1-acc': 0.3526, 'eval/top-5-acc': 0.8505, 'eval/precision': 0.5199280404368558, 'eval/recall': 0.35259999999999997, 'eval/F1': 0.2985824002165486, 'eval/AUC': 0.7976789555555557}, BEST_EVAL_ACC: 0.3526, at 15500 iters
[2025-06-05 01:29:26,740 INFO] model saved: ./saved_models\fixmatch_cifar10_40_0\model_best.pth
[2025-06-05 01:30:13,774 INFO] confusion matrix:
[[0.286 0.013 0.252 0.001 0.    0.    0.    0.017 0.403 0.028]
 [0.004 0.276 0.044 0.    0.    0.    0.    0.006 0.08  0.59 ]
 [0.036 0.001 0.864 0.001 0.001 0.003 0.003 0.043 0.042 0.006]
 [0.009 0.006 0.889 0.017 0.    0.016 0.001 0.028 0.023 0.011]
 [0.013 0.    0.687 0.    0.008 0.007 0.006 0.248 0.025 0.006]
 [0.001 0.007 0.87  0.008 0.001 0.059 0.004 0.039 0.008 0.003]
 [0.004 0.001 0.951 0.008 0.    0.002 0.023 0.002 0.009 0.   ]
 [0.01  0.002 0.281 0.002 0.002 0.007 0.    0.671 0.018 0.007]
 [0.033 0.021 0.075 0.    0.002 0.    0.    0.006 0.82  0.043]
 [0.003 0.233 0.074 0.    0.    0.    0.    0.013 0.159 0.518]]
[2025-06-05 01:30:13,780 INFO] 15600 iteration, USE_EMA: True, {'train/sup_loss': tensor(0.0003, device='cuda:0'), 'train/unsup_loss': tensor(0.1510, device='cuda:0'), 'train/total_loss': tensor(0.1513, device='cuda:0'), 'train/mask_ratio': tensor(0.3542, device='cuda:0'), 'lr': 0.014347451025620262, 'train/prefecth_time': 0.18869036865234376, 'train/run_time': 0.24613990783691406, 'eval/loss': tensor(4.4662, device='cuda:0'), 'eval/top-1-acc': 0.3542, 'eval/top-5-acc': 0.8504, 'eval/precision': 0.5232509200302989, 'eval/recall': 0.35419999999999996, 'eval/F1': 0.3001785063803686, 'eval/AUC': 0.7986132555555554}, BEST_EVAL_ACC: 0.3542, at 15600 iters
[2025-06-05 01:30:13,840 INFO] model saved: ./saved_models\fixmatch_cifar10_40_0\model_best.pth
[2025-06-05 01:31:01,405 INFO] confusion matrix:
[[0.281 0.013 0.25  0.001 0.    0.    0.001 0.017 0.408 0.029]
 [0.003 0.287 0.043 0.    0.    0.    0.    0.005 0.073 0.589]
 [0.033 0.001 0.866 0.001 0.001 0.003 0.003 0.043 0.042 0.007]
 [0.009 0.006 0.891 0.015 0.    0.015 0.001 0.03  0.022 0.011]
 [0.013 0.    0.684 0.    0.008 0.007 0.006 0.251 0.025 0.006]
 [0.001 0.007 0.88  0.004 0.001 0.055 0.004 0.038 0.007 0.003]
 [0.004 0.001 0.951 0.007 0.    0.002 0.024 0.002 0.009 0.   ]
 [0.007 0.    0.279 0.001 0.002 0.007 0.    0.68  0.017 0.007]
 [0.027 0.023 0.073 0.    0.003 0.    0.    0.007 0.824 0.043]
 [0.003 0.238 0.07  0.    0.    0.    0.    0.012 0.15  0.527]]
[2025-06-05 01:31:01,413 INFO] 15700 iteration, USE_EMA: True, {'train/sup_loss': tensor(0.0029, device='cuda:0'), 'train/unsup_loss': tensor(0.1278, device='cuda:0'), 'train/total_loss': tensor(0.1307, device='cuda:0'), 'train/mask_ratio': tensor(0.3854, device='cuda:0'), 'lr': 0.014166052701498184, 'train/prefecth_time': 0.17717042541503905, 'train/run_time': 0.24631910705566407, 'eval/loss': tensor(4.4831, device='cuda:0'), 'eval/top-1-acc': 0.3567, 'eval/top-5-acc': 0.851, 'eval/precision': 0.5273884484041425, 'eval/recall': 0.3567, 'eval/F1': 0.301871349651839, 'eval/AUC': 0.8002297388888888}, BEST_EVAL_ACC: 0.3567, at 15700 iters
[2025-06-05 01:31:01,465 INFO] model saved: ./saved_models\fixmatch_cifar10_40_0\model_best.pth
[2025-06-05 01:31:48,020 INFO] confusion matrix:
[[0.275 0.014 0.251 0.    0.    0.    0.    0.02  0.408 0.032]
 [0.003 0.284 0.042 0.    0.    0.    0.    0.006 0.069 0.596]
 [0.032 0.001 0.859 0.001 0.001 0.003 0.004 0.048 0.045 0.006]
 [0.009 0.006 0.888 0.013 0.    0.016 0.002 0.03  0.024 0.012]
 [0.012 0.    0.676 0.    0.008 0.005 0.006 0.262 0.026 0.005]
 [0.001 0.007 0.878 0.004 0.001 0.056 0.004 0.039 0.007 0.003]
 [0.004 0.001 0.945 0.006 0.    0.002 0.03  0.002 0.01  0.   ]
 [0.006 0.001 0.274 0.001 0.002 0.006 0.    0.685 0.018 0.007]
 [0.023 0.022 0.071 0.    0.003 0.    0.    0.009 0.828 0.044]
 [0.003 0.244 0.067 0.    0.    0.    0.    0.013 0.142 0.531]]
[2025-06-05 01:31:48,025 INFO] 15800 iteration, USE_EMA: True, {'train/sup_loss': tensor(0.0024, device='cuda:0'), 'train/unsup_loss': tensor(0.2256, device='cuda:0'), 'train/total_loss': tensor(0.2281, device='cuda:0'), 'train/mask_ratio': tensor(0.5521, device='cuda:0'), 'lr': 0.013983985351350132, 'train/prefecth_time': 0.19223788452148438, 'train/run_time': 0.2479376678466797, 'eval/loss': tensor(4.4050, device='cuda:0'), 'eval/top-1-acc': 0.3569, 'eval/top-5-acc': 0.8517, 'eval/precision': 0.5321869432692599, 'eval/recall': 0.3569, 'eval/F1': 0.3017286893774899, 'eval/AUC': 0.8061757555555554}, BEST_EVAL_ACC: 0.3569, at 15800 iters
[2025-06-05 01:31:48,074 INFO] model saved: ./saved_models\fixmatch_cifar10_40_0\model_best.pth
[2025-06-05 01:32:35,547 INFO] confusion matrix:
[[0.277 0.014 0.247 0.    0.    0.    0.    0.02  0.409 0.033]
 [0.003 0.283 0.04  0.    0.    0.    0.    0.005 0.068 0.601]
 [0.034 0.001 0.843 0.001 0.001 0.003 0.006 0.057 0.045 0.009]
 [0.009 0.006 0.869 0.022 0.    0.014 0.001 0.039 0.028 0.012]
 [0.012 0.    0.654 0.    0.007 0.004 0.007 0.283 0.027 0.006]
 [0.003 0.008 0.858 0.006 0.001 0.059 0.003 0.05  0.008 0.004]
 [0.007 0.001 0.925 0.008 0.001 0.002 0.038 0.006 0.011 0.001]
 [0.005 0.001 0.247 0.002 0.002 0.006 0.    0.709 0.02  0.008]
 [0.021 0.021 0.067 0.    0.003 0.    0.    0.007 0.837 0.044]
 [0.003 0.245 0.064 0.    0.    0.    0.    0.014 0.136 0.538]]
[2025-06-05 01:32:35,554 INFO] 15900 iteration, USE_EMA: True, {'train/sup_loss': tensor(0.0010, device='cuda:0'), 'train/unsup_loss': tensor(0.1402, device='cuda:0'), 'train/total_loss': tensor(0.1412, device='cuda:0'), 'train/mask_ratio': tensor(0.5312, device='cuda:0'), 'lr': 0.013801257573746109, 'train/prefecth_time': 0.19290214538574219, 'train/run_time': 0.24659149169921876, 'eval/loss': tensor(4.2185, device='cuda:0'), 'eval/top-1-acc': 0.3613, 'eval/top-5-acc': 0.8531, 'eval/precision': 0.5346708512693685, 'eval/recall': 0.36130000000000007, 'eval/F1': 0.3059075800435759, 'eval/AUC': 0.8143105444444447}, BEST_EVAL_ACC: 0.3613, at 15900 iters
[2025-06-05 01:32:35,604 INFO] model saved: ./saved_models\fixmatch_cifar10_40_0\model_best.pth
[2025-06-05 01:33:23,513 INFO] confusion matrix:
[[0.269 0.014 0.242 0.    0.    0.    0.    0.021 0.421 0.033]
 [0.003 0.276 0.033 0.    0.    0.    0.    0.006 0.071 0.611]
 [0.033 0.001 0.828 0.001 0.001 0.003 0.012 0.065 0.047 0.009]
 [0.008 0.006 0.855 0.027 0.    0.014 0.005 0.041 0.03  0.014]
 [0.011 0.001 0.629 0.001 0.007 0.005 0.011 0.3   0.03  0.005]
 [0.003 0.008 0.846 0.009 0.001 0.057 0.003 0.06  0.01  0.003]
 [0.007 0.001 0.895 0.008 0.001 0.002 0.066 0.006 0.013 0.001]
 [0.004 0.001 0.24  0.003 0.002 0.006 0.    0.715 0.021 0.008]
 [0.02  0.021 0.063 0.    0.002 0.    0.    0.007 0.845 0.042]
 [0.004 0.254 0.057 0.    0.    0.    0.    0.017 0.135 0.533]]
[2025-06-05 01:33:23,521 INFO] 16000 iteration, USE_EMA: True, {'train/sup_loss': tensor(0.0009, device='cuda:0'), 'train/unsup_loss': tensor(0.1335, device='cuda:0'), 'train/total_loss': tensor(0.1344, device='cuda:0'), 'train/mask_ratio': tensor(0.5417, device='cuda:0'), 'lr': 0.013617877998446389, 'train/prefecth_time': 0.236801025390625, 'train/run_time': 0.24837715148925782, 'eval/loss': tensor(4.0493, device='cuda:0'), 'eval/top-1-acc': 0.3623, 'eval/top-5-acc': 0.8533, 'eval/precision': 0.5301270736943714, 'eval/recall': 0.36229999999999996, 'eval/F1': 0.30804938461192943, 'eval/AUC': 0.8195207777777779}, BEST_EVAL_ACC: 0.3623, at 16000 iters
[2025-06-05 01:33:23,580 INFO] model saved: ./saved_models\fixmatch_cifar10_40_0\model_best.pth
[2025-06-05 01:40:46,678 INFO] confusion matrix:
[[0.322 0.014 0.156 0.    0.    0.001 0.01  0.027 0.43  0.04 ]
 [0.002 0.311 0.012 0.    0.    0.    0.005 0.006 0.047 0.617]
 [0.041 0.003 0.502 0.002 0.001 0.004 0.279 0.091 0.066 0.011]
 [0.015 0.007 0.667 0.031 0.001 0.013 0.126 0.073 0.045 0.022]
 [0.012 0.    0.163 0.003 0.009 0.005 0.406 0.369 0.03  0.003]
 [0.006 0.01  0.654 0.009 0.001 0.063 0.121 0.116 0.013 0.007]
 [0.007 0.001 0.353 0.01  0.    0.001 0.589 0.012 0.023 0.004]
 [0.003 0.    0.137 0.003 0.    0.008 0.028 0.793 0.022 0.006]
 [0.018 0.026 0.032 0.    0.002 0.    0.005 0.01  0.869 0.038]
 [0.005 0.236 0.03  0.    0.    0.    0.006 0.02  0.128 0.575]]
[2025-06-05 01:40:46,686 INFO] 17000 iteration, USE_EMA: True, {'train/sup_loss': tensor(0.0012, device='cuda:0'), 'train/unsup_loss': tensor(0.1862, device='cuda:0'), 'train/total_loss': tensor(0.1874, device='cuda:0'), 'train/mask_ratio': tensor(0.4531, device='cuda:0'), 'lr': 0.011750153400260373, 'train/prefecth_time': 0.21387974548339844, 'train/run_time': 0.2474322509765625, 'eval/loss': tensor(3.5642, device='cuda:0'), 'eval/top-1-acc': 0.4064, 'eval/top-5-acc': 0.8528, 'eval/precision': 0.5135379376102422, 'eval/recall': 0.4064, 'eval/F1': 0.35320302131440207, 'eval/AUC': 0.8316878055555554}, BEST_EVAL_ACC: 0.4064, at 17000 iters
[2025-06-05 01:40:46,739 INFO] model saved: ./saved_models\fixmatch_cifar10_40_0\model_best.pth
[2025-06-05 01:48:01,801 INFO] confusion matrix:
[[0.34  0.015 0.12  0.    0.    0.001 0.045 0.026 0.414 0.039]
 [0.002 0.311 0.01  0.    0.    0.    0.004 0.008 0.043 0.622]
 [0.051 0.    0.367 0.001 0.    0.004 0.431 0.077 0.058 0.011]
 [0.012 0.003 0.617 0.012 0.    0.017 0.208 0.068 0.039 0.024]
 [0.01  0.    0.085 0.001 0.008 0.004 0.54  0.319 0.03  0.003]
 [0.005 0.006 0.532 0.005 0.001 0.071 0.248 0.108 0.013 0.011]
 [0.006 0.001 0.234 0.006 0.    0.002 0.725 0.005 0.015 0.006]
 [0.003 0.    0.099 0.003 0.    0.009 0.064 0.793 0.021 0.008]
 [0.017 0.029 0.027 0.    0.001 0.001 0.01  0.008 0.865 0.042]
 [0.002 0.183 0.02  0.    0.    0.    0.008 0.011 0.105 0.671]]
[2025-06-05 01:48:01,806 INFO] 18000 iteration, USE_EMA: True, {'train/sup_loss': tensor(0.0005, device='cuda:0'), 'train/unsup_loss': tensor(0.1979, device='cuda:0'), 'train/total_loss': tensor(0.1984, device='cuda:0'), 'train/mask_ratio': tensor(0.4479, device='cuda:0'), 'lr': 0.009826957485191697, 'train/prefecth_time': 0.17311228942871093, 'train/run_time': 0.24629656982421874, 'eval/loss': tensor(3.7618, device='cuda:0'), 'eval/top-1-acc': 0.4163, 'eval/top-5-acc': 0.8496, 'eval/precision': 0.526164187395231, 'eval/recall': 0.4163, 'eval/F1': 0.358611469078995, 'eval/AUC': 0.8369535944444444}, BEST_EVAL_ACC: 0.4163, at 18000 iters
[2025-06-05 01:48:01,860 INFO] model saved: ./saved_models\fixmatch_cifar10_40_0\model_best.pth
[2025-06-05 01:55:09,160 INFO] confusion matrix:
[[0.33  0.016 0.117 0.    0.    0.001 0.054 0.029 0.429 0.024]
 [0.001 0.47  0.015 0.    0.    0.    0.004 0.007 0.039 0.464]
 [0.044 0.002 0.379 0.001 0.    0.002 0.438 0.076 0.052 0.006]
 [0.01  0.003 0.63  0.015 0.    0.019 0.208 0.061 0.032 0.022]
 [0.007 0.001 0.082 0.001 0.005 0.005 0.56  0.308 0.028 0.003]
 [0.004 0.005 0.492 0.003 0.001 0.074 0.295 0.106 0.015 0.005]
 [0.006 0.001 0.254 0.003 0.    0.001 0.715 0.003 0.015 0.002]
 [0.001 0.    0.1   0.003 0.    0.009 0.077 0.785 0.019 0.006]
 [0.013 0.026 0.027 0.    0.001 0.001 0.015 0.009 0.885 0.023]
 [0.002 0.167 0.023 0.    0.    0.    0.006 0.01  0.108 0.684]]
[2025-06-05 01:55:09,166 INFO] 19000 iteration, USE_EMA: True, {'train/sup_loss': tensor(0.0011, device='cuda:0'), 'train/unsup_loss': tensor(0.1608, device='cuda:0'), 'train/total_loss': tensor(0.1619, device='cuda:0'), 'train/mask_ratio': tensor(0.4010, device='cuda:0'), 'lr': 0.007857369471732094, 'train/prefecth_time': 0.19220774841308594, 'train/run_time': 0.24595939636230468, 'eval/loss': tensor(3.8580, device='cuda:0'), 'eval/top-1-acc': 0.4342, 'eval/top-5-acc': 0.8534, 'eval/precision': 0.5562670253422759, 'eval/recall': 0.4342, 'eval/F1': 0.38025498713745065, 'eval/AUC': 0.8426669388888889}, BEST_EVAL_ACC: 0.4342, at 19000 iters
[2025-06-05 01:55:09,244 INFO] model saved: ./saved_models\fixmatch_cifar10_40_0\model_best.pth
[2025-06-05 02:02:17,650 INFO] confusion matrix:
[[0.378 0.017 0.091 0.    0.    0.    0.062 0.035 0.392 0.025]
 [0.002 0.674 0.015 0.    0.    0.    0.003 0.008 0.025 0.273]
 [0.06  0.002 0.326 0.    0.    0.001 0.485 0.077 0.044 0.005]
 [0.015 0.006 0.599 0.013 0.    0.013 0.24  0.064 0.029 0.021]
 [0.006 0.001 0.058 0.001 0.002 0.002 0.609 0.289 0.029 0.003]
 [0.003 0.002 0.463 0.001 0.    0.051 0.339 0.119 0.012 0.01 ]
 [0.008 0.001 0.232 0.001 0.    0.002 0.74  0.003 0.011 0.002]
 [0.001 0.    0.088 0.001 0.    0.005 0.089 0.794 0.017 0.005]
 [0.016 0.027 0.022 0.    0.001 0.    0.017 0.007 0.885 0.025]
 [0.001 0.13  0.023 0.    0.    0.    0.006 0.011 0.084 0.745]]
[2025-06-05 02:02:17,705 INFO] model saved: ./saved_models\fixmatch_cifar10_40_0\latest_model.pth
