[2025-06-09 00:44:54,721 WARNING] USE GPU: 0 for training
[2025-06-09 00:44:54,744 INFO] Number of Trainable Params: 1469642
[2025-06-09 00:44:54,957 INFO] model_arch: <models.fixmatch.fixmatch.FixMatch object at 0x00000209FFE6AC90>
[2025-06-09 00:44:54,957 INFO] Arguments: Namespace(save_dir='./saved_models', save_name='fixmatch_cifar10_250_0', resume=False, load_path='None', overwrite=False, use_tensorboard=True, epoch=1, num_train_iter=20000, num_eval_iter=100, num_labels=250, batch_size=64, uratio=3, eval_batch_size=1024, hard_label=True, T=0.5, p_cutoff=0.95, ema_m=0.999, ulb_loss_ratio=1.0, optim='SGD', lr=0.03, momentum=0.9, weight_decay=0.0005, amp=False, clip=0, net='WideResNet', net_from_name=False, depth=28, widen_factor=2, leaky_slope=0.1, dropout=0.0, data_dir='./data', dataset='cifar10', train_sampler='RandomSampler', num_classes=10, num_workers=0, world_size=1, rank=0, dist_url='tcp://127.0.0.1:10006', dist_backend='nccl', seed=0, gpu=0, multiprocessing_distributed=False, c='config/fixmatch/fixmatch_cifar10_250_0.yaml', alg='fixmatch', distributed=False, bn_momentum=0.0010000000000000009)
[2025-06-09 00:44:56,391 INFO] [!] data loader keys: dict_keys(['train_lb', 'train_ulb', 'eval'])
[2025-06-09 00:44:59,968 INFO] model saved: ./saved_models\fixmatch_cifar10_250_0\latest_model.pth
[2025-06-09 00:45:06,191 INFO] confusion matrix:
[[0.826 0.088 0.086 0.    0.    0.    0.    0.    0.    0.   ]
 [0.959 0.01  0.031 0.    0.    0.    0.    0.    0.    0.   ]
 [0.908 0.022 0.07  0.    0.    0.    0.    0.    0.    0.   ]
 [0.948 0.019 0.033 0.    0.    0.    0.    0.    0.    0.   ]
 [0.939 0.01  0.051 0.    0.    0.    0.    0.    0.    0.   ]
 [0.923 0.032 0.045 0.    0.    0.    0.    0.    0.    0.   ]
 [0.973 0.    0.027 0.    0.    0.    0.    0.    0.    0.   ]
 [0.944 0.009 0.047 0.    0.    0.    0.    0.    0.    0.   ]
 [0.867 0.065 0.068 0.    0.    0.    0.    0.    0.    0.   ]
 [0.97  0.009 0.021 0.    0.    0.    0.    0.    0.    0.   ]]
[2025-06-09 00:45:06,440 INFO] 0 iteration, USE_EMA: True, {'train/sup_loss': tensor(2.5449, device='cuda:0'), 'train/unsup_loss': tensor(0., device='cuda:0'), 'train/total_loss': tensor(2.5449, device='cuda:0'), 'train/mask_ratio': tensor(1., device='cuda:0'), 'lr': 0.0299999999291586, 'train/prefecth_time': 0.18491596984863282, 'train/run_time': 3.21309619140625, 'eval/loss': tensor(13.4830, device='cuda:0'), 'eval/top-1-acc': 0.0906, 'eval/top-5-acc': 0.5013, 'eval/precision': 0.027324634699953897, 'eval/recall': 0.09059999999999999, 'eval/F1': 0.027154207689403666, 'eval/AUC': 0.4856793722222223}, BEST_EVAL_ACC: 0.0906, at 0 iters
[2025-06-09 00:45:06,492 INFO] model saved: ./saved_models\fixmatch_cifar10_250_0\model_best.pth
[2025-06-09 00:46:09,350 INFO] confusion matrix:
[[0.774 0.226 0.    0.    0.    0.    0.    0.    0.    0.   ]
 [0.961 0.039 0.    0.    0.    0.    0.    0.    0.    0.   ]
 [0.922 0.061 0.004 0.013 0.    0.    0.    0.    0.    0.   ]
 [0.974 0.026 0.    0.    0.    0.    0.    0.    0.    0.   ]
 [0.968 0.018 0.005 0.009 0.    0.    0.    0.    0.    0.   ]
 [0.959 0.039 0.001 0.001 0.    0.    0.    0.    0.    0.   ]
 [0.992 0.007 0.    0.001 0.    0.    0.    0.    0.    0.   ]
 [0.973 0.027 0.    0.    0.    0.    0.    0.    0.    0.   ]
 [0.832 0.168 0.    0.    0.    0.    0.    0.    0.    0.   ]
 [0.964 0.036 0.    0.    0.    0.    0.    0.    0.    0.   ]]
[2025-06-09 00:46:09,355 INFO] 100 iteration, USE_EMA: True, {'train/sup_loss': tensor(1.1005, device='cuda:0'), 'train/unsup_loss': tensor(0.0472, device='cuda:0'), 'train/total_loss': tensor(1.1477, device='cuda:0'), 'train/mask_ratio': tensor(0.9740, device='cuda:0'), 'lr': 0.029999277349792332, 'train/prefecth_time': 0.1595666809082031, 'train/run_time': 0.4258734130859375, 'eval/loss': tensor(3.9373, device='cuda:0'), 'eval/top-1-acc': 0.0817, 'eval/top-5-acc': 0.475, 'eval/precision': 0.05433343290112289, 'eval/recall': 0.08170000000000001, 'eval/F1': 0.020529416261556445, 'eval/AUC': 0.5005390055555555}, BEST_EVAL_ACC: 0.0906, at 0 iters
[2025-06-09 00:46:55,042 INFO] confusion matrix:
[[0.879 0.109 0.006 0.002 0.003 0.    0.    0.    0.    0.001]
 [0.989 0.011 0.    0.    0.    0.    0.    0.    0.    0.   ]
 [0.901 0.03  0.014 0.012 0.04  0.    0.001 0.    0.    0.002]
 [0.99  0.006 0.001 0.001 0.001 0.    0.001 0.    0.    0.   ]
 [0.936 0.002 0.015 0.011 0.035 0.    0.001 0.    0.    0.   ]
 [0.976 0.009 0.009 0.002 0.004 0.    0.    0.    0.    0.   ]
 [0.979 0.003 0.004 0.003 0.01  0.    0.001 0.    0.    0.   ]
 [0.994 0.005 0.    0.    0.001 0.    0.    0.    0.    0.   ]
 [0.964 0.033 0.002 0.    0.    0.    0.    0.    0.    0.001]
 [0.993 0.007 0.    0.    0.    0.    0.    0.    0.    0.   ]]
[2025-06-09 00:46:55,047 INFO] 200 iteration, USE_EMA: True, {'train/sup_loss': tensor(0.2524, device='cuda:0'), 'train/unsup_loss': tensor(0.1594, device='cuda:0'), 'train/total_loss': tensor(0.4118, device='cuda:0'), 'train/mask_ratio': tensor(0.9167, device='cuda:0'), 'lr': 0.02999713798215552, 'train/prefecth_time': 0.16271653747558593, 'train/run_time': 0.2456555480957031, 'eval/loss': tensor(2.7179, device='cuda:0'), 'eval/top-1-acc': 0.0941, 'eval/top-5-acc': 0.5551, 'eval/precision': 0.10718240479002836, 'eval/recall': 0.0941, 'eval/F1': 0.027849897268624822, 'eval/AUC': 0.5432878333333333}, BEST_EVAL_ACC: 0.0941, at 200 iters
[2025-06-09 00:46:55,094 INFO] model saved: ./saved_models\fixmatch_cifar10_250_0\model_best.pth
[2025-06-09 00:47:40,348 INFO] confusion matrix:
[[0.89  0.009 0.037 0.002 0.01  0.    0.    0.    0.04  0.012]
 [0.995 0.    0.001 0.001 0.002 0.    0.    0.    0.    0.001]
 [0.774 0.001 0.032 0.028 0.136 0.    0.012 0.    0.012 0.005]
 [0.941 0.001 0.022 0.013 0.019 0.    0.001 0.    0.003 0.   ]
 [0.78  0.    0.014 0.023 0.164 0.    0.014 0.    0.004 0.001]
 [0.908 0.    0.049 0.012 0.024 0.    0.002 0.    0.004 0.001]
 [0.836 0.    0.017 0.012 0.122 0.    0.01  0.    0.003 0.   ]
 [0.945 0.    0.023 0.001 0.029 0.    0.001 0.    0.001 0.   ]
 [0.931 0.    0.017 0.002 0.001 0.    0.    0.    0.044 0.005]
 [0.989 0.    0.008 0.002 0.    0.    0.    0.    0.001 0.   ]]
[2025-06-09 00:47:40,354 INFO] 300 iteration, USE_EMA: True, {'train/sup_loss': tensor(0.1468, device='cuda:0'), 'train/unsup_loss': tensor(0.1235, device='cuda:0'), 'train/total_loss': tensor(0.2704, device='cuda:0'), 'train/mask_ratio': tensor(0.8594, device='cuda:0'), 'lr': 0.02999358192728497, 'train/prefecth_time': 0.16899072265625, 'train/run_time': 0.24575276184082032, 'eval/loss': tensor(2.4133, device='cuda:0'), 'eval/top-1-acc': 0.1153, 'eval/top-5-acc': 0.6252, 'eval/precision': 0.13462096563629314, 'eval/recall': 0.1153, 'eval/F1': 0.05703960818026087, 'eval/AUC': 0.6232108833333333}, BEST_EVAL_ACC: 0.1153, at 300 iters
[2025-06-09 00:47:40,404 INFO] model saved: ./saved_models\fixmatch_cifar10_250_0\model_best.pth
[2025-06-09 00:48:25,907 INFO] confusion matrix:
[[0.646 0.002 0.091 0.014 0.027 0.    0.001 0.    0.215 0.004]
 [0.889 0.    0.018 0.023 0.011 0.    0.001 0.    0.052 0.006]
 [0.586 0.    0.062 0.047 0.204 0.    0.053 0.    0.046 0.002]
 [0.792 0.    0.035 0.057 0.095 0.    0.003 0.    0.018 0.   ]
 [0.588 0.    0.017 0.032 0.295 0.    0.038 0.    0.03  0.   ]
 [0.741 0.    0.052 0.072 0.1   0.    0.009 0.    0.025 0.001]
 [0.613 0.    0.028 0.03  0.283 0.    0.035 0.    0.011 0.   ]
 [0.771 0.    0.043 0.027 0.137 0.    0.002 0.    0.02  0.   ]
 [0.647 0.    0.031 0.011 0.006 0.    0.    0.    0.303 0.002]
 [0.89  0.    0.024 0.019 0.008 0.    0.001 0.    0.051 0.007]]
[2025-06-09 00:48:25,913 INFO] 400 iteration, USE_EMA: True, {'train/sup_loss': tensor(0.1933, device='cuda:0'), 'train/unsup_loss': tensor(0.2751, device='cuda:0'), 'train/total_loss': tensor(0.4684, device='cuda:0'), 'train/mask_ratio': tensor(0.8229, device='cuda:0'), 'lr': 0.02998860935312395, 'train/prefecth_time': 0.1930250244140625, 'train/run_time': 0.24943206787109376, 'eval/loss': tensor(2.3237, device='cuda:0'), 'eval/top-1-acc': 0.1405, 'eval/top-5-acc': 0.6371, 'eval/precision': 0.16254207768670348, 'eval/recall': 0.14049999999999999, 'eval/F1': 0.10218809774435667, 'eval/AUC': 0.6720070055555556}, BEST_EVAL_ACC: 0.1405, at 400 iters
[2025-06-09 00:48:25,960 INFO] model saved: ./saved_models\fixmatch_cifar10_250_0\model_best.pth
[2025-06-09 00:49:11,311 INFO] confusion matrix:
[[0.447 0.    0.066 0.036 0.049 0.    0.003 0.    0.397 0.002]
 [0.698 0.    0.013 0.04  0.033 0.    0.001 0.    0.196 0.019]
 [0.436 0.    0.062 0.07  0.242 0.    0.104 0.    0.085 0.001]
 [0.635 0.    0.026 0.112 0.165 0.    0.016 0.    0.046 0.   ]
 [0.399 0.    0.029 0.039 0.382 0.    0.102 0.    0.049 0.   ]
 [0.56  0.    0.04  0.148 0.173 0.    0.019 0.    0.06  0.   ]
 [0.427 0.    0.027 0.062 0.38  0.    0.084 0.    0.02  0.   ]
 [0.552 0.    0.043 0.059 0.289 0.    0.009 0.    0.048 0.   ]
 [0.375 0.    0.011 0.016 0.025 0.    0.    0.    0.57  0.003]
 [0.674 0.    0.014 0.047 0.022 0.    0.001 0.    0.21  0.032]]
[2025-06-09 00:49:11,319 INFO] 500 iteration, USE_EMA: True, {'train/sup_loss': tensor(0.0813, device='cuda:0'), 'train/unsup_loss': tensor(0.3864, device='cuda:0'), 'train/total_loss': tensor(0.4677, device='cuda:0'), 'train/mask_ratio': tensor(0.7969, device='cuda:0'), 'lr': 0.02998222049451428, 'train/prefecth_time': 0.1641871337890625, 'train/run_time': 0.24561459350585937, 'eval/loss': tensor(2.2788, device='cuda:0'), 'eval/top-1-acc': 0.1689, 'eval/top-5-acc': 0.6488, 'eval/precision': 0.18166040180440168, 'eval/recall': 0.1689, 'eval/F1': 0.12628360752488396, 'eval/AUC': 0.6999972111111111}, BEST_EVAL_ACC: 0.1689, at 500 iters
[2025-06-09 00:49:11,373 INFO] model saved: ./saved_models\fixmatch_cifar10_250_0\model_best.pth
[2025-06-09 00:49:56,495 INFO] confusion matrix:
[[0.35  0.    0.043 0.048 0.077 0.    0.005 0.    0.476 0.001]
 [0.542 0.    0.002 0.046 0.076 0.    0.001 0.    0.297 0.036]
 [0.334 0.    0.097 0.081 0.265 0.    0.142 0.    0.08  0.001]
 [0.465 0.    0.019 0.166 0.258 0.    0.034 0.    0.058 0.   ]
 [0.239 0.    0.047 0.046 0.458 0.    0.158 0.    0.052 0.   ]
 [0.395 0.    0.054 0.206 0.234 0.    0.039 0.    0.072 0.   ]
 [0.265 0.    0.038 0.071 0.445 0.001 0.157 0.    0.023 0.   ]
 [0.331 0.    0.052 0.084 0.453 0.    0.019 0.    0.06  0.001]
 [0.262 0.    0.007 0.016 0.055 0.    0.002 0.    0.655 0.003]
 [0.468 0.    0.006 0.056 0.09  0.    0.002 0.    0.334 0.044]]
[2025-06-09 00:49:56,501 INFO] 600 iteration, USE_EMA: True, {'train/sup_loss': tensor(0.1374, device='cuda:0'), 'train/unsup_loss': tensor(0.3207, device='cuda:0'), 'train/total_loss': tensor(0.4581, device='cuda:0'), 'train/mask_ratio': tensor(0.7656, device='cuda:0'), 'lr': 0.029974415653185222, 'train/prefecth_time': 0.1728203582763672, 'train/run_time': 0.2481459197998047, 'eval/loss': tensor(2.2421, device='cuda:0'), 'eval/top-1-acc': 0.1927, 'eval/top-5-acc': 0.6579, 'eval/precision': 0.18573743835918582, 'eval/recall': 0.1927, 'eval/F1': 0.14476613906839114, 'eval/AUC': 0.7235346222222224}, BEST_EVAL_ACC: 0.1927, at 600 iters
[2025-06-09 00:49:56,549 INFO] model saved: ./saved_models\fixmatch_cifar10_250_0\model_best.pth
[2025-06-09 00:50:41,707 INFO] confusion matrix:
[[0.317 0.    0.051 0.055 0.091 0.001 0.008 0.    0.475 0.002]
 [0.402 0.    0.003 0.048 0.126 0.    0.002 0.    0.374 0.045]
 [0.246 0.    0.149 0.075 0.282 0.    0.179 0.    0.067 0.002]
 [0.314 0.    0.041 0.203 0.315 0.    0.071 0.    0.056 0.   ]
 [0.157 0.    0.078 0.051 0.473 0.    0.19  0.    0.051 0.   ]
 [0.242 0.    0.084 0.258 0.283 0.    0.075 0.    0.058 0.   ]
 [0.158 0.    0.066 0.074 0.43  0.002 0.25  0.    0.02  0.   ]
 [0.192 0.    0.08  0.094 0.539 0.    0.038 0.    0.056 0.001]
 [0.186 0.    0.011 0.021 0.067 0.    0.005 0.    0.705 0.005]
 [0.306 0.    0.01  0.061 0.18  0.    0.003 0.    0.377 0.063]]
[2025-06-09 00:50:41,713 INFO] 700 iteration, USE_EMA: True, {'train/sup_loss': tensor(0.0230, device='cuda:0'), 'train/unsup_loss': tensor(0.3783, device='cuda:0'), 'train/total_loss': tensor(0.4013, device='cuda:0'), 'train/mask_ratio': tensor(0.7656, device='cuda:0'), 'lr': 0.029965195197739245, 'train/prefecth_time': 0.19258880615234375, 'train/run_time': 0.24665394592285156, 'eval/loss': tensor(2.2087, device='cuda:0'), 'eval/top-1-acc': 0.216, 'eval/top-5-acc': 0.6733, 'eval/precision': 0.19248411756021427, 'eval/recall': 0.21600000000000003, 'eval/F1': 0.16513020430642575, 'eval/AUC': 0.7400816333333334}, BEST_EVAL_ACC: 0.216, at 700 iters
[2025-06-09 00:50:41,756 INFO] model saved: ./saved_models\fixmatch_cifar10_250_0\model_best.pth
[2025-06-09 00:51:27,709 INFO] confusion matrix:
[[0.295 0.    0.063 0.056 0.102 0.001 0.011 0.    0.469 0.003]
 [0.246 0.    0.014 0.048 0.178 0.001 0.005 0.    0.441 0.067]
 [0.184 0.    0.188 0.077 0.277 0.001 0.208 0.    0.063 0.002]
 [0.177 0.    0.065 0.239 0.358 0.001 0.111 0.    0.049 0.   ]
 [0.093 0.    0.11  0.047 0.45  0.001 0.248 0.    0.051 0.   ]
 [0.116 0.    0.107 0.297 0.305 0.007 0.114 0.    0.053 0.001]
 [0.073 0.    0.088 0.102 0.362 0.004 0.353 0.    0.018 0.   ]
 [0.101 0.    0.104 0.11  0.574 0.    0.057 0.002 0.051 0.001]
 [0.137 0.    0.014 0.021 0.077 0.    0.007 0.    0.739 0.005]
 [0.178 0.    0.013 0.059 0.236 0.001 0.004 0.    0.409 0.1  ]]
[2025-06-09 00:51:27,714 INFO] 800 iteration, USE_EMA: True, {'train/sup_loss': tensor(0.0415, device='cuda:0'), 'train/unsup_loss': tensor(0.3528, device='cuda:0'), 'train/total_loss': tensor(0.3942, device='cuda:0'), 'train/mask_ratio': tensor(0.7552, device='cuda:0'), 'lr': 0.029954559563634613, 'train/prefecth_time': 0.1820211181640625, 'train/run_time': 0.24626060485839843, 'eval/loss': tensor(2.1614, device='cuda:0'), 'eval/top-1-acc': 0.2373, 'eval/top-5-acc': 0.7052, 'eval/precision': 0.3411867869348379, 'eval/recall': 0.2373, 'eval/F1': 0.18648187726181542, 'eval/AUC': 0.7522073}, BEST_EVAL_ACC: 0.2373, at 800 iters
[2025-06-09 00:51:27,762 INFO] model saved: ./saved_models\fixmatch_cifar10_250_0\model_best.pth
[2025-06-09 00:52:13,780 INFO] confusion matrix:
[[0.297 0.    0.074 0.054 0.096 0.001 0.014 0.    0.459 0.005]
 [0.16  0.002 0.023 0.033 0.194 0.001 0.006 0.    0.478 0.103]
 [0.128 0.    0.233 0.074 0.259 0.003 0.239 0.    0.062 0.002]
 [0.105 0.    0.081 0.264 0.353 0.003 0.148 0.    0.045 0.001]
 [0.062 0.    0.123 0.045 0.43  0.002 0.287 0.    0.051 0.   ]
 [0.059 0.    0.135 0.292 0.312 0.015 0.133 0.    0.053 0.001]
 [0.034 0.    0.114 0.101 0.303 0.009 0.42  0.    0.019 0.   ]
 [0.061 0.    0.118 0.11  0.58  0.002 0.072 0.005 0.05  0.002]
 [0.111 0.    0.02  0.021 0.079 0.    0.008 0.    0.75  0.011]
 [0.122 0.    0.017 0.049 0.262 0.001 0.004 0.    0.4   0.145]]
[2025-06-09 00:52:13,786 INFO] 900 iteration, USE_EMA: True, {'train/sup_loss': tensor(0.0259, device='cuda:0'), 'train/unsup_loss': tensor(0.2400, device='cuda:0'), 'train/total_loss': tensor(0.2659, device='cuda:0'), 'train/mask_ratio': tensor(0.7760, device='cuda:0'), 'lr': 0.029942509253164804, 'train/prefecth_time': 0.1854017333984375, 'train/run_time': 0.2460385284423828, 'eval/loss': tensor(2.1279, device='cuda:0'), 'eval/top-1-acc': 0.2561, 'eval/top-5-acc': 0.7452, 'eval/precision': 0.44870536172209496, 'eval/recall': 0.2561, 'eval/F1': 0.20760136586428626, 'eval/AUC': 0.7608520333333333}, BEST_EVAL_ACC: 0.2561, at 900 iters
[2025-06-09 00:52:13,835 INFO] model saved: ./saved_models\fixmatch_cifar10_250_0\model_best.pth
[2025-06-09 00:52:59,600 INFO] confusion matrix:
[[0.28  0.    0.078 0.057 0.1   0.001 0.014 0.    0.462 0.008]
 [0.112 0.006 0.021 0.034 0.194 0.003 0.009 0.    0.501 0.12 ]
 [0.093 0.    0.232 0.077 0.257 0.006 0.267 0.    0.066 0.002]
 [0.066 0.    0.079 0.268 0.337 0.015 0.186 0.    0.048 0.001]
 [0.041 0.    0.125 0.051 0.407 0.005 0.321 0.    0.05  0.   ]
 [0.033 0.    0.123 0.292 0.299 0.033 0.166 0.    0.052 0.002]
 [0.017 0.    0.103 0.112 0.269 0.012 0.47  0.    0.017 0.   ]
 [0.037 0.    0.12  0.108 0.581 0.009 0.086 0.012 0.045 0.002]
 [0.091 0.002 0.019 0.02  0.085 0.    0.008 0.    0.761 0.014]
 [0.074 0.001 0.016 0.046 0.277 0.001 0.007 0.    0.398 0.18 ]]
[2025-06-09 00:52:59,604 INFO] 1000 iteration, USE_EMA: True, {'train/sup_loss': tensor(0.0465, device='cuda:0'), 'train/unsup_loss': tensor(0.3808, device='cuda:0'), 'train/total_loss': tensor(0.4273, device='cuda:0'), 'train/mask_ratio': tensor(0.6510, device='cuda:0'), 'lr': 0.029929044835434817, 'train/prefecth_time': 0.17856924438476562, 'train/run_time': 0.24589401245117187, 'eval/loss': tensor(2.1074, device='cuda:0'), 'eval/top-1-acc': 0.2649, 'eval/top-5-acc': 0.786, 'eval/precision': 0.4207204468306543, 'eval/recall': 0.2649, 'eval/F1': 0.22052161258464972, 'eval/AUC': 0.7676749333333335}, BEST_EVAL_ACC: 0.2649, at 1000 iters
[2025-06-09 00:52:59,654 INFO] model saved: ./saved_models\fixmatch_cifar10_250_0\model_best.pth
[2025-06-09 00:53:45,133 INFO] confusion matrix:
[[0.285 0.    0.073 0.062 0.103 0.001 0.018 0.001 0.446 0.011]
 [0.106 0.019 0.024 0.034 0.185 0.002 0.012 0.    0.481 0.137]
 [0.081 0.    0.246 0.081 0.23  0.011 0.284 0.    0.065 0.002]
 [0.052 0.001 0.073 0.275 0.309 0.025 0.212 0.004 0.046 0.003]
 [0.037 0.    0.128 0.055 0.384 0.013 0.338 0.001 0.043 0.001]
 [0.024 0.    0.115 0.289 0.283 0.055 0.181 0.003 0.047 0.003]
 [0.013 0.    0.103 0.119 0.244 0.015 0.49  0.    0.016 0.   ]
 [0.031 0.    0.114 0.1   0.557 0.017 0.099 0.034 0.04  0.008]
 [0.088 0.004 0.019 0.021 0.078 0.    0.017 0.001 0.751 0.021]
 [0.067 0.004 0.018 0.046 0.268 0.002 0.009 0.    0.363 0.223]]
[2025-06-09 00:53:45,142 INFO] 1100 iteration, USE_EMA: True, {'train/sup_loss': tensor(0.0104, device='cuda:0'), 'train/unsup_loss': tensor(0.3016, device='cuda:0'), 'train/total_loss': tensor(0.3120, device='cuda:0'), 'train/mask_ratio': tensor(0.7500, device='cuda:0'), 'lr': 0.029914166946334277, 'train/prefecth_time': 0.16968173217773438, 'train/run_time': 0.24564019775390625, 'eval/loss': tensor(2.0739, device='cuda:0'), 'eval/top-1-acc': 0.2762, 'eval/top-5-acc': 0.8143, 'eval/precision': 0.404110878311685, 'eval/recall': 0.2762, 'eval/F1': 0.23906853971115538, 'eval/AUC': 0.7749447333333331}, BEST_EVAL_ACC: 0.2762, at 1100 iters
[2025-06-09 00:53:45,188 INFO] model saved: ./saved_models\fixmatch_cifar10_250_0\model_best.pth
[2025-06-09 00:54:30,301 INFO] confusion matrix:
[[0.3   0.001 0.073 0.057 0.102 0.003 0.02  0.001 0.43  0.013]
 [0.095 0.058 0.023 0.031 0.174 0.004 0.018 0.    0.447 0.15 ]
 [0.074 0.    0.246 0.091 0.219 0.017 0.287 0.001 0.063 0.002]
 [0.049 0.003 0.065 0.281 0.28  0.037 0.236 0.005 0.042 0.002]
 [0.033 0.    0.124 0.058 0.359 0.022 0.354 0.004 0.043 0.003]
 [0.022 0.    0.1   0.278 0.271 0.09  0.184 0.008 0.044 0.003]
 [0.012 0.    0.095 0.12  0.213 0.02  0.524 0.001 0.015 0.   ]
 [0.029 0.    0.117 0.088 0.532 0.028 0.111 0.053 0.033 0.009]
 [0.088 0.007 0.018 0.019 0.078 0.001 0.018 0.001 0.746 0.024]
 [0.062 0.012 0.017 0.044 0.259 0.003 0.01  0.002 0.328 0.263]]
[2025-06-09 00:54:30,304 INFO] 1200 iteration, USE_EMA: True, {'train/sup_loss': tensor(0.0603, device='cuda:0'), 'train/unsup_loss': tensor(0.4676, device='cuda:0'), 'train/total_loss': tensor(0.5279, device='cuda:0'), 'train/mask_ratio': tensor(0.7292, device='cuda:0'), 'lr': 0.029897876288507395, 'train/prefecth_time': 0.17886647033691405, 'train/run_time': 0.24809458923339844, 'eval/loss': tensor(2.0507, device='cuda:0'), 'eval/top-1-acc': 0.292, 'eval/top-5-acc': 0.8376, 'eval/precision': 0.40926167362009824, 'eval/recall': 0.292, 'eval/F1': 0.26377429378292433, 'eval/AUC': 0.7803026666666666}, BEST_EVAL_ACC: 0.292, at 1200 iters
[2025-06-09 00:54:30,355 INFO] model saved: ./saved_models\fixmatch_cifar10_250_0\model_best.pth
[2025-06-09 00:55:15,843 INFO] confusion matrix:
[[0.313 0.003 0.073 0.06  0.098 0.004 0.019 0.002 0.412 0.016]
 [0.09  0.109 0.024 0.032 0.16  0.003 0.022 0.001 0.412 0.147]
 [0.074 0.    0.251 0.098 0.205 0.022 0.285 0.003 0.06  0.002]
 [0.038 0.003 0.061 0.299 0.265 0.046 0.236 0.012 0.036 0.004]
 [0.032 0.    0.119 0.061 0.356 0.029 0.35  0.01  0.04  0.003]
 [0.021 0.    0.095 0.28  0.259 0.111 0.176 0.014 0.041 0.003]
 [0.01  0.    0.085 0.125 0.197 0.026 0.541 0.003 0.013 0.   ]
 [0.022 0.    0.116 0.082 0.498 0.039 0.11  0.095 0.028 0.01 ]
 [0.093 0.011 0.017 0.021 0.075 0.001 0.019 0.001 0.739 0.023]
 [0.062 0.025 0.016 0.04  0.26  0.004 0.011 0.004 0.304 0.274]]
[2025-06-09 00:55:15,848 INFO] 1300 iteration, USE_EMA: True, {'train/sup_loss': tensor(0.0182, device='cuda:0'), 'train/unsup_loss': tensor(0.3267, device='cuda:0'), 'train/total_loss': tensor(0.3449, device='cuda:0'), 'train/mask_ratio': tensor(0.7448, device='cuda:0'), 'lr': 0.029880173631319812, 'train/prefecth_time': 0.17621490478515625, 'train/run_time': 0.24575999450683594, 'eval/loss': tensor(2.0382, device='cuda:0'), 'eval/top-1-acc': 0.3088, 'eval/top-5-acc': 0.854, 'eval/precision': 0.41250101330828065, 'eval/recall': 0.3088, 'eval/F1': 0.2890864840533415, 'eval/AUC': 0.7854091444444443}, BEST_EVAL_ACC: 0.3088, at 1300 iters
[2025-06-09 00:55:15,897 INFO] model saved: ./saved_models\fixmatch_cifar10_250_0\model_best.pth
[2025-06-09 00:56:01,542 INFO] confusion matrix:
[[0.317 0.012 0.076 0.061 0.09  0.004 0.019 0.004 0.399 0.018]
 [0.076 0.16  0.024 0.033 0.157 0.003 0.022 0.003 0.388 0.134]
 [0.074 0.001 0.244 0.097 0.195 0.031 0.291 0.007 0.058 0.002]
 [0.037 0.004 0.057 0.297 0.249 0.059 0.242 0.016 0.033 0.006]
 [0.03  0.    0.118 0.062 0.339 0.033 0.36  0.015 0.039 0.004]
 [0.019 0.    0.091 0.271 0.234 0.145 0.175 0.022 0.04  0.003]
 [0.011 0.    0.083 0.126 0.178 0.028 0.557 0.004 0.013 0.   ]
 [0.019 0.002 0.106 0.076 0.457 0.051 0.11  0.141 0.027 0.011]
 [0.094 0.017 0.017 0.02  0.068 0.001 0.02  0.002 0.736 0.025]
 [0.063 0.043 0.014 0.042 0.236 0.005 0.013 0.006 0.282 0.296]]
[2025-06-09 00:56:01,547 INFO] 1400 iteration, USE_EMA: True, {'train/sup_loss': tensor(0.0450, device='cuda:0'), 'train/unsup_loss': tensor(0.4645, device='cuda:0'), 'train/total_loss': tensor(0.5095, device='cuda:0'), 'train/mask_ratio': tensor(0.6562, device='cuda:0'), 'lr': 0.02986105981082222, 'train/prefecth_time': 0.1922244110107422, 'train/run_time': 0.24660169982910157, 'eval/loss': tensor(2.0388, device='cuda:0'), 'eval/top-1-acc': 0.3232, 'eval/top-5-acc': 0.8624, 'eval/precision': 0.4129462846282192, 'eval/recall': 0.3232, 'eval/F1': 0.3109996664012191, 'eval/AUC': 0.7889063055555555}, BEST_EVAL_ACC: 0.3232, at 1400 iters
[2025-06-09 00:56:01,594 INFO] model saved: ./saved_models\fixmatch_cifar10_250_0\model_best.pth
[2025-06-09 00:56:47,360 INFO] confusion matrix:
[[0.334 0.018 0.078 0.063 0.081 0.004 0.022 0.006 0.375 0.019]
 [0.072 0.218 0.024 0.035 0.149 0.003 0.024 0.004 0.341 0.13 ]
 [0.075 0.004 0.253 0.099 0.173 0.034 0.295 0.009 0.056 0.002]
 [0.036 0.006 0.056 0.297 0.219 0.062 0.258 0.029 0.031 0.006]
 [0.027 0.001 0.128 0.067 0.326 0.034 0.354 0.021 0.038 0.004]
 [0.017 0.002 0.092 0.264 0.212 0.16  0.183 0.03  0.038 0.002]
 [0.01  0.    0.075 0.139 0.165 0.029 0.564 0.005 0.013 0.   ]
 [0.018 0.003 0.107 0.07  0.426 0.053 0.111 0.176 0.024 0.012]
 [0.098 0.025 0.017 0.019 0.064 0.001 0.021 0.002 0.728 0.025]
 [0.065 0.064 0.014 0.041 0.213 0.006 0.015 0.01  0.257 0.315]]
[2025-06-09 00:56:47,365 INFO] 1500 iteration, USE_EMA: True, {'train/sup_loss': tensor(0.0441, device='cuda:0'), 'train/unsup_loss': tensor(0.3685, device='cuda:0'), 'train/total_loss': tensor(0.4125, device='cuda:0'), 'train/mask_ratio': tensor(0.6667, device='cuda:0'), 'lr': 0.02984053572971093, 'train/prefecth_time': 0.18617257690429687, 'train/run_time': 0.24590643310546875, 'eval/loss': tensor(2.0326, device='cuda:0'), 'eval/top-1-acc': 0.3371, 'eval/top-5-acc': 0.8706, 'eval/precision': 0.4132652833887341, 'eval/recall': 0.3371, 'eval/F1': 0.3297073843534343, 'eval/AUC': 0.7932264833333331}, BEST_EVAL_ACC: 0.3371, at 1500 iters
[2025-06-09 00:56:47,501 INFO] model saved: ./saved_models\fixmatch_cifar10_250_0\model_best.pth
[2025-06-09 00:57:33,038 INFO] confusion matrix:
[[0.338 0.024 0.074 0.068 0.078 0.006 0.022 0.008 0.362 0.02 ]
 [0.068 0.278 0.023 0.029 0.134 0.004 0.025 0.009 0.3   0.13 ]
 [0.075 0.004 0.244 0.103 0.166 0.039 0.303 0.011 0.052 0.003]
 [0.038 0.009 0.052 0.298 0.188 0.074 0.259 0.047 0.029 0.006]
 [0.029 0.001 0.132 0.064 0.318 0.039 0.35  0.028 0.035 0.004]
 [0.015 0.002 0.088 0.264 0.191 0.183 0.184 0.036 0.035 0.002]
 [0.009 0.    0.071 0.138 0.148 0.032 0.58  0.009 0.013 0.   ]
 [0.017 0.003 0.088 0.072 0.39  0.057 0.11  0.226 0.024 0.013]
 [0.104 0.034 0.016 0.017 0.061 0.001 0.022 0.005 0.715 0.025]
 [0.064 0.078 0.014 0.04  0.189 0.007 0.017 0.01  0.231 0.35 ]]
[2025-06-09 00:57:33,044 INFO] 1600 iteration, USE_EMA: True, {'train/sup_loss': tensor(0.0060, device='cuda:0'), 'train/unsup_loss': tensor(0.3927, device='cuda:0'), 'train/total_loss': tensor(0.3987, device='cuda:0'), 'train/mask_ratio': tensor(0.6979, device='cuda:0'), 'lr': 0.029818602357285205, 'train/prefecth_time': 0.176101318359375, 'train/run_time': 0.24688534545898438, 'eval/loss': tensor(2.0305, device='cuda:0'), 'eval/top-1-acc': 0.353, 'eval/top-5-acc': 0.8756, 'eval/precision': 0.4171958973470627, 'eval/recall': 0.353, 'eval/F1': 0.3495770728929229, 'eval/AUC': 0.7974996055555557}, BEST_EVAL_ACC: 0.353, at 1600 iters
[2025-06-09 00:57:33,098 INFO] model saved: ./saved_models\fixmatch_cifar10_250_0\model_best.pth
[2025-06-09 00:58:18,324 INFO] confusion matrix:
[[0.346 0.028 0.072 0.069 0.068 0.006 0.023 0.01  0.357 0.021]
 [0.062 0.316 0.025 0.028 0.101 0.004 0.027 0.012 0.288 0.137]
 [0.076 0.004 0.243 0.104 0.168 0.045 0.292 0.014 0.051 0.003]
 [0.037 0.01  0.048 0.299 0.176 0.08  0.254 0.055 0.033 0.008]
 [0.029 0.003 0.126 0.065 0.316 0.048 0.335 0.039 0.034 0.005]
 [0.015 0.003 0.09  0.246 0.183 0.2   0.178 0.047 0.036 0.002]
 [0.01  0.001 0.064 0.145 0.142 0.037 0.577 0.011 0.013 0.   ]
 [0.015 0.003 0.083 0.067 0.373 0.061 0.101 0.258 0.024 0.015]
 [0.103 0.038 0.016 0.014 0.051 0.001 0.021 0.005 0.723 0.028]
 [0.061 0.095 0.012 0.04  0.175 0.007 0.014 0.014 0.218 0.364]]
[2025-06-09 00:58:18,329 INFO] 1700 iteration, USE_EMA: True, {'train/sup_loss': tensor(0.0086, device='cuda:0'), 'train/unsup_loss': tensor(0.3558, device='cuda:0'), 'train/total_loss': tensor(0.3645, device='cuda:0'), 'train/mask_ratio': tensor(0.6875, device='cuda:0'), 'lr': 0.02979526072940148, 'train/prefecth_time': 0.17041203308105468, 'train/run_time': 0.2463507843017578, 'eval/loss': tensor(2.0314, device='cuda:0'), 'eval/top-1-acc': 0.3642, 'eval/top-5-acc': 0.8789, 'eval/precision': 0.41711921865951374, 'eval/recall': 0.36419999999999997, 'eval/F1': 0.36166266433705563, 'eval/AUC': 0.8021828555555555}, BEST_EVAL_ACC: 0.3642, at 1700 iters
[2025-06-09 00:58:18,381 INFO] model saved: ./saved_models\fixmatch_cifar10_250_0\model_best.pth
[2025-06-09 00:59:04,064 INFO] confusion matrix:
[[0.345 0.028 0.073 0.07  0.066 0.005 0.021 0.011 0.357 0.024]
 [0.063 0.353 0.024 0.027 0.089 0.005 0.027 0.012 0.258 0.142]
 [0.076 0.006 0.254 0.106 0.157 0.049 0.283 0.017 0.048 0.004]
 [0.036 0.013 0.049 0.294 0.157 0.094 0.246 0.069 0.034 0.008]
 [0.03  0.003 0.13  0.059 0.31  0.054 0.326 0.049 0.034 0.005]
 [0.016 0.006 0.092 0.237 0.173 0.219 0.17  0.048 0.036 0.003]
 [0.009 0.002 0.071 0.146 0.136 0.04  0.57  0.013 0.013 0.   ]
 [0.015 0.003 0.082 0.059 0.336 0.067 0.09  0.303 0.024 0.021]
 [0.106 0.04  0.016 0.014 0.047 0.001 0.02  0.006 0.72  0.03 ]
 [0.057 0.109 0.015 0.037 0.157 0.009 0.013 0.016 0.2   0.387]]
[2025-06-09 00:59:04,073 INFO] 1800 iteration, USE_EMA: True, {'train/sup_loss': tensor(0.0251, device='cuda:0'), 'train/unsup_loss': tensor(0.3577, device='cuda:0'), 'train/total_loss': tensor(0.3827, device='cuda:0'), 'train/mask_ratio': tensor(0.6719, device='cuda:0'), 'lr': 0.029770511948424474, 'train/prefecth_time': 0.16565043640136717, 'train/run_time': 0.24630303955078126, 'eval/loss': tensor(2.0304, device='cuda:0'), 'eval/top-1-acc': 0.3755, 'eval/top-5-acc': 0.8809, 'eval/precision': 0.419187587871802, 'eval/recall': 0.37550000000000006, 'eval/F1': 0.3743213626450307, 'eval/AUC': 0.8065933666666666}, BEST_EVAL_ACC: 0.3755, at 1800 iters
[2025-06-09 00:59:04,122 INFO] model saved: ./saved_models\fixmatch_cifar10_250_0\model_best.pth
[2025-06-09 00:59:49,739 INFO] confusion matrix:
[[0.367 0.032 0.073 0.068 0.057 0.006 0.022 0.012 0.339 0.024]
 [0.061 0.385 0.025 0.027 0.083 0.005 0.023 0.012 0.236 0.143]
 [0.081 0.006 0.254 0.104 0.147 0.051 0.289 0.018 0.047 0.003]
 [0.041 0.013 0.045 0.301 0.134 0.098 0.257 0.071 0.032 0.008]
 [0.033 0.003 0.14  0.059 0.295 0.061 0.322 0.054 0.028 0.005]
 [0.019 0.007 0.091 0.234 0.16  0.232 0.169 0.054 0.032 0.002]
 [0.008 0.002 0.071 0.149 0.127 0.041 0.578 0.012 0.012 0.   ]
 [0.016 0.003 0.088 0.059 0.304 0.074 0.093 0.322 0.02  0.021]
 [0.115 0.043 0.016 0.016 0.043 0.001 0.022 0.006 0.708 0.03 ]
 [0.063 0.131 0.015 0.038 0.137 0.012 0.013 0.018 0.176 0.397]]
[2025-06-09 00:59:49,745 INFO] 1900 iteration, USE_EMA: True, {'train/sup_loss': tensor(0.0489, device='cuda:0'), 'train/unsup_loss': tensor(0.3057, device='cuda:0'), 'train/total_loss': tensor(0.3547, device='cuda:0'), 'train/mask_ratio': tensor(0.7083, device='cuda:0'), 'lr': 0.02974435718317509, 'train/prefecth_time': 0.16922930908203124, 'train/run_time': 0.24563200378417968, 'eval/loss': tensor(2.0381, device='cuda:0'), 'eval/top-1-acc': 0.3839, 'eval/top-5-acc': 0.8832, 'eval/precision': 0.42069122140901855, 'eval/recall': 0.3839, 'eval/F1': 0.3830922438171672, 'eval/AUC': 0.8096519944444445}, BEST_EVAL_ACC: 0.3839, at 1900 iters
[2025-06-09 00:59:49,801 INFO] model saved: ./saved_models\fixmatch_cifar10_250_0\model_best.pth
[2025-06-09 01:00:35,568 INFO] confusion matrix:
[[0.381 0.035 0.071 0.071 0.054 0.005 0.022 0.011 0.324 0.026]
 [0.061 0.415 0.024 0.028 0.077 0.004 0.019 0.012 0.216 0.144]
 [0.083 0.005 0.252 0.111 0.138 0.051 0.289 0.021 0.047 0.003]
 [0.039 0.015 0.044 0.316 0.115 0.106 0.252 0.074 0.03  0.009]
 [0.033 0.003 0.129 0.061 0.296 0.064 0.325 0.055 0.029 0.005]
 [0.019 0.007 0.09  0.238 0.148 0.248 0.157 0.058 0.033 0.002]
 [0.008 0.002 0.066 0.155 0.125 0.041 0.579 0.012 0.012 0.   ]
 [0.017 0.004 0.084 0.063 0.281 0.079 0.085 0.348 0.019 0.02 ]
 [0.12  0.049 0.013 0.016 0.04  0.002 0.02  0.006 0.701 0.033]
 [0.064 0.15  0.015 0.036 0.128 0.013 0.011 0.016 0.16  0.407]]
[2025-06-09 01:00:35,573 INFO] 2000 iteration, USE_EMA: True, {'train/sup_loss': tensor(0.0989, device='cuda:0'), 'train/unsup_loss': tensor(0.3873, device='cuda:0'), 'train/total_loss': tensor(0.4862, device='cuda:0'), 'train/mask_ratio': tensor(0.6615, device='cuda:0'), 'lr': 0.029716797668875233, 'train/prefecth_time': 0.18534320068359375, 'train/run_time': 0.24643994140625, 'eval/loss': tensor(2.0439, device='cuda:0'), 'eval/top-1-acc': 0.3943, 'eval/top-5-acc': 0.8862, 'eval/precision': 0.42619290706670976, 'eval/recall': 0.3943, 'eval/F1': 0.39377855316578436, 'eval/AUC': 0.8130696444444444}, BEST_EVAL_ACC: 0.3943, at 2000 iters
[2025-06-09 01:00:35,715 INFO] model saved: ./saved_models\fixmatch_cifar10_250_0\model_best.pth
[2025-06-09 01:01:20,865 INFO] confusion matrix:
[[0.383 0.039 0.068 0.072 0.047 0.005 0.022 0.013 0.322 0.029]
 [0.051 0.442 0.023 0.025 0.072 0.005 0.02  0.01  0.203 0.149]
 [0.078 0.006 0.256 0.113 0.136 0.054 0.279 0.024 0.05  0.004]
 [0.038 0.015 0.041 0.317 0.107 0.116 0.249 0.079 0.028 0.01 ]
 [0.035 0.004 0.131 0.063 0.294 0.064 0.319 0.058 0.027 0.005]
 [0.02  0.007 0.089 0.235 0.141 0.257 0.156 0.063 0.029 0.003]
 [0.008 0.002 0.061 0.16  0.122 0.044 0.578 0.013 0.012 0.   ]
 [0.018 0.006 0.085 0.06  0.261 0.081 0.077 0.371 0.019 0.022]
 [0.122 0.058 0.011 0.017 0.037 0.002 0.018 0.006 0.695 0.034]
 [0.063 0.162 0.013 0.039 0.112 0.013 0.01  0.016 0.143 0.429]]
[2025-06-09 01:01:20,870 INFO] 2100 iteration, USE_EMA: True, {'train/sup_loss': tensor(0.0055, device='cuda:0'), 'train/unsup_loss': tensor(0.3787, device='cuda:0'), 'train/total_loss': tensor(0.3842, device='cuda:0'), 'train/mask_ratio': tensor(0.6615, device='cuda:0'), 'lr': 0.02968783470708948, 'train/prefecth_time': 0.17437081909179689, 'train/run_time': 0.24622181701660156, 'eval/loss': tensor(2.0540, device='cuda:0'), 'eval/top-1-acc': 0.4022, 'eval/top-5-acc': 0.887, 'eval/precision': 0.4288735946807101, 'eval/recall': 0.40219999999999995, 'eval/F1': 0.4016652990856069, 'eval/AUC': 0.8161113222222222}, BEST_EVAL_ACC: 0.4022, at 2100 iters
[2025-06-09 01:01:20,921 INFO] model saved: ./saved_models\fixmatch_cifar10_250_0\model_best.pth
[2025-06-09 01:02:06,176 INFO] confusion matrix:
[[0.38  0.042 0.07  0.072 0.042 0.007 0.021 0.015 0.319 0.032]
 [0.044 0.48  0.022 0.027 0.065 0.005 0.018 0.011 0.18  0.148]
 [0.082 0.006 0.255 0.113 0.132 0.058 0.273 0.028 0.05  0.003]
 [0.035 0.014 0.04  0.323 0.105 0.125 0.239 0.081 0.026 0.012]
 [0.034 0.005 0.132 0.068 0.291 0.071 0.308 0.061 0.025 0.005]
 [0.02  0.007 0.088 0.225 0.134 0.278 0.15  0.068 0.027 0.003]
 [0.008 0.001 0.056 0.165 0.124 0.044 0.577 0.013 0.012 0.   ]
 [0.014 0.006 0.086 0.059 0.246 0.085 0.072 0.391 0.019 0.022]
 [0.12  0.065 0.011 0.015 0.033 0.002 0.021 0.007 0.69  0.036]
 [0.06  0.177 0.013 0.037 0.105 0.013 0.007 0.017 0.132 0.439]]
[2025-06-09 01:02:06,181 INFO] 2200 iteration, USE_EMA: True, {'train/sup_loss': tensor(0.0395, device='cuda:0'), 'train/unsup_loss': tensor(0.3230, device='cuda:0'), 'train/total_loss': tensor(0.3625, device='cuda:0'), 'train/mask_ratio': tensor(0.6510, device='cuda:0'), 'lr': 0.029657469665663596, 'train/prefecth_time': 0.1684083251953125, 'train/run_time': 0.24648063659667968, 'eval/loss': tensor(2.0624, device='cuda:0'), 'eval/top-1-acc': 0.4104, 'eval/top-5-acc': 0.888, 'eval/precision': 0.43295681067866554, 'eval/recall': 0.4104, 'eval/F1': 0.40997709453430475, 'eval/AUC': 0.8192488277777776}, BEST_EVAL_ACC: 0.4104, at 2200 iters
[2025-06-09 01:02:06,227 INFO] model saved: ./saved_models\fixmatch_cifar10_250_0\model_best.pth
[2025-06-09 01:02:51,484 INFO] confusion matrix:
[[0.386 0.043 0.07  0.071 0.038 0.011 0.019 0.013 0.314 0.035]
 [0.044 0.493 0.021 0.027 0.061 0.005 0.017 0.009 0.164 0.159]
 [0.084 0.005 0.254 0.116 0.131 0.062 0.266 0.029 0.048 0.005]
 [0.034 0.015 0.04  0.327 0.098 0.14  0.23  0.079 0.024 0.013]
 [0.034 0.005 0.129 0.07  0.284 0.077 0.301 0.07  0.024 0.006]
 [0.021 0.008 0.088 0.219 0.125 0.294 0.148 0.067 0.027 0.003]
 [0.01  0.001 0.054 0.168 0.123 0.051 0.569 0.013 0.011 0.   ]
 [0.014 0.007 0.085 0.056 0.227 0.098 0.065 0.405 0.018 0.025]
 [0.12  0.073 0.01  0.014 0.029 0.002 0.024 0.009 0.679 0.04 ]
 [0.053 0.194 0.014 0.039 0.093 0.012 0.009 0.017 0.12  0.449]]
[2025-06-09 01:02:51,490 INFO] 2300 iteration, USE_EMA: True, {'train/sup_loss': tensor(0.0272, device='cuda:0'), 'train/unsup_loss': tensor(0.4090, device='cuda:0'), 'train/total_loss': tensor(0.4362, device='cuda:0'), 'train/mask_ratio': tensor(0.6771, device='cuda:0'), 'lr': 0.029625703978659948, 'train/prefecth_time': 0.17969970703125, 'train/run_time': 0.24685845947265625, 'eval/loss': tensor(2.0779, device='cuda:0'), 'eval/top-1-acc': 0.414, 'eval/top-5-acc': 0.8899, 'eval/precision': 0.4320833697305372, 'eval/recall': 0.414, 'eval/F1': 0.41343777633246664, 'eval/AUC': 0.8215582666666665}, BEST_EVAL_ACC: 0.414, at 2300 iters
[2025-06-09 01:02:51,542 INFO] model saved: ./saved_models\fixmatch_cifar10_250_0\model_best.pth
[2025-06-09 01:03:37,132 INFO] confusion matrix:
[[0.396 0.039 0.069 0.07  0.035 0.011 0.019 0.015 0.307 0.039]
 [0.046 0.511 0.019 0.026 0.053 0.005 0.016 0.01  0.146 0.168]
 [0.084 0.004 0.255 0.116 0.126 0.069 0.262 0.029 0.05  0.005]
 [0.032 0.015 0.04  0.331 0.093 0.146 0.224 0.077 0.025 0.017]
 [0.034 0.004 0.127 0.072 0.276 0.083 0.3   0.073 0.024 0.007]
 [0.02  0.007 0.089 0.219 0.114 0.31  0.141 0.068 0.027 0.005]
 [0.01  0.001 0.053 0.169 0.119 0.053 0.571 0.013 0.011 0.   ]
 [0.013 0.008 0.081 0.056 0.209 0.109 0.064 0.416 0.016 0.028]
 [0.122 0.075 0.009 0.014 0.028 0.004 0.025 0.011 0.672 0.04 ]
 [0.053 0.194 0.014 0.039 0.086 0.012 0.009 0.016 0.118 0.459]]
[2025-06-09 01:03:37,137 INFO] 2400 iteration, USE_EMA: True, {'train/sup_loss': tensor(0.0091, device='cuda:0'), 'train/unsup_loss': tensor(0.4018, device='cuda:0'), 'train/total_loss': tensor(0.4109, device='cuda:0'), 'train/mask_ratio': tensor(0.6458, device='cuda:0'), 'lr': 0.02959253914628976, 'train/prefecth_time': 0.17705183410644532, 'train/run_time': 0.24567706298828124, 'eval/loss': tensor(2.0901, device='cuda:0'), 'eval/top-1-acc': 0.4197, 'eval/top-5-acc': 0.8925, 'eval/precision': 0.4348827078464509, 'eval/recall': 0.4197, 'eval/F1': 0.4189331957304544, 'eval/AUC': 0.824491888888889}, BEST_EVAL_ACC: 0.4197, at 2400 iters
[2025-06-09 01:03:37,188 INFO] model saved: ./saved_models\fixmatch_cifar10_250_0\model_best.pth
[2025-06-09 01:04:22,800 INFO] confusion matrix:
[[0.407 0.041 0.061 0.072 0.034 0.012 0.02  0.016 0.298 0.039]
 [0.045 0.534 0.018 0.027 0.048 0.007 0.016 0.01  0.129 0.166]
 [0.085 0.004 0.252 0.118 0.124 0.078 0.253 0.031 0.05  0.005]
 [0.031 0.012 0.041 0.343 0.087 0.157 0.216 0.074 0.021 0.018]
 [0.036 0.004 0.126 0.076 0.273 0.088 0.291 0.076 0.024 0.006]
 [0.02  0.008 0.091 0.221 0.103 0.323 0.133 0.07  0.026 0.005]
 [0.01  0.003 0.055 0.172 0.119 0.057 0.557 0.015 0.012 0.   ]
 [0.013 0.008 0.082 0.058 0.191 0.114 0.059 0.435 0.017 0.023]
 [0.126 0.08  0.009 0.014 0.028 0.004 0.024 0.011 0.665 0.039]
 [0.055 0.199 0.013 0.041 0.075 0.011 0.01  0.018 0.106 0.472]]
[2025-06-09 01:04:22,804 INFO] 2500 iteration, USE_EMA: True, {'train/sup_loss': tensor(0.0095, device='cuda:0'), 'train/unsup_loss': tensor(0.4485, device='cuda:0'), 'train/total_loss': tensor(0.4580, device='cuda:0'), 'train/mask_ratio': tensor(0.6615, device='cuda:0'), 'lr': 0.029557976734842277, 'train/prefecth_time': 0.16843283081054689, 'train/run_time': 0.24609893798828125, 'eval/loss': tensor(2.0967, device='cuda:0'), 'eval/top-1-acc': 0.4261, 'eval/top-5-acc': 0.8945, 'eval/precision': 0.4390726073603132, 'eval/recall': 0.42610000000000003, 'eval/F1': 0.4255583566988297, 'eval/AUC': 0.8274763944444443}, BEST_EVAL_ACC: 0.4261, at 2500 iters
[2025-06-09 01:04:22,858 INFO] model saved: ./saved_models\fixmatch_cifar10_250_0\model_best.pth
[2025-06-09 01:05:08,479 INFO] confusion matrix:
[[0.421 0.041 0.057 0.07  0.034 0.013 0.021 0.015 0.287 0.041]
 [0.048 0.555 0.015 0.026 0.043 0.006 0.016 0.01  0.123 0.158]
 [0.089 0.004 0.254 0.122 0.123 0.073 0.251 0.034 0.044 0.006]
 [0.031 0.016 0.04  0.345 0.081 0.158 0.212 0.08  0.02  0.017]
 [0.035 0.004 0.122 0.078 0.28  0.087 0.287 0.077 0.023 0.007]
 [0.018 0.009 0.091 0.217 0.104 0.326 0.125 0.08  0.026 0.004]
 [0.01  0.003 0.053 0.177 0.12  0.054 0.554 0.017 0.012 0.   ]
 [0.013 0.009 0.079 0.058 0.182 0.111 0.058 0.447 0.017 0.026]
 [0.127 0.081 0.01  0.015 0.027 0.003 0.023 0.011 0.664 0.039]
 [0.054 0.208 0.012 0.039 0.066 0.01  0.011 0.017 0.098 0.485]]
[2025-06-09 01:05:08,484 INFO] 2600 iteration, USE_EMA: True, {'train/sup_loss': tensor(0.0107, device='cuda:0'), 'train/unsup_loss': tensor(0.4283, device='cuda:0'), 'train/total_loss': tensor(0.4390, device='cuda:0'), 'train/mask_ratio': tensor(0.6094, device='cuda:0'), 'lr': 0.029522018376610795, 'train/prefecth_time': 0.16443084716796874, 'train/run_time': 0.24621363830566406, 'eval/loss': tensor(2.1078, device='cuda:0'), 'eval/top-1-acc': 0.4331, 'eval/top-5-acc': 0.8955, 'eval/precision': 0.4441083368094659, 'eval/recall': 0.43310000000000004, 'eval/F1': 0.4322838682604405, 'eval/AUC': 0.8301839388888889}, BEST_EVAL_ACC: 0.4331, at 2600 iters
[2025-06-09 01:05:08,531 INFO] model saved: ./saved_models\fixmatch_cifar10_250_0\model_best.pth
[2025-06-09 01:05:53,944 INFO] confusion matrix:
[[0.439 0.042 0.056 0.07  0.03  0.012 0.022 0.016 0.271 0.042]
 [0.046 0.564 0.014 0.029 0.04  0.006 0.015 0.01  0.116 0.16 ]
 [0.09  0.006 0.26  0.123 0.12  0.074 0.242 0.034 0.044 0.007]
 [0.032 0.016 0.039 0.359 0.073 0.161 0.201 0.081 0.021 0.017]
 [0.036 0.004 0.118 0.081 0.278 0.09  0.283 0.079 0.023 0.008]
 [0.018 0.009 0.091 0.219 0.099 0.334 0.119 0.079 0.026 0.006]
 [0.01  0.003 0.054 0.181 0.117 0.057 0.548 0.018 0.011 0.001]
 [0.013 0.01  0.076 0.059 0.176 0.109 0.053 0.461 0.017 0.026]
 [0.134 0.08  0.009 0.015 0.024 0.003 0.024 0.01  0.661 0.04 ]
 [0.058 0.22  0.011 0.039 0.057 0.012 0.01  0.017 0.087 0.489]]
[2025-06-09 01:05:53,949 INFO] 2700 iteration, USE_EMA: True, {'train/sup_loss': tensor(0.0163, device='cuda:0'), 'train/unsup_loss': tensor(0.3289, device='cuda:0'), 'train/total_loss': tensor(0.3452, device='cuda:0'), 'train/mask_ratio': tensor(0.7188, device='cuda:0'), 'lr': 0.029484665769815555, 'train/prefecth_time': 0.1704796142578125, 'train/run_time': 0.24630784606933595, 'eval/loss': tensor(2.1101, device='cuda:0'), 'eval/top-1-acc': 0.4393, 'eval/top-5-acc': 0.8983, 'eval/precision': 0.4484301542157946, 'eval/recall': 0.4393000000000001, 'eval/F1': 0.43833034677859956, 'eval/AUC': 0.8331162055555557}, BEST_EVAL_ACC: 0.4393, at 2700 iters
[2025-06-09 01:05:53,997 INFO] model saved: ./saved_models\fixmatch_cifar10_250_0\model_best.pth
[2025-06-09 01:06:39,119 INFO] confusion matrix:
[[0.454 0.044 0.052 0.073 0.029 0.012 0.02  0.017 0.257 0.042]
 [0.044 0.576 0.013 0.028 0.039 0.006 0.014 0.011 0.108 0.161]
 [0.096 0.006 0.256 0.122 0.111 0.082 0.245 0.037 0.038 0.007]
 [0.033 0.017 0.037 0.361 0.074 0.164 0.198 0.079 0.019 0.018]
 [0.037 0.003 0.116 0.082 0.281 0.091 0.277 0.081 0.023 0.009]
 [0.019 0.009 0.088 0.216 0.093 0.356 0.111 0.08  0.022 0.006]
 [0.011 0.002 0.053 0.181 0.115 0.056 0.553 0.017 0.012 0.   ]
 [0.013 0.01  0.074 0.059 0.166 0.11  0.052 0.472 0.016 0.028]
 [0.145 0.082 0.009 0.015 0.022 0.003 0.022 0.008 0.653 0.041]
 [0.057 0.222 0.01  0.04  0.055 0.012 0.011 0.018 0.078 0.497]]
[2025-06-09 01:06:39,125 INFO] 2800 iteration, USE_EMA: True, {'train/sup_loss': tensor(0.0073, device='cuda:0'), 'train/unsup_loss': tensor(0.3618, device='cuda:0'), 'train/total_loss': tensor(0.3691, device='cuda:0'), 'train/mask_ratio': tensor(0.6354, device='cuda:0'), 'lr': 0.02944592067852356, 'train/prefecth_time': 0.1849845733642578, 'train/run_time': 0.2482143096923828, 'eval/loss': tensor(2.1150, device='cuda:0'), 'eval/top-1-acc': 0.4459, 'eval/top-5-acc': 0.8998, 'eval/precision': 0.45358347342642047, 'eval/recall': 0.4459000000000001, 'eval/F1': 0.444770475665296, 'eval/AUC': 0.8358123833333333}, BEST_EVAL_ACC: 0.4459, at 2800 iters
[2025-06-09 01:06:39,168 INFO] model saved: ./saved_models\fixmatch_cifar10_250_0\model_best.pth
[2025-06-09 01:07:24,836 INFO] confusion matrix:
[[0.468 0.042 0.051 0.074 0.027 0.013 0.019 0.016 0.249 0.041]
 [0.047 0.581 0.012 0.029 0.034 0.008 0.013 0.011 0.097 0.168]
 [0.095 0.006 0.263 0.124 0.108 0.087 0.237 0.036 0.036 0.008]
 [0.034 0.016 0.035 0.369 0.073 0.17  0.191 0.076 0.02  0.016]
 [0.037 0.003 0.116 0.085 0.286 0.094 0.267 0.081 0.022 0.009]
 [0.019 0.009 0.086 0.219 0.089 0.364 0.104 0.081 0.023 0.006]
 [0.01  0.002 0.054 0.188 0.116 0.056 0.545 0.017 0.012 0.   ]
 [0.013 0.01  0.073 0.062 0.165 0.112 0.047 0.48  0.017 0.021]
 [0.148 0.085 0.01  0.015 0.019 0.004 0.023 0.008 0.65  0.038]
 [0.059 0.215 0.011 0.04  0.053 0.011 0.01  0.016 0.073 0.512]]
[2025-06-09 01:07:24,842 INFO] 2900 iteration, USE_EMA: True, {'train/sup_loss': tensor(0.0125, device='cuda:0'), 'train/unsup_loss': tensor(0.3594, device='cuda:0'), 'train/total_loss': tensor(0.3718, device='cuda:0'), 'train/mask_ratio': tensor(0.6250, device='cuda:0'), 'lr': 0.02940578493256525, 'train/prefecth_time': 0.17147637939453125, 'train/run_time': 0.24559309387207032, 'eval/loss': tensor(2.1162, device='cuda:0'), 'eval/top-1-acc': 0.4518, 'eval/top-5-acc': 0.9027, 'eval/precision': 0.45953925325028433, 'eval/recall': 0.4518000000000001, 'eval/F1': 0.4511786476380699, 'eval/AUC': 0.8386707611111113}, BEST_EVAL_ACC: 0.4518, at 2900 iters
[2025-06-09 01:07:24,890 INFO] model saved: ./saved_models\fixmatch_cifar10_250_0\model_best.pth
[2025-06-09 01:08:13,009 INFO] confusion matrix:
[[0.488 0.044 0.046 0.074 0.027 0.012 0.018 0.017 0.232 0.042]
 [0.052 0.588 0.009 0.028 0.032 0.01  0.014 0.012 0.084 0.171]
 [0.097 0.007 0.259 0.131 0.105 0.091 0.23  0.037 0.035 0.008]
 [0.034 0.014 0.035 0.381 0.07  0.173 0.183 0.074 0.019 0.017]
 [0.038 0.003 0.115 0.088 0.292 0.094 0.257 0.084 0.02  0.009]
 [0.022 0.009 0.089 0.222 0.086 0.365 0.098 0.082 0.021 0.006]
 [0.009 0.001 0.055 0.193 0.12  0.055 0.538 0.018 0.011 0.   ]
 [0.014 0.01  0.071 0.06  0.157 0.113 0.042 0.496 0.017 0.02 ]
 [0.158 0.086 0.01  0.016 0.019 0.004 0.021 0.006 0.641 0.039]
 [0.054 0.215 0.01  0.039 0.052 0.01  0.008 0.017 0.07  0.525]]
[2025-06-09 01:08:13,014 INFO] 3000 iteration, USE_EMA: True, {'train/sup_loss': tensor(0.0110, device='cuda:0'), 'train/unsup_loss': tensor(0.3392, device='cuda:0'), 'train/total_loss': tensor(0.3502, device='cuda:0'), 'train/mask_ratio': tensor(0.6562, device='cuda:0'), 'lr': 0.029364260427448087, 'train/prefecth_time': 0.17805001831054687, 'train/run_time': 0.24600291442871094, 'eval/loss': tensor(2.1240, device='cuda:0'), 'eval/top-1-acc': 0.4573, 'eval/top-5-acc': 0.903, 'eval/precision': 0.46395482422182965, 'eval/recall': 0.45730000000000004, 'eval/F1': 0.4567123978321034, 'eval/AUC': 0.8408775111111109}, BEST_EVAL_ACC: 0.4573, at 3000 iters
[2025-06-09 01:08:13,058 INFO] model saved: ./saved_models\fixmatch_cifar10_250_0\model_best.pth
[2025-06-09 01:08:59,493 INFO] confusion matrix:
[[0.496 0.042 0.047 0.073 0.026 0.013 0.017 0.02  0.224 0.042]
 [0.047 0.595 0.009 0.027 0.032 0.01  0.013 0.011 0.076 0.18 ]
 [0.099 0.007 0.259 0.128 0.105 0.097 0.226 0.037 0.034 0.008]
 [0.033 0.014 0.031 0.391 0.071 0.171 0.178 0.075 0.02  0.016]
 [0.038 0.003 0.112 0.09  0.294 0.099 0.249 0.088 0.018 0.009]
 [0.024 0.009 0.089 0.219 0.081 0.375 0.094 0.082 0.021 0.006]
 [0.009 0.001 0.053 0.194 0.119 0.058 0.533 0.021 0.012 0.   ]
 [0.014 0.01  0.071 0.064 0.152 0.118 0.038 0.498 0.017 0.018]
 [0.16  0.087 0.009 0.016 0.018 0.005 0.02  0.006 0.641 0.038]
 [0.05  0.212 0.01  0.038 0.05  0.01  0.006 0.017 0.068 0.539]]
[2025-06-09 01:08:59,499 INFO] 3100 iteration, USE_EMA: True, {'train/sup_loss': tensor(0.0066, device='cuda:0'), 'train/unsup_loss': tensor(0.4162, device='cuda:0'), 'train/total_loss': tensor(0.4228, device='cuda:0'), 'train/mask_ratio': tensor(0.6198, device='cuda:0'), 'lr': 0.029321349124267034, 'train/prefecth_time': 0.1867499542236328, 'train/run_time': 0.24594329833984374, 'eval/loss': tensor(2.1351, device='cuda:0'), 'eval/top-1-acc': 0.4621, 'eval/top-5-acc': 0.9052, 'eval/precision': 0.4678356567033951, 'eval/recall': 0.46210000000000007, 'eval/F1': 0.4613835906531705, 'eval/AUC': 0.8424153777777779}, BEST_EVAL_ACC: 0.4621, at 3100 iters
[2025-06-09 01:08:59,553 INFO] model saved: ./saved_models\fixmatch_cifar10_250_0\model_best.pth
[2025-06-09 01:09:45,716 INFO] confusion matrix:
[[0.503 0.042 0.045 0.07  0.024 0.014 0.018 0.022 0.218 0.044]
 [0.045 0.61  0.009 0.025 0.03  0.009 0.012 0.011 0.067 0.182]
 [0.1   0.007 0.264 0.125 0.106 0.098 0.22  0.037 0.034 0.009]
 [0.032 0.014 0.032 0.39  0.072 0.176 0.175 0.075 0.018 0.016]
 [0.036 0.003 0.115 0.091 0.293 0.097 0.245 0.09  0.02  0.01 ]
 [0.022 0.009 0.092 0.22  0.087 0.37  0.094 0.081 0.019 0.006]
 [0.01  0.002 0.05  0.193 0.124 0.056 0.532 0.021 0.012 0.   ]
 [0.013 0.011 0.07  0.062 0.152 0.115 0.035 0.508 0.016 0.018]
 [0.158 0.085 0.013 0.012 0.019 0.005 0.019 0.006 0.643 0.04 ]
 [0.049 0.214 0.007 0.039 0.045 0.009 0.007 0.02  0.064 0.546]]
[2025-06-09 01:09:45,722 INFO] 3200 iteration, USE_EMA: True, {'train/sup_loss': tensor(0.0406, device='cuda:0'), 'train/unsup_loss': tensor(0.3829, device='cuda:0'), 'train/total_loss': tensor(0.4236, device='cuda:0'), 'train/mask_ratio': tensor(0.6510, device='cuda:0'), 'lr': 0.029277053049611944, 'train/prefecth_time': 0.1704120635986328, 'train/run_time': 0.2455916748046875, 'eval/loss': tensor(2.1353, device='cuda:0'), 'eval/top-1-acc': 0.4659, 'eval/top-5-acc': 0.9063, 'eval/precision': 0.4706637827607299, 'eval/recall': 0.4659, 'eval/F1': 0.46506477981175537, 'eval/AUC': 0.8445109500000001}, BEST_EVAL_ACC: 0.4659, at 3200 iters
[2025-06-09 01:09:45,768 INFO] model saved: ./saved_models\fixmatch_cifar10_250_0\model_best.pth
[2025-06-09 01:10:31,407 INFO] confusion matrix:
[[0.499 0.041 0.047 0.068 0.025 0.014 0.017 0.022 0.223 0.044]
 [0.042 0.621 0.008 0.026 0.03  0.011 0.01  0.01  0.062 0.18 ]
 [0.097 0.007 0.273 0.124 0.1   0.097 0.219 0.037 0.036 0.01 ]
 [0.03  0.015 0.032 0.392 0.072 0.176 0.175 0.075 0.019 0.014]
 [0.036 0.003 0.117 0.092 0.285 0.097 0.248 0.092 0.02  0.01 ]
 [0.023 0.008 0.095 0.219 0.085 0.377 0.088 0.08  0.019 0.006]
 [0.01  0.002 0.049 0.196 0.122 0.059 0.529 0.021 0.012 0.   ]
 [0.014 0.008 0.073 0.062 0.15  0.115 0.033 0.513 0.015 0.017]
 [0.156 0.085 0.013 0.013 0.019 0.005 0.019 0.006 0.646 0.038]
 [0.046 0.219 0.007 0.039 0.044 0.01  0.006 0.02  0.06  0.549]]
[2025-06-09 01:10:31,412 INFO] 3300 iteration, USE_EMA: True, {'train/sup_loss': tensor(0.0077, device='cuda:0'), 'train/unsup_loss': tensor(0.3048, device='cuda:0'), 'train/total_loss': tensor(0.3125, device='cuda:0'), 'train/mask_ratio': tensor(0.7031, device='cuda:0'), 'lr': 0.02923137429547185, 'train/prefecth_time': 0.171615234375, 'train/run_time': 0.24619212341308594, 'eval/loss': tensor(2.1396, device='cuda:0'), 'eval/top-1-acc': 0.4684, 'eval/top-5-acc': 0.9075, 'eval/precision': 0.4730598778810834, 'eval/recall': 0.46840000000000004, 'eval/F1': 0.4676530859780522, 'eval/AUC': 0.8462365}, BEST_EVAL_ACC: 0.4684, at 3300 iters
[2025-06-09 01:10:31,463 INFO] model saved: ./saved_models\fixmatch_cifar10_250_0\model_best.pth
[2025-06-09 01:11:17,182 INFO] confusion matrix:
[[0.507 0.042 0.047 0.068 0.021 0.015 0.016 0.023 0.218 0.043]
 [0.046 0.629 0.007 0.025 0.028 0.011 0.009 0.01  0.06  0.175]
 [0.099 0.006 0.274 0.121 0.1   0.098 0.22  0.036 0.035 0.011]
 [0.031 0.017 0.032 0.389 0.071 0.182 0.171 0.074 0.019 0.014]
 [0.036 0.003 0.118 0.091 0.286 0.099 0.243 0.093 0.02  0.011]
 [0.023 0.008 0.09  0.222 0.083 0.383 0.089 0.077 0.019 0.006]
 [0.01  0.002 0.049 0.197 0.119 0.06  0.532 0.018 0.013 0.   ]
 [0.013 0.009 0.073 0.062 0.15  0.115 0.03  0.519 0.013 0.016]
 [0.155 0.086 0.013 0.013 0.018 0.004 0.019 0.007 0.649 0.036]
 [0.042 0.219 0.009 0.038 0.04  0.01  0.007 0.02  0.06  0.555]]
[2025-06-09 01:11:17,187 INFO] 3400 iteration, USE_EMA: True, {'train/sup_loss': tensor(0.0090, device='cuda:0'), 'train/unsup_loss': tensor(0.4838, device='cuda:0'), 'train/total_loss': tensor(0.4928, device='cuda:0'), 'train/mask_ratio': tensor(0.6042, device='cuda:0'), 'lr': 0.029184315019136143, 'train/prefecth_time': 0.1807144012451172, 'train/run_time': 0.2457678680419922, 'eval/loss': tensor(2.1395, device='cuda:0'), 'eval/top-1-acc': 0.4723, 'eval/top-5-acc': 0.9085, 'eval/precision': 0.4766388100403229, 'eval/recall': 0.4723, 'eval/F1': 0.47142379071709123, 'eval/AUC': 0.8485650444444446}, BEST_EVAL_ACC: 0.4723, at 3400 iters
[2025-06-09 01:11:17,238 INFO] model saved: ./saved_models\fixmatch_cifar10_250_0\model_best.pth
[2025-06-09 01:12:02,967 INFO] confusion matrix:
[[0.494 0.044 0.05  0.068 0.023 0.014 0.016 0.026 0.222 0.043]
 [0.037 0.641 0.006 0.025 0.025 0.011 0.01  0.013 0.056 0.176]
 [0.096 0.007 0.276 0.123 0.106 0.093 0.216 0.037 0.035 0.011]
 [0.028 0.015 0.032 0.393 0.069 0.181 0.165 0.082 0.02  0.015]
 [0.032 0.003 0.117 0.092 0.287 0.098 0.239 0.101 0.021 0.01 ]
 [0.02  0.007 0.089 0.221 0.09  0.38  0.088 0.081 0.018 0.006]
 [0.008 0.002 0.047 0.202 0.12  0.059 0.528 0.021 0.013 0.   ]
 [0.013 0.008 0.075 0.06  0.149 0.108 0.031 0.527 0.012 0.017]
 [0.148 0.082 0.012 0.014 0.017 0.005 0.018 0.008 0.658 0.038]
 [0.034 0.211 0.008 0.04  0.037 0.01  0.008 0.019 0.057 0.576]]
[2025-06-09 01:12:02,974 INFO] 3500 iteration, USE_EMA: True, {'train/sup_loss': tensor(0.0140, device='cuda:0'), 'train/unsup_loss': tensor(0.4008, device='cuda:0'), 'train/total_loss': tensor(0.4147, device='cuda:0'), 'train/mask_ratio': tensor(0.6146, device='cuda:0'), 'lr': 0.029135877443092723, 'train/prefecth_time': 0.16433868408203126, 'train/run_time': 0.246326171875, 'eval/loss': tensor(2.1288, device='cuda:0'), 'eval/top-1-acc': 0.476, 'eval/top-5-acc': 0.9106, 'eval/precision': 0.4797291202247983, 'eval/recall': 0.476, 'eval/F1': 0.47497581615748646, 'eval/AUC': 0.8511029999999999}, BEST_EVAL_ACC: 0.476, at 3500 iters
[2025-06-09 01:12:03,021 INFO] model saved: ./saved_models\fixmatch_cifar10_250_0\model_best.pth
[2025-06-09 01:12:48,911 INFO] confusion matrix:
[[0.504 0.043 0.049 0.066 0.025 0.014 0.014 0.025 0.217 0.043]
 [0.038 0.644 0.005 0.029 0.024 0.01  0.01  0.013 0.053 0.174]
 [0.095 0.007 0.277 0.122 0.108 0.095 0.209 0.038 0.035 0.014]
 [0.028 0.017 0.034 0.395 0.069 0.181 0.161 0.08  0.02  0.015]
 [0.033 0.003 0.112 0.095 0.294 0.092 0.238 0.102 0.021 0.01 ]
 [0.019 0.008 0.086 0.221 0.095 0.378 0.084 0.087 0.017 0.005]
 [0.009 0.002 0.044 0.208 0.121 0.057 0.526 0.02  0.013 0.   ]
 [0.012 0.007 0.075 0.059 0.147 0.11  0.028 0.531 0.013 0.018]
 [0.145 0.08  0.012 0.014 0.019 0.004 0.018 0.009 0.659 0.04 ]
 [0.037 0.202 0.005 0.042 0.036 0.007 0.008 0.02  0.056 0.587]]
[2025-06-09 01:12:48,916 INFO] 3600 iteration, USE_EMA: True, {'train/sup_loss': tensor(0.0053, device='cuda:0'), 'train/unsup_loss': tensor(0.2758, device='cuda:0'), 'train/total_loss': tensor(0.2811, device='cuda:0'), 'train/mask_ratio': tensor(0.6250, device='cuda:0'), 'lr': 0.029086063854923013, 'train/prefecth_time': 0.19106809997558594, 'train/run_time': 0.2463086700439453, 'eval/loss': tensor(2.1298, device='cuda:0'), 'eval/top-1-acc': 0.4795, 'eval/top-5-acc': 0.9114, 'eval/precision': 0.48324977531295954, 'eval/recall': 0.4795, 'eval/F1': 0.47856182006896947, 'eval/AUC': 0.85328385}, BEST_EVAL_ACC: 0.4795, at 3600 iters
[2025-06-09 01:12:48,980 INFO] model saved: ./saved_models\fixmatch_cifar10_250_0\model_best.pth
[2025-06-09 01:13:34,692 INFO] confusion matrix:
[[0.513 0.04  0.046 0.066 0.025 0.015 0.014 0.025 0.211 0.045]
 [0.035 0.64  0.007 0.029 0.023 0.01  0.01  0.013 0.053 0.18 ]
 [0.096 0.007 0.278 0.123 0.11  0.1   0.202 0.036 0.034 0.014]
 [0.027 0.018 0.037 0.394 0.069 0.185 0.156 0.079 0.02  0.015]
 [0.031 0.003 0.113 0.095 0.297 0.093 0.231 0.108 0.019 0.01 ]
 [0.021 0.007 0.083 0.225 0.095 0.384 0.081 0.081 0.017 0.006]
 [0.008 0.002 0.046 0.208 0.123 0.057 0.523 0.02  0.013 0.   ]
 [0.012 0.009 0.076 0.061 0.148 0.108 0.026 0.53  0.012 0.018]
 [0.142 0.077 0.012 0.014 0.019 0.004 0.017 0.009 0.666 0.04 ]
 [0.036 0.193 0.007 0.036 0.032 0.007 0.008 0.02  0.054 0.607]]
[2025-06-09 01:13:34,699 INFO] 3700 iteration, USE_EMA: True, {'train/sup_loss': tensor(0.0094, device='cuda:0'), 'train/unsup_loss': tensor(0.2580, device='cuda:0'), 'train/total_loss': tensor(0.2673, device='cuda:0'), 'train/mask_ratio': tensor(0.6823, device='cuda:0'), 'lr': 0.029034876607193928, 'train/prefecth_time': 0.18598092651367187, 'train/run_time': 0.2483308868408203, 'eval/loss': tensor(2.1284, device='cuda:0'), 'eval/top-1-acc': 0.4832, 'eval/top-5-acc': 0.9133, 'eval/precision': 0.4866348737535645, 'eval/recall': 0.4832000000000001, 'eval/F1': 0.48237847694040026, 'eval/AUC': 0.8552471611111111}, BEST_EVAL_ACC: 0.4832, at 3700 iters
[2025-06-09 01:13:34,749 INFO] model saved: ./saved_models\fixmatch_cifar10_250_0\model_best.pth
[2025-06-09 01:14:19,982 INFO] confusion matrix:
[[0.518 0.04  0.046 0.067 0.025 0.015 0.015 0.024 0.203 0.047]
 [0.033 0.654 0.006 0.032 0.02  0.01  0.01  0.012 0.051 0.172]
 [0.096 0.007 0.283 0.124 0.106 0.1   0.203 0.035 0.032 0.014]
 [0.025 0.013 0.037 0.404 0.069 0.184 0.151 0.079 0.02  0.018]
 [0.029 0.003 0.114 0.095 0.294 0.092 0.237 0.106 0.019 0.011]
 [0.019 0.008 0.086 0.227 0.091 0.385 0.081 0.08  0.019 0.004]
 [0.009 0.002 0.047 0.206 0.118 0.057 0.527 0.021 0.013 0.   ]
 [0.013 0.009 0.079 0.062 0.141 0.107 0.029 0.531 0.011 0.018]
 [0.139 0.075 0.013 0.014 0.018 0.004 0.017 0.009 0.671 0.04 ]
 [0.034 0.2   0.008 0.037 0.029 0.007 0.008 0.02  0.051 0.606]]
[2025-06-09 01:14:19,986 INFO] 3800 iteration, USE_EMA: True, {'train/sup_loss': tensor(0.0107, device='cuda:0'), 'train/unsup_loss': tensor(0.4234, device='cuda:0'), 'train/total_loss': tensor(0.4342, device='cuda:0'), 'train/mask_ratio': tensor(0.5469, device='cuda:0'), 'lr': 0.028982318117346775, 'train/prefecth_time': 0.16177151489257813, 'train/run_time': 0.24543641662597657, 'eval/loss': tensor(2.1271, device='cuda:0'), 'eval/top-1-acc': 0.4873, 'eval/top-5-acc': 0.9158, 'eval/precision': 0.49071997971204817, 'eval/recall': 0.4873, 'eval/F1': 0.4864047894392157, 'eval/AUC': 0.8568122944444447}, BEST_EVAL_ACC: 0.4873, at 3800 iters
[2025-06-09 01:14:20,033 INFO] model saved: ./saved_models\fixmatch_cifar10_250_0\model_best.pth
[2025-06-09 01:15:05,928 INFO] confusion matrix:
[[0.516 0.041 0.047 0.067 0.024 0.015 0.016 0.022 0.207 0.045]
 [0.027 0.677 0.005 0.031 0.019 0.01  0.009 0.011 0.047 0.164]
 [0.095 0.007 0.289 0.12  0.102 0.096 0.21  0.034 0.033 0.014]
 [0.027 0.015 0.043 0.408 0.067 0.183 0.151 0.07  0.019 0.017]
 [0.026 0.003 0.118 0.098 0.292 0.089 0.236 0.107 0.02  0.011]
 [0.018 0.009 0.088 0.231 0.084 0.394 0.082 0.073 0.017 0.004]
 [0.009 0.002 0.047 0.214 0.111 0.052 0.535 0.02  0.01  0.   ]
 [0.013 0.01  0.083 0.063 0.141 0.106 0.03  0.526 0.011 0.017]
 [0.132 0.072 0.013 0.014 0.018 0.004 0.016 0.009 0.684 0.038]
 [0.031 0.208 0.008 0.038 0.026 0.008 0.008 0.017 0.052 0.604]]
[2025-06-09 01:15:05,933 INFO] 3900 iteration, USE_EMA: True, {'train/sup_loss': tensor(0.0112, device='cuda:0'), 'train/unsup_loss': tensor(0.3256, device='cuda:0'), 'train/total_loss': tensor(0.3368, device='cuda:0'), 'train/mask_ratio': tensor(0.6042, device='cuda:0'), 'lr': 0.028928390867583073, 'train/prefecth_time': 0.18139570617675782, 'train/run_time': 0.24595657348632813, 'eval/loss': tensor(2.1228, device='cuda:0'), 'eval/top-1-acc': 0.4925, 'eval/top-5-acc': 0.9161, 'eval/precision': 0.49635312938052767, 'eval/recall': 0.4925, 'eval/F1': 0.4915315690795573, 'eval/AUC': 0.8586111000000001}, BEST_EVAL_ACC: 0.4925, at 3900 iters
[2025-06-09 01:15:05,980 INFO] model saved: ./saved_models\fixmatch_cifar10_250_0\model_best.pth
[2025-06-09 01:15:51,831 INFO] confusion matrix:
[[0.515 0.04  0.048 0.066 0.024 0.016 0.016 0.024 0.207 0.044]
 [0.026 0.681 0.004 0.027 0.019 0.011 0.01  0.011 0.047 0.164]
 [0.094 0.007 0.295 0.121 0.101 0.094 0.207 0.033 0.034 0.014]
 [0.025 0.014 0.042 0.413 0.066 0.185 0.153 0.065 0.022 0.015]
 [0.024 0.002 0.115 0.099 0.293 0.094 0.236 0.104 0.021 0.012]
 [0.018 0.008 0.088 0.234 0.084 0.392 0.08  0.076 0.016 0.004]
 [0.01  0.002 0.048 0.213 0.11  0.053 0.532 0.02  0.012 0.   ]
 [0.012 0.009 0.083 0.063 0.144 0.103 0.031 0.529 0.012 0.014]
 [0.124 0.071 0.012 0.015 0.018 0.005 0.015 0.009 0.695 0.036]
 [0.028 0.199 0.007 0.039 0.026 0.007 0.008 0.016 0.056 0.614]]
[2025-06-09 01:15:51,840 INFO] 4000 iteration, USE_EMA: True, {'train/sup_loss': tensor(0.0258, device='cuda:0'), 'train/unsup_loss': tensor(0.4061, device='cuda:0'), 'train/total_loss': tensor(0.4319, device='cuda:0'), 'train/mask_ratio': tensor(0.5573, device='cuda:0'), 'lr': 0.028873097404747344, 'train/prefecth_time': 0.1852006378173828, 'train/run_time': 0.2471004180908203, 'eval/loss': tensor(2.1099, device='cuda:0'), 'eval/top-1-acc': 0.4959, 'eval/top-5-acc': 0.9184, 'eval/precision': 0.5002720505601191, 'eval/recall': 0.49590000000000006, 'eval/F1': 0.4950591535059704, 'eval/AUC': 0.8608327555555554}, BEST_EVAL_ACC: 0.4959, at 4000 iters
[2025-06-09 01:15:51,889 INFO] model saved: ./saved_models\fixmatch_cifar10_250_0\model_best.pth
[2025-06-09 01:16:37,906 INFO] confusion matrix:
[[0.519 0.039 0.048 0.065 0.024 0.018 0.015 0.024 0.202 0.046]
 [0.027 0.689 0.003 0.026 0.019 0.009 0.01  0.01  0.048 0.159]
 [0.094 0.006 0.301 0.121 0.1   0.097 0.201 0.032 0.035 0.013]
 [0.026 0.014 0.042 0.418 0.065 0.191 0.149 0.062 0.019 0.014]
 [0.023 0.002 0.113 0.098 0.299 0.096 0.23  0.106 0.021 0.012]
 [0.016 0.007 0.086 0.235 0.085 0.399 0.077 0.075 0.016 0.004]
 [0.011 0.002 0.048 0.213 0.107 0.051 0.538 0.019 0.011 0.   ]
 [0.016 0.008 0.078 0.061 0.149 0.107 0.03  0.525 0.012 0.014]
 [0.122 0.069 0.012 0.013 0.018 0.006 0.017 0.01  0.693 0.04 ]
 [0.03  0.19  0.008 0.038 0.026 0.007 0.008 0.016 0.05  0.627]]
[2025-06-09 01:16:37,911 INFO] 4100 iteration, USE_EMA: True, {'train/sup_loss': tensor(0.0091, device='cuda:0'), 'train/unsup_loss': tensor(0.3445, device='cuda:0'), 'train/total_loss': tensor(0.3537, device='cuda:0'), 'train/mask_ratio': tensor(0.5781, device='cuda:0'), 'lr': 0.028816440340206802, 'train/prefecth_time': 0.1750702362060547, 'train/run_time': 0.24691302490234374, 'eval/loss': tensor(2.1012, device='cuda:0'), 'eval/top-1-acc': 0.5008, 'eval/top-5-acc': 0.9207, 'eval/precision': 0.5052580926304371, 'eval/recall': 0.5008, 'eval/F1': 0.5001228426653085, 'eval/AUC': 0.862717588888889}, BEST_EVAL_ACC: 0.5008, at 4100 iters
[2025-06-09 01:16:37,960 INFO] model saved: ./saved_models\fixmatch_cifar10_250_0\model_best.pth
[2025-06-09 01:17:23,743 INFO] confusion matrix:
[[0.517 0.038 0.051 0.064 0.024 0.018 0.012 0.023 0.208 0.045]
 [0.026 0.693 0.004 0.025 0.019 0.01  0.01  0.01  0.049 0.154]
 [0.096 0.007 0.305 0.122 0.094 0.097 0.2   0.031 0.035 0.013]
 [0.026 0.014 0.045 0.425 0.064 0.193 0.148 0.053 0.019 0.013]
 [0.023 0.002 0.115 0.1   0.299 0.095 0.229 0.105 0.02  0.012]
 [0.015 0.007 0.094 0.231 0.081 0.407 0.075 0.069 0.017 0.004]
 [0.011 0.002 0.051 0.217 0.1   0.051 0.542 0.015 0.011 0.   ]
 [0.016 0.007 0.082 0.061 0.153 0.108 0.028 0.521 0.009 0.015]
 [0.116 0.066 0.013 0.015 0.017 0.006 0.017 0.01  0.701 0.039]
 [0.028 0.191 0.008 0.039 0.02  0.008 0.008 0.017 0.05  0.631]]
[2025-06-09 01:17:23,748 INFO] 4200 iteration, USE_EMA: True, {'train/sup_loss': tensor(0.0064, device='cuda:0'), 'train/unsup_loss': tensor(0.4154, device='cuda:0'), 'train/total_loss': tensor(0.4219, device='cuda:0'), 'train/mask_ratio': tensor(0.5260, device='cuda:0'), 'lr': 0.02875842234972806, 'train/prefecth_time': 0.17295152282714843, 'train/run_time': 0.24733247375488282, 'eval/loss': tensor(2.0911, device='cuda:0'), 'eval/top-1-acc': 0.5041, 'eval/top-5-acc': 0.9212, 'eval/precision': 0.5088832820264223, 'eval/recall': 0.5041, 'eval/F1': 0.5034971752207235, 'eval/AUC': 0.8646070444444445}, BEST_EVAL_ACC: 0.5041, at 4200 iters
[2025-06-09 01:17:23,800 INFO] model saved: ./saved_models\fixmatch_cifar10_250_0\model_best.pth
[2025-06-09 01:18:09,085 INFO] confusion matrix:
[[0.515 0.043 0.054 0.063 0.024 0.022 0.011 0.022 0.202 0.044]
 [0.026 0.696 0.004 0.025 0.018 0.009 0.011 0.008 0.045 0.158]
 [0.096 0.008 0.304 0.124 0.09  0.103 0.196 0.033 0.035 0.011]
 [0.025 0.014 0.047 0.425 0.067 0.193 0.147 0.051 0.018 0.013]
 [0.025 0.002 0.114 0.103 0.308 0.102 0.219 0.101 0.014 0.012]
 [0.015 0.006 0.094 0.235 0.073 0.415 0.072 0.069 0.017 0.004]
 [0.01  0.002 0.052 0.214 0.098 0.054 0.542 0.017 0.011 0.   ]
 [0.017 0.007 0.081 0.063 0.157 0.105 0.026 0.52  0.008 0.016]
 [0.113 0.067 0.013 0.015 0.017 0.006 0.017 0.008 0.705 0.039]
 [0.028 0.179 0.008 0.035 0.02  0.008 0.006 0.016 0.046 0.654]]
[2025-06-09 01:18:09,093 INFO] 4300 iteration, USE_EMA: True, {'train/sup_loss': tensor(0.0282, device='cuda:0'), 'train/unsup_loss': tensor(0.3561, device='cuda:0'), 'train/total_loss': tensor(0.3844, device='cuda:0'), 'train/mask_ratio': tensor(0.5677, device='cuda:0'), 'lr': 0.028699046173350725, 'train/prefecth_time': 0.18265426635742188, 'train/run_time': 0.24662835693359375, 'eval/loss': tensor(2.0828, device='cuda:0'), 'eval/top-1-acc': 0.5084, 'eval/top-5-acc': 0.9223, 'eval/precision': 0.5131681374386539, 'eval/recall': 0.5084, 'eval/F1': 0.5079305296507148, 'eval/AUC': 0.866515266666667}, BEST_EVAL_ACC: 0.5084, at 4300 iters
[2025-06-09 01:18:09,164 INFO] model saved: ./saved_models\fixmatch_cifar10_250_0\model_best.pth
[2025-06-09 01:18:54,500 INFO] confusion matrix:
[[0.521 0.042 0.053 0.064 0.023 0.018 0.011 0.022 0.201 0.045]
 [0.028 0.705 0.003 0.025 0.017 0.009 0.011 0.006 0.043 0.153]
 [0.098 0.008 0.314 0.125 0.085 0.094 0.198 0.034 0.032 0.012]
 [0.024 0.012 0.049 0.434 0.065 0.19  0.144 0.05  0.018 0.014]
 [0.026 0.002 0.12  0.104 0.305 0.095 0.221 0.099 0.015 0.013]
 [0.015 0.006 0.096 0.231 0.077 0.412 0.072 0.07  0.017 0.004]
 [0.009 0.002 0.051 0.214 0.094 0.055 0.548 0.015 0.011 0.001]
 [0.017 0.006 0.08  0.062 0.158 0.1   0.025 0.527 0.008 0.017]
 [0.11  0.066 0.013 0.016 0.017 0.006 0.016 0.007 0.712 0.037]
 [0.026 0.175 0.01  0.035 0.019 0.008 0.006 0.017 0.047 0.657]]
[2025-06-09 01:18:54,506 INFO] 4400 iteration, USE_EMA: True, {'train/sup_loss': tensor(0.0454, device='cuda:0'), 'train/unsup_loss': tensor(0.2698, device='cuda:0'), 'train/total_loss': tensor(0.3152, device='cuda:0'), 'train/mask_ratio': tensor(0.5677, device='cuda:0'), 'lr': 0.028638314615258023, 'train/prefecth_time': 0.16729685974121095, 'train/run_time': 0.24570863342285157, 'eval/loss': tensor(2.0791, device='cuda:0'), 'eval/top-1-acc': 0.5135, 'eval/top-5-acc': 0.9237, 'eval/precision': 0.5180159028068423, 'eval/recall': 0.5135, 'eval/F1': 0.5129065149917175, 'eval/AUC': 0.868309388888889}, BEST_EVAL_ACC: 0.5135, at 4400 iters
[2025-06-09 01:18:54,553 INFO] model saved: ./saved_models\fixmatch_cifar10_250_0\model_best.pth
[2025-06-09 01:19:39,947 INFO] confusion matrix:
[[0.524 0.039 0.055 0.061 0.022 0.018 0.01  0.022 0.203 0.046]
 [0.027 0.71  0.003 0.025 0.017 0.009 0.011 0.006 0.041 0.151]
 [0.099 0.006 0.31  0.123 0.084 0.096 0.2   0.037 0.033 0.012]
 [0.026 0.012 0.05  0.443 0.064 0.183 0.141 0.05  0.018 0.013]
 [0.026 0.002 0.123 0.1   0.31  0.096 0.218 0.099 0.013 0.013]
 [0.014 0.007 0.097 0.239 0.08  0.402 0.068 0.072 0.017 0.004]
 [0.009 0.003 0.051 0.212 0.098 0.054 0.547 0.015 0.011 0.   ]
 [0.018 0.006 0.083 0.062 0.149 0.097 0.024 0.536 0.007 0.018]
 [0.107 0.066 0.011 0.016 0.018 0.006 0.015 0.007 0.721 0.033]
 [0.025 0.169 0.01  0.037 0.018 0.008 0.007 0.017 0.048 0.661]]
[2025-06-09 01:19:39,952 INFO] 4500 iteration, USE_EMA: True, {'train/sup_loss': tensor(0.0133, device='cuda:0'), 'train/unsup_loss': tensor(0.3986, device='cuda:0'), 'train/total_loss': tensor(0.4119, device='cuda:0'), 'train/mask_ratio': tensor(0.5885, device='cuda:0'), 'lr': 0.028576230543644353, 'train/prefecth_time': 0.17017263793945311, 'train/run_time': 0.2467939453125, 'eval/loss': tensor(2.0814, device='cuda:0'), 'eval/top-1-acc': 0.5164, 'eval/top-5-acc': 0.924, 'eval/precision': 0.5204041890860279, 'eval/recall': 0.5164, 'eval/F1': 0.5156156995529797, 'eval/AUC': 0.8695719166666667}, BEST_EVAL_ACC: 0.5164, at 4500 iters
[2025-06-09 01:19:40,005 INFO] model saved: ./saved_models\fixmatch_cifar10_250_0\model_best.pth
[2025-06-09 01:20:26,028 INFO] confusion matrix:
[[0.53  0.039 0.052 0.063 0.023 0.018 0.01  0.021 0.198 0.046]
 [0.026 0.719 0.005 0.024 0.017 0.009 0.01  0.006 0.04  0.144]
 [0.1   0.005 0.312 0.127 0.084 0.095 0.193 0.038 0.034 0.012]
 [0.026 0.011 0.05  0.449 0.061 0.179 0.137 0.054 0.018 0.015]
 [0.026 0.002 0.121 0.101 0.313 0.096 0.212 0.103 0.013 0.013]
 [0.014 0.007 0.096 0.241 0.08  0.408 0.061 0.073 0.016 0.004]
 [0.01  0.002 0.05  0.213 0.096 0.052 0.554 0.012 0.011 0.   ]
 [0.018 0.005 0.084 0.059 0.144 0.095 0.024 0.545 0.009 0.017]
 [0.105 0.066 0.011 0.017 0.018 0.006 0.014 0.008 0.723 0.032]
 [0.025 0.168 0.009 0.039 0.016 0.008 0.007 0.016 0.046 0.666]]
[2025-06-09 01:20:26,034 INFO] 4600 iteration, USE_EMA: True, {'train/sup_loss': tensor(0.0207, device='cuda:0'), 'train/unsup_loss': tensor(0.2816, device='cuda:0'), 'train/total_loss': tensor(0.3023, device='cuda:0'), 'train/mask_ratio': tensor(0.5729, device='cuda:0'), 'lr': 0.028512796890579825, 'train/prefecth_time': 0.19412077331542968, 'train/run_time': 0.24604035949707032, 'eval/loss': tensor(2.0743, device='cuda:0'), 'eval/top-1-acc': 0.5219, 'eval/top-5-acc': 0.9255, 'eval/precision': 0.5255742931993765, 'eval/recall': 0.5219000000000001, 'eval/F1': 0.520994746000696, 'eval/AUC': 0.8715516111111111}, BEST_EVAL_ACC: 0.5219, at 4600 iters
[2025-06-09 01:20:26,083 INFO] model saved: ./saved_models\fixmatch_cifar10_250_0\model_best.pth
[2025-06-09 01:21:11,779 INFO] confusion matrix:
[[0.536 0.04  0.051 0.062 0.022 0.019 0.01  0.021 0.192 0.047]
 [0.024 0.721 0.004 0.025 0.016 0.01  0.01  0.006 0.04  0.144]
 [0.103 0.005 0.316 0.127 0.083 0.094 0.191 0.037 0.033 0.011]
 [0.028 0.011 0.053 0.456 0.058 0.176 0.135 0.053 0.015 0.015]
 [0.026 0.002 0.12  0.1   0.314 0.092 0.214 0.107 0.012 0.013]
 [0.015 0.007 0.101 0.244 0.077 0.406 0.058 0.071 0.016 0.005]
 [0.011 0.002 0.049 0.215 0.095 0.051 0.554 0.013 0.01  0.   ]
 [0.019 0.005 0.083 0.061 0.143 0.094 0.022 0.547 0.009 0.017]
 [0.108 0.063 0.012 0.016 0.017 0.005 0.015 0.01  0.721 0.033]
 [0.025 0.164 0.009 0.038 0.012 0.007 0.007 0.017 0.047 0.674]]
[2025-06-09 01:21:11,784 INFO] 4700 iteration, USE_EMA: True, {'train/sup_loss': tensor(0.0208, device='cuda:0'), 'train/unsup_loss': tensor(0.3718, device='cuda:0'), 'train/total_loss': tensor(0.3927, device='cuda:0'), 'train/mask_ratio': tensor(0.5208, device='cuda:0'), 'lr': 0.028448016651871785, 'train/prefecth_time': 0.17312460327148438, 'train/run_time': 0.24605081176757812, 'eval/loss': tensor(2.0669, device='cuda:0'), 'eval/top-1-acc': 0.5245, 'eval/top-5-acc': 0.927, 'eval/precision': 0.5278783411178528, 'eval/recall': 0.5245, 'eval/F1': 0.5235268481544708, 'eval/AUC': 0.8734583333333334}, BEST_EVAL_ACC: 0.5245, at 4700 iters
[2025-06-09 01:21:11,836 INFO] model saved: ./saved_models\fixmatch_cifar10_250_0\model_best.pth
[2025-06-09 01:21:57,457 INFO] confusion matrix:
[[0.541 0.04  0.053 0.061 0.02  0.019 0.01  0.021 0.191 0.044]
 [0.025 0.729 0.004 0.024 0.015 0.01  0.011 0.006 0.039 0.137]
 [0.104 0.005 0.322 0.128 0.084 0.091 0.186 0.037 0.033 0.01 ]
 [0.029 0.012 0.058 0.456 0.058 0.175 0.132 0.051 0.014 0.015]
 [0.026 0.002 0.125 0.102 0.322 0.09  0.205 0.103 0.012 0.013]
 [0.016 0.006 0.106 0.238 0.075 0.416 0.056 0.067 0.016 0.004]
 [0.011 0.003 0.053 0.211 0.095 0.052 0.552 0.012 0.011 0.   ]
 [0.018 0.004 0.087 0.063 0.139 0.097 0.02  0.548 0.009 0.015]
 [0.103 0.062 0.012 0.016 0.018 0.006 0.014 0.01  0.725 0.034]
 [0.026 0.16  0.009 0.039 0.013 0.007 0.007 0.016 0.046 0.677]]
[2025-06-09 01:21:57,462 INFO] 4800 iteration, USE_EMA: True, {'train/sup_loss': tensor(0.0081, device='cuda:0'), 'train/unsup_loss': tensor(0.2911, device='cuda:0'), 'train/total_loss': tensor(0.2992, device='cuda:0'), 'train/mask_ratio': tensor(0.5625, device='cuda:0'), 'lr': 0.028381892886923343, 'train/prefecth_time': 0.18085580444335939, 'train/run_time': 0.24684320068359375, 'eval/loss': tensor(2.0551, device='cuda:0'), 'eval/top-1-acc': 0.5288, 'eval/top-5-acc': 0.9297, 'eval/precision': 0.5326130114547423, 'eval/recall': 0.5288, 'eval/F1': 0.5282410831971802, 'eval/AUC': 0.8752559111111111}, BEST_EVAL_ACC: 0.5288, at 4800 iters
[2025-06-09 01:21:57,510 INFO] model saved: ./saved_models\fixmatch_cifar10_250_0\model_best.pth
[2025-06-09 01:22:42,716 INFO] confusion matrix:
[[0.546 0.039 0.051 0.06  0.02  0.018 0.011 0.022 0.189 0.044]
 [0.024 0.737 0.004 0.023 0.016 0.01  0.011 0.006 0.039 0.13 ]
 [0.107 0.005 0.325 0.123 0.083 0.088 0.189 0.036 0.032 0.012]
 [0.028 0.012 0.056 0.447 0.057 0.179 0.133 0.056 0.016 0.016]
 [0.03  0.002 0.124 0.093 0.317 0.089 0.21  0.111 0.012 0.012]
 [0.016 0.006 0.108 0.239 0.074 0.416 0.053 0.068 0.016 0.004]
 [0.011 0.003 0.048 0.209 0.092 0.053 0.562 0.012 0.01  0.   ]
 [0.018 0.004 0.088 0.06  0.137 0.095 0.02  0.553 0.009 0.016]
 [0.1   0.061 0.012 0.016 0.017 0.006 0.014 0.01  0.73  0.034]
 [0.024 0.153 0.01  0.036 0.012 0.007 0.007 0.016 0.044 0.691]]
[2025-06-09 01:22:42,721 INFO] 4900 iteration, USE_EMA: True, {'train/sup_loss': tensor(0.0075, device='cuda:0'), 'train/unsup_loss': tensor(0.2943, device='cuda:0'), 'train/total_loss': tensor(0.3017, device='cuda:0'), 'train/mask_ratio': tensor(0.5729, device='cuda:0'), 'lr': 0.02831442871858888, 'train/prefecth_time': 0.18582908630371095, 'train/run_time': 0.2460925750732422, 'eval/loss': tensor(2.0333, device='cuda:0'), 'eval/top-1-acc': 0.5324, 'eval/top-5-acc': 0.9306, 'eval/precision': 0.5349775687492249, 'eval/recall': 0.5324, 'eval/F1': 0.5313311996438894, 'eval/AUC': 0.8773047666666666}, BEST_EVAL_ACC: 0.5324, at 4900 iters
[2025-06-09 01:22:42,771 INFO] model saved: ./saved_models\fixmatch_cifar10_250_0\model_best.pth
[2025-06-09 01:23:28,560 INFO] confusion matrix:
[[0.547 0.041 0.048 0.06  0.02  0.017 0.013 0.024 0.189 0.041]
 [0.023 0.746 0.004 0.021 0.016 0.01  0.01  0.006 0.034 0.13 ]
 [0.104 0.005 0.325 0.121 0.081 0.09  0.195 0.036 0.031 0.012]
 [0.028 0.012 0.059 0.446 0.058 0.18  0.13  0.054 0.016 0.017]
 [0.029 0.002 0.124 0.092 0.32  0.089 0.209 0.111 0.012 0.012]
 [0.018 0.006 0.106 0.237 0.074 0.418 0.054 0.069 0.014 0.004]
 [0.009 0.003 0.049 0.206 0.093 0.05  0.564 0.014 0.012 0.   ]
 [0.016 0.003 0.082 0.06  0.139 0.094 0.018 0.558 0.01  0.02 ]
 [0.102 0.057 0.012 0.014 0.02  0.006 0.015 0.009 0.73  0.035]
 [0.023 0.146 0.01  0.035 0.012 0.007 0.007 0.015 0.04  0.705]]
[2025-06-09 01:23:28,565 INFO] 5000 iteration, USE_EMA: True, {'train/sup_loss': tensor(0.0142, device='cuda:0'), 'train/unsup_loss': tensor(0.2097, device='cuda:0'), 'train/total_loss': tensor(0.2240, device='cuda:0'), 'train/mask_ratio': tensor(0.6094, device='cuda:0'), 'lr': 0.028245627333026553, 'train/prefecth_time': 0.17504896545410156, 'train/run_time': 0.24793785095214843, 'eval/loss': tensor(2.0148, device='cuda:0'), 'eval/top-1-acc': 0.5359, 'eval/top-5-acc': 0.931, 'eval/precision': 0.5380511269208503, 'eval/recall': 0.5359, 'eval/F1': 0.5346986665997364, 'eval/AUC': 0.8793198944444445}, BEST_EVAL_ACC: 0.5359, at 5000 iters
[2025-06-09 01:23:28,616 INFO] model saved: ./saved_models\fixmatch_cifar10_250_0\model_best.pth
[2025-06-09 01:24:14,407 INFO] confusion matrix:
[[0.543 0.041 0.049 0.059 0.02  0.017 0.011 0.024 0.193 0.043]
 [0.022 0.751 0.004 0.02  0.016 0.009 0.01  0.005 0.036 0.127]
 [0.105 0.006 0.33  0.122 0.078 0.094 0.189 0.038 0.026 0.012]
 [0.029 0.011 0.056 0.441 0.058 0.19  0.126 0.054 0.015 0.02 ]
 [0.029 0.002 0.124 0.089 0.32  0.095 0.208 0.11  0.011 0.012]
 [0.015 0.006 0.107 0.236 0.069 0.427 0.052 0.069 0.014 0.005]
 [0.009 0.003 0.049 0.206 0.089 0.052 0.565 0.014 0.013 0.   ]
 [0.016 0.003 0.081 0.06  0.137 0.093 0.018 0.564 0.008 0.02 ]
 [0.098 0.058 0.012 0.014 0.019 0.006 0.014 0.009 0.733 0.037]
 [0.022 0.129 0.011 0.033 0.013 0.007 0.007 0.014 0.039 0.725]]
[2025-06-09 01:24:14,413 INFO] 5100 iteration, USE_EMA: True, {'train/sup_loss': tensor(0.0053, device='cuda:0'), 'train/unsup_loss': tensor(0.2691, device='cuda:0'), 'train/total_loss': tensor(0.2744, device='cuda:0'), 'train/mask_ratio': tensor(0.5938, device='cuda:0'), 'lr': 0.028175491979547836, 'train/prefecth_time': 0.18274169921875, 'train/run_time': 0.24583474731445312, 'eval/loss': tensor(2.0044, device='cuda:0'), 'eval/top-1-acc': 0.5399, 'eval/top-5-acc': 0.9324, 'eval/precision': 0.5417381104496019, 'eval/recall': 0.5398999999999999, 'eval/F1': 0.5386098877593767, 'eval/AUC': 0.8809137499999999}, BEST_EVAL_ACC: 0.5399, at 5100 iters
[2025-06-09 01:24:14,463 INFO] model saved: ./saved_models\fixmatch_cifar10_250_0\model_best.pth
[2025-06-09 01:25:00,009 INFO] confusion matrix:
[[0.548 0.038 0.047 0.058 0.019 0.018 0.014 0.022 0.193 0.043]
 [0.022 0.759 0.004 0.02  0.015 0.008 0.01  0.005 0.03  0.127]
 [0.105 0.006 0.332 0.129 0.076 0.094 0.186 0.035 0.026 0.011]
 [0.028 0.011 0.055 0.444 0.055 0.193 0.127 0.052 0.015 0.02 ]
 [0.028 0.002 0.124 0.088 0.323 0.094 0.21  0.109 0.012 0.01 ]
 [0.014 0.006 0.104 0.237 0.069 0.435 0.05  0.065 0.014 0.006]
 [0.009 0.003 0.048 0.203 0.089 0.051 0.572 0.014 0.011 0.   ]
 [0.016 0.003 0.076 0.059 0.133 0.095 0.018 0.571 0.008 0.021]
 [0.094 0.056 0.011 0.015 0.016 0.007 0.017 0.009 0.738 0.037]
 [0.02  0.114 0.011 0.034 0.013 0.008 0.006 0.014 0.038 0.742]]
[2025-06-09 01:25:00,015 INFO] 5200 iteration, USE_EMA: True, {'train/sup_loss': tensor(0.0110, device='cuda:0'), 'train/unsup_loss': tensor(0.3890, device='cuda:0'), 'train/total_loss': tensor(0.3999, device='cuda:0'), 'train/mask_ratio': tensor(0.5156, device='cuda:0'), 'lr': 0.028104025970464058, 'train/prefecth_time': 0.19283474731445313, 'train/run_time': 0.24636825561523437, 'eval/loss': tensor(1.9923, device='cuda:0'), 'eval/top-1-acc': 0.5464, 'eval/top-5-acc': 0.9328, 'eval/precision': 0.5487522506675955, 'eval/recall': 0.5464, 'eval/F1': 0.5451505167018188, 'eval/AUC': 0.8829121166666667}, BEST_EVAL_ACC: 0.5464, at 5200 iters
[2025-06-09 01:25:00,060 INFO] model saved: ./saved_models\fixmatch_cifar10_250_0\model_best.pth
[2025-06-09 01:25:45,702 INFO] confusion matrix:
[[0.55  0.035 0.046 0.056 0.018 0.018 0.013 0.023 0.193 0.048]
 [0.02  0.761 0.004 0.021 0.014 0.008 0.01  0.005 0.031 0.126]
 [0.106 0.007 0.336 0.121 0.075 0.09  0.191 0.035 0.026 0.013]
 [0.028 0.011 0.06  0.442 0.052 0.196 0.128 0.048 0.017 0.018]
 [0.027 0.002 0.124 0.084 0.33  0.09  0.214 0.109 0.01  0.01 ]
 [0.014 0.006 0.106 0.234 0.064 0.44  0.051 0.065 0.014 0.006]
 [0.01  0.003 0.053 0.2   0.082 0.051 0.579 0.012 0.01  0.   ]
 [0.016 0.003 0.074 0.053 0.13  0.099 0.018 0.577 0.009 0.021]
 [0.09  0.057 0.012 0.015 0.014 0.009 0.016 0.008 0.742 0.037]
 [0.021 0.106 0.01  0.031 0.013 0.008 0.006 0.014 0.037 0.754]]
[2025-06-09 01:25:45,707 INFO] 5300 iteration, USE_EMA: True, {'train/sup_loss': tensor(0.0082, device='cuda:0'), 'train/unsup_loss': tensor(0.2917, device='cuda:0'), 'train/total_loss': tensor(0.2998, device='cuda:0'), 'train/mask_ratio': tensor(0.6146, device='cuda:0'), 'lr': 0.028031232680929965, 'train/prefecth_time': 0.17317178344726564, 'train/run_time': 0.2462935028076172, 'eval/loss': tensor(1.9781, device='cuda:0'), 'eval/top-1-acc': 0.5511, 'eval/top-5-acc': 0.933, 'eval/precision': 0.5530652221538512, 'eval/recall': 0.5510999999999999, 'eval/F1': 0.5496160661451764, 'eval/AUC': 0.8848059000000001}, BEST_EVAL_ACC: 0.5511, at 5300 iters
[2025-06-09 01:25:45,762 INFO] model saved: ./saved_models\fixmatch_cifar10_250_0\model_best.pth
[2025-06-09 01:26:30,702 INFO] confusion matrix:
[[0.556 0.035 0.045 0.051 0.016 0.019 0.014 0.021 0.194 0.049]
 [0.02  0.77  0.004 0.02  0.013 0.008 0.01  0.004 0.031 0.12 ]
 [0.106 0.007 0.345 0.118 0.076 0.089 0.189 0.032 0.026 0.012]
 [0.032 0.011 0.06  0.439 0.048 0.197 0.131 0.045 0.018 0.019]
 [0.026 0.003 0.131 0.081 0.327 0.097 0.211 0.103 0.011 0.01 ]
 [0.015 0.006 0.111 0.23  0.059 0.448 0.053 0.059 0.014 0.005]
 [0.01  0.004 0.055 0.197 0.081 0.051 0.579 0.013 0.01  0.   ]
 [0.016 0.003 0.081 0.05  0.125 0.103 0.02  0.571 0.011 0.02 ]
 [0.087 0.054 0.012 0.014 0.012 0.009 0.016 0.009 0.749 0.038]
 [0.02  0.107 0.011 0.03  0.009 0.008 0.007 0.015 0.037 0.756]]
[2025-06-09 01:26:30,708 INFO] 5400 iteration, USE_EMA: True, {'train/sup_loss': tensor(0.0225, device='cuda:0'), 'train/unsup_loss': tensor(0.3604, device='cuda:0'), 'train/total_loss': tensor(0.3829, device='cuda:0'), 'train/mask_ratio': tensor(0.5417, device='cuda:0'), 'lr': 0.02795711554878433, 'train/prefecth_time': 0.17118528747558595, 'train/run_time': 0.24552447509765624, 'eval/loss': tensor(1.9579, device='cuda:0'), 'eval/top-1-acc': 0.554, 'eval/top-5-acc': 0.935, 'eval/precision': 0.5559345310711014, 'eval/recall': 0.554, 'eval/F1': 0.5524111686390658, 'eval/AUC': 0.88676855}, BEST_EVAL_ACC: 0.554, at 5400 iters
[2025-06-09 01:26:30,754 INFO] model saved: ./saved_models\fixmatch_cifar10_250_0\model_best.pth
[2025-06-09 01:27:16,554 INFO] confusion matrix:
[[0.567 0.036 0.044 0.047 0.015 0.017 0.012 0.02  0.191 0.051]
 [0.02  0.775 0.004 0.02  0.012 0.008 0.011 0.004 0.027 0.119]
 [0.106 0.008 0.346 0.115 0.074 0.091 0.189 0.033 0.025 0.013]
 [0.032 0.011 0.06  0.434 0.047 0.2   0.131 0.046 0.019 0.02 ]
 [0.024 0.003 0.135 0.081 0.325 0.094 0.211 0.109 0.009 0.009]
 [0.013 0.006 0.114 0.226 0.057 0.453 0.053 0.06  0.014 0.004]
 [0.01  0.004 0.056 0.195 0.076 0.053 0.582 0.013 0.011 0.   ]
 [0.015 0.003 0.078 0.049 0.126 0.103 0.02  0.577 0.011 0.018]
 [0.083 0.056 0.012 0.013 0.011 0.009 0.017 0.009 0.751 0.039]
 [0.02  0.1   0.009 0.031 0.009 0.008 0.007 0.015 0.033 0.768]]
[2025-06-09 01:27:16,559 INFO] 5500 iteration, USE_EMA: True, {'train/sup_loss': tensor(0.0025, device='cuda:0'), 'train/unsup_loss': tensor(0.3830, device='cuda:0'), 'train/total_loss': tensor(0.3855, device='cuda:0'), 'train/mask_ratio': tensor(0.5104, device='cuda:0'), 'lr': 0.02788167807438759, 'train/prefecth_time': 0.17253990173339845, 'train/run_time': 0.24653990173339843, 'eval/loss': tensor(1.9405, device='cuda:0'), 'eval/top-1-acc': 0.5578, 'eval/top-5-acc': 0.9359, 'eval/precision': 0.5590988654457438, 'eval/recall': 0.5578, 'eval/F1': 0.5559284230088731, 'eval/AUC': 0.8886291111111111}, BEST_EVAL_ACC: 0.5578, at 5500 iters
[2025-06-09 01:27:16,612 INFO] model saved: ./saved_models\fixmatch_cifar10_250_0\model_best.pth
[2025-06-09 01:28:02,294 INFO] confusion matrix:
[[0.571 0.034 0.045 0.044 0.012 0.016 0.014 0.022 0.191 0.051]
 [0.018 0.775 0.004 0.019 0.012 0.008 0.01  0.004 0.026 0.124]
 [0.106 0.008 0.353 0.115 0.075 0.089 0.183 0.033 0.025 0.013]
 [0.034 0.012 0.055 0.438 0.046 0.201 0.131 0.045 0.019 0.019]
 [0.024 0.004 0.135 0.077 0.326 0.092 0.214 0.11  0.009 0.009]
 [0.014 0.004 0.112 0.226 0.058 0.455 0.05  0.063 0.014 0.004]
 [0.01  0.004 0.053 0.197 0.078 0.044 0.591 0.012 0.011 0.   ]
 [0.015 0.003 0.079 0.05  0.129 0.1   0.02  0.576 0.011 0.017]
 [0.082 0.053 0.012 0.013 0.01  0.009 0.018 0.009 0.756 0.038]
 [0.019 0.098 0.01  0.027 0.008 0.007 0.006 0.015 0.033 0.777]]
[2025-06-09 01:28:02,299 INFO] 5600 iteration, USE_EMA: True, {'train/sup_loss': tensor(0.0084, device='cuda:0'), 'train/unsup_loss': tensor(0.2854, device='cuda:0'), 'train/total_loss': tensor(0.2938, device='cuda:0'), 'train/mask_ratio': tensor(0.5625, device='cuda:0'), 'lr': 0.027804923820456517, 'train/prefecth_time': 0.17984693908691407, 'train/run_time': 0.24627279663085938, 'eval/loss': tensor(1.9239, device='cuda:0'), 'eval/top-1-acc': 0.5618, 'eval/top-5-acc': 0.9367, 'eval/precision': 0.5625612347568483, 'eval/recall': 0.5618000000000001, 'eval/F1': 0.5596549824354768, 'eval/AUC': 0.8904074555555554}, BEST_EVAL_ACC: 0.5618, at 5600 iters
[2025-06-09 01:28:02,350 INFO] model saved: ./saved_models\fixmatch_cifar10_250_0\model_best.pth
[2025-06-09 01:28:47,951 INFO] confusion matrix:
[[0.58  0.034 0.045 0.044 0.012 0.015 0.014 0.019 0.184 0.053]
 [0.02  0.777 0.004 0.019 0.012 0.008 0.01  0.004 0.025 0.121]
 [0.107 0.009 0.357 0.116 0.073 0.089 0.178 0.033 0.025 0.013]
 [0.035 0.011 0.057 0.449 0.046 0.194 0.126 0.046 0.019 0.017]
 [0.024 0.004 0.14  0.077 0.33  0.09  0.21  0.107 0.009 0.009]
 [0.013 0.004 0.117 0.228 0.059 0.45  0.047 0.064 0.014 0.004]
 [0.013 0.004 0.054 0.2   0.078 0.04  0.587 0.012 0.012 0.   ]
 [0.015 0.003 0.082 0.049 0.122 0.098 0.019 0.585 0.01  0.017]
 [0.08  0.052 0.011 0.013 0.01  0.009 0.018 0.009 0.759 0.039]
 [0.02  0.096 0.01  0.028 0.008 0.006 0.005 0.015 0.032 0.78 ]]
[2025-06-09 01:28:47,960 INFO] 5700 iteration, USE_EMA: True, {'train/sup_loss': tensor(0.0094, device='cuda:0'), 'train/unsup_loss': tensor(0.3200, device='cuda:0'), 'train/total_loss': tensor(0.3293, device='cuda:0'), 'train/mask_ratio': tensor(0.4740, device='cuda:0'), 'lr': 0.027726856411895998, 'train/prefecth_time': 0.17371580505371093, 'train/run_time': 0.24580160522460937, 'eval/loss': tensor(1.9177, device='cuda:0'), 'eval/top-1-acc': 0.5654, 'eval/top-5-acc': 0.9378, 'eval/precision': 0.5661409326812662, 'eval/recall': 0.5654000000000001, 'eval/F1': 0.5633873400346558, 'eval/AUC': 0.8916045777777779}, BEST_EVAL_ACC: 0.5654, at 5700 iters
[2025-06-09 01:28:48,012 INFO] model saved: ./saved_models\fixmatch_cifar10_250_0\model_best.pth
[2025-06-09 01:29:33,313 INFO] confusion matrix:
[[0.584 0.035 0.042 0.046 0.012 0.015 0.012 0.02  0.181 0.053]
 [0.019 0.782 0.003 0.022 0.012 0.008 0.009 0.004 0.024 0.117]
 [0.107 0.009 0.36  0.116 0.073 0.089 0.176 0.033 0.025 0.012]
 [0.033 0.011 0.058 0.455 0.046 0.195 0.121 0.045 0.019 0.017]
 [0.023 0.004 0.142 0.079 0.329 0.086 0.207 0.113 0.008 0.009]
 [0.013 0.004 0.122 0.231 0.058 0.451 0.046 0.058 0.012 0.005]
 [0.012 0.003 0.055 0.199 0.076 0.04  0.59  0.012 0.013 0.   ]
 [0.015 0.003 0.081 0.048 0.123 0.096 0.02  0.59  0.009 0.015]
 [0.08  0.053 0.011 0.014 0.011 0.008 0.016 0.009 0.759 0.039]
 [0.02  0.09  0.009 0.029 0.008 0.006 0.005 0.015 0.033 0.785]]
[2025-06-09 01:29:33,318 INFO] 5800 iteration, USE_EMA: True, {'train/sup_loss': tensor(0.0048, device='cuda:0'), 'train/unsup_loss': tensor(0.2568, device='cuda:0'), 'train/total_loss': tensor(0.2616, device='cuda:0'), 'train/mask_ratio': tensor(0.5052, device='cuda:0'), 'lr': 0.027647479535627795, 'train/prefecth_time': 0.17616252136230467, 'train/run_time': 0.24592147827148436, 'eval/loss': tensor(1.9067, device='cuda:0'), 'eval/top-1-acc': 0.5685, 'eval/top-5-acc': 0.938, 'eval/precision': 0.569396858737561, 'eval/recall': 0.5685, 'eval/F1': 0.5665861981640219, 'eval/AUC': 0.8930575944444445}, BEST_EVAL_ACC: 0.5685, at 5800 iters
[2025-06-09 01:29:33,364 INFO] model saved: ./saved_models\fixmatch_cifar10_250_0\model_best.pth
[2025-06-09 01:30:18,525 INFO] confusion matrix:
[[0.587 0.038 0.04  0.045 0.013 0.016 0.011 0.021 0.175 0.054]
 [0.019 0.794 0.002 0.022 0.012 0.008 0.007 0.004 0.021 0.111]
 [0.107 0.008 0.359 0.118 0.076 0.086 0.176 0.032 0.025 0.013]
 [0.033 0.011 0.06  0.464 0.045 0.191 0.114 0.045 0.02  0.017]
 [0.023 0.004 0.137 0.076 0.346 0.085 0.2   0.113 0.007 0.009]
 [0.012 0.004 0.123 0.233 0.06  0.454 0.043 0.054 0.012 0.005]
 [0.012 0.003 0.055 0.2   0.076 0.04  0.59  0.011 0.013 0.   ]
 [0.015 0.003 0.08  0.047 0.126 0.096 0.02  0.589 0.008 0.016]
 [0.078 0.055 0.011 0.015 0.011 0.009 0.016 0.009 0.755 0.041]
 [0.02  0.088 0.009 0.031 0.007 0.007 0.005 0.014 0.03  0.789]]
[2025-06-09 01:30:18,529 INFO] 5900 iteration, USE_EMA: True, {'train/sup_loss': tensor(0.0088, device='cuda:0'), 'train/unsup_loss': tensor(0.3674, device='cuda:0'), 'train/total_loss': tensor(0.3762, device='cuda:0'), 'train/mask_ratio': tensor(0.4635, device='cuda:0'), 'lr': 0.027566796940416454, 'train/prefecth_time': 0.18437528991699217, 'train/run_time': 0.24665869140625, 'eval/loss': tensor(1.8986, device='cuda:0'), 'eval/top-1-acc': 0.5727, 'eval/top-5-acc': 0.9389, 'eval/precision': 0.5737760065961346, 'eval/recall': 0.5727, 'eval/F1': 0.5710293168118252, 'eval/AUC': 0.8943023}, BEST_EVAL_ACC: 0.5727, at 5900 iters
[2025-06-09 01:30:18,581 INFO] model saved: ./saved_models\fixmatch_cifar10_250_0\model_best.pth
[2025-06-09 01:31:03,959 INFO] confusion matrix:
[[0.59  0.04  0.039 0.044 0.015 0.015 0.013 0.02  0.171 0.053]
 [0.018 0.8   0.002 0.02  0.012 0.008 0.007 0.004 0.02  0.109]
 [0.112 0.01  0.36  0.12  0.075 0.082 0.176 0.031 0.023 0.011]
 [0.031 0.012 0.062 0.464 0.049 0.192 0.112 0.042 0.018 0.018]
 [0.022 0.004 0.139 0.08  0.349 0.08  0.195 0.115 0.007 0.009]
 [0.013 0.004 0.128 0.234 0.061 0.453 0.041 0.051 0.011 0.004]
 [0.01  0.003 0.055 0.201 0.077 0.038 0.591 0.012 0.013 0.   ]
 [0.014 0.003 0.079 0.047 0.127 0.095 0.019 0.592 0.007 0.017]
 [0.074 0.056 0.01  0.014 0.012 0.009 0.015 0.009 0.761 0.04 ]
 [0.021 0.084 0.008 0.032 0.007 0.006 0.005 0.014 0.03  0.793]]
[2025-06-09 01:31:03,964 INFO] 6000 iteration, USE_EMA: True, {'train/sup_loss': tensor(0.0150, device='cuda:0'), 'train/unsup_loss': tensor(0.2707, device='cuda:0'), 'train/total_loss': tensor(0.2857, device='cuda:0'), 'train/mask_ratio': tensor(0.5417, device='cuda:0'), 'lr': 0.027484812436692246, 'train/prefecth_time': 0.18703964233398437, 'train/run_time': 0.24754483032226562, 'eval/loss': tensor(1.8943, device='cuda:0'), 'eval/top-1-acc': 0.5753, 'eval/top-5-acc': 0.9383, 'eval/precision': 0.5763464028851687, 'eval/recall': 0.5753, 'eval/F1': 0.5737068288783091, 'eval/AUC': 0.8951164944444444}, BEST_EVAL_ACC: 0.5753, at 6000 iters
[2025-06-09 01:31:04,091 INFO] model saved: ./saved_models\fixmatch_cifar10_250_0\model_best.pth
[2025-06-09 01:31:49,633 INFO] confusion matrix:
[[0.599 0.042 0.037 0.043 0.014 0.014 0.012 0.019 0.168 0.052]
 [0.018 0.806 0.003 0.021 0.013 0.008 0.007 0.003 0.019 0.102]
 [0.115 0.009 0.366 0.116 0.078 0.082 0.171 0.031 0.021 0.011]
 [0.03  0.012 0.062 0.461 0.046 0.194 0.114 0.045 0.019 0.017]
 [0.025 0.003 0.135 0.08  0.354 0.082 0.194 0.112 0.006 0.009]
 [0.014 0.004 0.131 0.23  0.056 0.456 0.044 0.051 0.01  0.004]
 [0.012 0.002 0.056 0.193 0.073 0.037 0.603 0.011 0.013 0.   ]
 [0.014 0.003 0.081 0.044 0.125 0.093 0.021 0.597 0.007 0.015]
 [0.075 0.055 0.01  0.014 0.011 0.009 0.015 0.009 0.763 0.039]
 [0.019 0.081 0.007 0.033 0.007 0.005 0.006 0.013 0.03  0.799]]
[2025-06-09 01:31:49,639 INFO] 6100 iteration, USE_EMA: True, {'train/sup_loss': tensor(0.0088, device='cuda:0'), 'train/unsup_loss': tensor(0.3518, device='cuda:0'), 'train/total_loss': tensor(0.3606, device='cuda:0'), 'train/mask_ratio': tensor(0.4740, device='cuda:0'), 'lr': 0.027401529896371214, 'train/prefecth_time': 0.172948486328125, 'train/run_time': 0.2463058166503906, 'eval/loss': tensor(1.8821, device='cuda:0'), 'eval/top-1-acc': 0.5804, 'eval/top-5-acc': 0.9387, 'eval/precision': 0.5812232653280649, 'eval/recall': 0.5804, 'eval/F1': 0.5787454083647147, 'eval/AUC': 0.8966054833333335}, BEST_EVAL_ACC: 0.5804, at 6100 iters
[2025-06-09 01:31:49,692 INFO] model saved: ./saved_models\fixmatch_cifar10_250_0\model_best.pth
[2025-06-09 01:32:35,494 INFO] confusion matrix:
[[0.605 0.041 0.037 0.042 0.013 0.013 0.014 0.019 0.162 0.054]
 [0.019 0.806 0.001 0.021 0.013 0.007 0.006 0.004 0.017 0.106]
 [0.114 0.01  0.372 0.114 0.077 0.081 0.17  0.03  0.021 0.011]
 [0.031 0.012 0.062 0.459 0.048 0.192 0.114 0.047 0.017 0.018]
 [0.025 0.003 0.139 0.078 0.359 0.08  0.187 0.114 0.006 0.009]
 [0.013 0.004 0.127 0.233 0.06  0.456 0.041 0.052 0.01  0.004]
 [0.013 0.002 0.058 0.186 0.077 0.038 0.603 0.012 0.011 0.   ]
 [0.017 0.003 0.082 0.039 0.125 0.09  0.019 0.602 0.007 0.016]
 [0.077 0.053 0.011 0.015 0.011 0.009 0.014 0.009 0.76  0.041]
 [0.019 0.079 0.008 0.033 0.008 0.006 0.005 0.013 0.029 0.8  ]]
[2025-06-09 01:32:35,500 INFO] 6200 iteration, USE_EMA: True, {'train/sup_loss': tensor(0.0030, device='cuda:0'), 'train/unsup_loss': tensor(0.3248, device='cuda:0'), 'train/total_loss': tensor(0.3277, device='cuda:0'), 'train/mask_ratio': tensor(0.5260, device='cuda:0'), 'lr': 0.027316953252672308, 'train/prefecth_time': 0.18216450500488282, 'train/run_time': 0.24565350341796874, 'eval/loss': tensor(1.8801, device='cuda:0'), 'eval/top-1-acc': 0.5822, 'eval/top-5-acc': 0.9396, 'eval/precision': 0.5825710390346486, 'eval/recall': 0.5822, 'eval/F1': 0.5806029813159583, 'eval/AUC': 0.8975317888888891}, BEST_EVAL_ACC: 0.5822, at 6200 iters
[2025-06-09 01:32:35,549 INFO] model saved: ./saved_models\fixmatch_cifar10_250_0\model_best.pth
[2025-06-09 01:33:21,576 INFO] confusion matrix:
[[0.621 0.042 0.037 0.038 0.012 0.014 0.016 0.02  0.146 0.054]
 [0.017 0.813 0.002 0.021 0.014 0.006 0.004 0.004 0.017 0.102]
 [0.116 0.009 0.378 0.108 0.079 0.081 0.166 0.033 0.02  0.01 ]
 [0.03  0.012 0.065 0.456 0.047 0.193 0.114 0.049 0.016 0.018]
 [0.025 0.003 0.138 0.076 0.359 0.082 0.184 0.117 0.007 0.009]
 [0.015 0.004 0.131 0.229 0.058 0.456 0.042 0.05  0.011 0.004]
 [0.014 0.002 0.062 0.181 0.074 0.041 0.603 0.012 0.011 0.   ]
 [0.018 0.003 0.082 0.04  0.126 0.089 0.018 0.602 0.006 0.016]
 [0.077 0.051 0.01  0.014 0.012 0.008 0.014 0.007 0.766 0.041]
 [0.019 0.077 0.008 0.033 0.008 0.006 0.005 0.014 0.025 0.805]]
[2025-06-09 01:33:21,582 INFO] 6300 iteration, USE_EMA: True, {'train/sup_loss': tensor(0.0149, device='cuda:0'), 'train/unsup_loss': tensor(0.3020, device='cuda:0'), 'train/total_loss': tensor(0.3169, device='cuda:0'), 'train/mask_ratio': tensor(0.5677, device='cuda:0'), 'lr': 0.027231086499931646, 'train/prefecth_time': 0.1659747772216797, 'train/run_time': 0.2463065643310547, 'eval/loss': tensor(1.8670, device='cuda:0'), 'eval/top-1-acc': 0.5859, 'eval/top-5-acc': 0.9415, 'eval/precision': 0.5857634257364334, 'eval/recall': 0.5859, 'eval/F1': 0.584247959453004, 'eval/AUC': 0.8989807277777777}, BEST_EVAL_ACC: 0.5859, at 6300 iters
[2025-06-09 01:33:21,631 INFO] model saved: ./saved_models\fixmatch_cifar10_250_0\model_best.pth
[2025-06-09 01:34:07,252 INFO] confusion matrix:
[[0.622 0.042 0.036 0.039 0.012 0.015 0.017 0.02  0.144 0.053]
 [0.017 0.813 0.002 0.02  0.014 0.006 0.004 0.006 0.017 0.101]
 [0.113 0.006 0.384 0.106 0.076 0.079 0.17  0.034 0.021 0.011]
 [0.028 0.012 0.064 0.456 0.049 0.192 0.116 0.049 0.017 0.017]
 [0.024 0.002 0.137 0.072 0.37  0.078 0.181 0.121 0.007 0.008]
 [0.014 0.004 0.132 0.23  0.059 0.457 0.041 0.047 0.011 0.005]
 [0.014 0.002 0.062 0.179 0.076 0.04  0.604 0.013 0.01  0.   ]
 [0.016 0.002 0.084 0.037 0.128 0.088 0.018 0.606 0.006 0.015]
 [0.077 0.049 0.01  0.015 0.013 0.008 0.013 0.007 0.768 0.04 ]
 [0.019 0.078 0.008 0.032 0.008 0.006 0.005 0.013 0.024 0.807]]
[2025-06-09 01:34:07,258 INFO] 6400 iteration, USE_EMA: True, {'train/sup_loss': tensor(0.0065, device='cuda:0'), 'train/unsup_loss': tensor(0.2553, device='cuda:0'), 'train/total_loss': tensor(0.2618, device='cuda:0'), 'train/mask_ratio': tensor(0.5573, device='cuda:0'), 'lr': 0.027143933693413842, 'train/prefecth_time': 0.19811712646484375, 'train/run_time': 0.24579379272460938, 'eval/loss': tensor(1.8523, device='cuda:0'), 'eval/top-1-acc': 0.5887, 'eval/top-5-acc': 0.9423, 'eval/precision': 0.5888430327203762, 'eval/recall': 0.5887, 'eval/F1': 0.5873111920935472, 'eval/AUC': 0.9004785444444443}, BEST_EVAL_ACC: 0.5887, at 6400 iters
[2025-06-09 01:34:07,303 INFO] model saved: ./saved_models\fixmatch_cifar10_250_0\model_best.pth
[2025-06-09 01:34:52,484 INFO] confusion matrix:
[[0.631 0.041 0.035 0.036 0.011 0.013 0.018 0.022 0.14  0.053]
 [0.017 0.82  0.002 0.019 0.014 0.007 0.002 0.007 0.013 0.099]
 [0.111 0.005 0.392 0.097 0.074 0.083 0.175 0.032 0.02  0.011]
 [0.026 0.012 0.069 0.448 0.049 0.193 0.119 0.049 0.018 0.017]
 [0.023 0.003 0.135 0.07  0.377 0.078 0.18  0.119 0.008 0.007]
 [0.014 0.004 0.135 0.228 0.056 0.46  0.042 0.046 0.011 0.004]
 [0.013 0.002 0.06  0.176 0.075 0.038 0.612 0.014 0.01  0.   ]
 [0.016 0.002 0.087 0.036 0.136 0.081 0.017 0.605 0.005 0.015]
 [0.073 0.049 0.012 0.012 0.014 0.006 0.014 0.007 0.775 0.038]
 [0.018 0.079 0.008 0.03  0.008 0.006 0.005 0.014 0.023 0.809]]
[2025-06-09 01:34:52,490 INFO] 6500 iteration, USE_EMA: True, {'train/sup_loss': tensor(0.0086, device='cuda:0'), 'train/unsup_loss': tensor(0.4149, device='cuda:0'), 'train/total_loss': tensor(0.4236, device='cuda:0'), 'train/mask_ratio': tensor(0.5365, device='cuda:0'), 'lr': 0.02705549894912051, 'train/prefecth_time': 0.1695999298095703, 'train/run_time': 0.2461878662109375, 'eval/loss': tensor(1.8405, device='cuda:0'), 'eval/top-1-acc': 0.5929, 'eval/top-5-acc': 0.9434, 'eval/precision': 0.5928064462355379, 'eval/recall': 0.5929000000000001, 'eval/F1': 0.5914905623307384, 'eval/AUC': 0.9018549166666667}, BEST_EVAL_ACC: 0.5929, at 6500 iters
[2025-06-09 01:34:52,613 INFO] model saved: ./saved_models\fixmatch_cifar10_250_0\model_best.pth
[2025-06-09 01:35:38,440 INFO] confusion matrix:
[[0.631 0.041 0.038 0.036 0.011 0.013 0.02  0.02  0.136 0.054]
 [0.017 0.824 0.003 0.016 0.013 0.007 0.003 0.007 0.013 0.097]
 [0.112 0.005 0.39  0.091 0.072 0.082 0.186 0.03  0.021 0.011]
 [0.026 0.012 0.068 0.445 0.05  0.193 0.121 0.05  0.018 0.017]
 [0.023 0.003 0.139 0.07  0.373 0.076 0.181 0.12  0.008 0.007]
 [0.014 0.004 0.135 0.226 0.055 0.462 0.043 0.046 0.011 0.004]
 [0.013 0.002 0.061 0.171 0.074 0.035 0.62  0.014 0.01  0.   ]
 [0.017 0.002 0.09  0.036 0.131 0.082 0.018 0.605 0.005 0.014]
 [0.07  0.047 0.012 0.013 0.015 0.007 0.013 0.006 0.777 0.04 ]
 [0.017 0.078 0.008 0.03  0.008 0.006 0.006 0.014 0.021 0.812]]
[2025-06-09 01:35:38,446 INFO] 6600 iteration, USE_EMA: True, {'train/sup_loss': tensor(0.0072, device='cuda:0'), 'train/unsup_loss': tensor(0.2770, device='cuda:0'), 'train/total_loss': tensor(0.2842, device='cuda:0'), 'train/mask_ratio': tensor(0.5677, device='cuda:0'), 'lr': 0.026965786443595877, 'train/prefecth_time': 0.1801871337890625, 'train/run_time': 0.2461317138671875, 'eval/loss': tensor(1.8282, device='cuda:0'), 'eval/top-1-acc': 0.5939, 'eval/top-5-acc': 0.9438, 'eval/precision': 0.5937151599090633, 'eval/recall': 0.5939, 'eval/F1': 0.5923017501755002, 'eval/AUC': 0.903266411111111}, BEST_EVAL_ACC: 0.5939, at 6600 iters
[2025-06-09 01:35:38,491 INFO] model saved: ./saved_models\fixmatch_cifar10_250_0\model_best.pth
[2025-06-09 01:36:24,198 INFO] confusion matrix:
[[0.634 0.042 0.037 0.036 0.011 0.012 0.019 0.019 0.134 0.056]
 [0.017 0.828 0.003 0.015 0.011 0.007 0.003 0.008 0.013 0.095]
 [0.112 0.006 0.393 0.086 0.075 0.083 0.187 0.029 0.018 0.011]
 [0.027 0.012 0.066 0.445 0.048 0.193 0.124 0.05  0.016 0.019]
 [0.023 0.003 0.144 0.07  0.37  0.078 0.178 0.121 0.008 0.005]
 [0.013 0.003 0.136 0.229 0.053 0.463 0.042 0.047 0.01  0.004]
 [0.014 0.001 0.063 0.168 0.071 0.032 0.627 0.014 0.01  0.   ]
 [0.016 0.002 0.089 0.035 0.129 0.08  0.018 0.611 0.005 0.015]
 [0.069 0.047 0.011 0.012 0.012 0.009 0.014 0.006 0.779 0.041]
 [0.017 0.072 0.008 0.03  0.007 0.005 0.007 0.014 0.019 0.821]]
[2025-06-09 01:36:24,204 INFO] 6700 iteration, USE_EMA: True, {'train/sup_loss': tensor(0.0079, device='cuda:0'), 'train/unsup_loss': tensor(0.3315, device='cuda:0'), 'train/total_loss': tensor(0.3394, device='cuda:0'), 'train/mask_ratio': tensor(0.4844, device='cuda:0'), 'lr': 0.026874800413729513, 'train/prefecth_time': 0.1847367706298828, 'train/run_time': 0.246156005859375, 'eval/loss': tensor(1.8213, device='cuda:0'), 'eval/top-1-acc': 0.5971, 'eval/top-5-acc': 0.9456, 'eval/precision': 0.5966732973692335, 'eval/recall': 0.5971, 'eval/F1': 0.5952787665154411, 'eval/AUC': 0.9042830888888891}, BEST_EVAL_ACC: 0.5971, at 6700 iters
[2025-06-09 01:36:24,252 INFO] model saved: ./saved_models\fixmatch_cifar10_250_0\model_best.pth
[2025-06-09 01:37:09,849 INFO] confusion matrix:
[[0.633 0.042 0.039 0.036 0.012 0.012 0.02  0.02  0.132 0.054]
 [0.016 0.834 0.002 0.016 0.009 0.007 0.003 0.008 0.011 0.094]
 [0.105 0.005 0.398 0.084 0.073 0.086 0.189 0.03  0.019 0.011]
 [0.027 0.012 0.068 0.441 0.049 0.193 0.126 0.051 0.014 0.019]
 [0.022 0.003 0.144 0.06  0.369 0.081 0.187 0.122 0.008 0.004]
 [0.013 0.003 0.138 0.226 0.054 0.462 0.043 0.046 0.01  0.005]
 [0.012 0.001 0.066 0.166 0.067 0.03  0.635 0.013 0.01  0.   ]
 [0.016 0.002 0.088 0.034 0.123 0.08  0.02  0.618 0.005 0.014]
 [0.067 0.046 0.01  0.012 0.015 0.008 0.014 0.005 0.778 0.045]
 [0.018 0.068 0.007 0.031 0.008 0.005 0.006 0.014 0.017 0.826]]
[2025-06-09 01:37:09,854 INFO] 6800 iteration, USE_EMA: True, {'train/sup_loss': tensor(0.0046, device='cuda:0'), 'train/unsup_loss': tensor(0.2256, device='cuda:0'), 'train/total_loss': tensor(0.2301, device='cuda:0'), 'train/mask_ratio': tensor(0.5365, device='cuda:0'), 'lr': 0.026782545156556266, 'train/prefecth_time': 0.16636312866210937, 'train/run_time': 0.24649491882324218, 'eval/loss': tensor(1.8183, device='cuda:0'), 'eval/top-1-acc': 0.5994, 'eval/top-5-acc': 0.9454, 'eval/precision': 0.5991449074187338, 'eval/recall': 0.5994, 'eval/F1': 0.5975275547611701, 'eval/AUC': 0.905255572222222}, BEST_EVAL_ACC: 0.5994, at 6800 iters
[2025-06-09 01:37:09,906 INFO] model saved: ./saved_models\fixmatch_cifar10_250_0\model_best.pth
[2025-06-09 01:37:55,358 INFO] confusion matrix:
[[0.634 0.042 0.041 0.037 0.014 0.01  0.019 0.017 0.131 0.055]
 [0.017 0.837 0.002 0.014 0.008 0.005 0.004 0.008 0.012 0.093]
 [0.106 0.005 0.404 0.081 0.07  0.086 0.191 0.028 0.018 0.011]
 [0.026 0.012 0.071 0.437 0.05  0.189 0.128 0.052 0.015 0.02 ]
 [0.022 0.002 0.148 0.061 0.365 0.079 0.186 0.127 0.007 0.003]
 [0.013 0.003 0.14  0.227 0.052 0.462 0.043 0.045 0.01  0.005]
 [0.012 0.002 0.064 0.162 0.069 0.031 0.637 0.013 0.01  0.   ]
 [0.016 0.002 0.089 0.034 0.123 0.079 0.018 0.62  0.005 0.014]
 [0.067 0.046 0.01  0.011 0.015 0.008 0.014 0.006 0.779 0.044]
 [0.017 0.067 0.007 0.029 0.006 0.005 0.005 0.015 0.015 0.834]]
[2025-06-09 01:37:55,362 INFO] 6900 iteration, USE_EMA: True, {'train/sup_loss': tensor(0.0100, device='cuda:0'), 'train/unsup_loss': tensor(0.2483, device='cuda:0'), 'train/total_loss': tensor(0.2583, device='cuda:0'), 'train/mask_ratio': tensor(0.5573, device='cuda:0'), 'lr': 0.026689025029053282, 'train/prefecth_time': 0.20085987854003906, 'train/run_time': 0.24632223510742188, 'eval/loss': tensor(1.8054, device='cuda:0'), 'eval/top-1-acc': 0.6009, 'eval/top-5-acc': 0.9471, 'eval/precision': 0.6002727116025048, 'eval/recall': 0.6009, 'eval/F1': 0.5988026546127329, 'eval/AUC': 0.9064519777777776}, BEST_EVAL_ACC: 0.6009, at 6900 iters
[2025-06-09 01:37:55,413 INFO] model saved: ./saved_models\fixmatch_cifar10_250_0\model_best.pth
[2025-06-09 01:38:40,606 INFO] confusion matrix:
[[0.635 0.04  0.037 0.039 0.014 0.009 0.021 0.017 0.131 0.057]
 [0.017 0.844 0.001 0.014 0.008 0.004 0.003 0.008 0.012 0.089]
 [0.109 0.004 0.41  0.081 0.07  0.075 0.189 0.033 0.019 0.01 ]
 [0.026 0.013 0.075 0.434 0.05  0.183 0.132 0.053 0.015 0.019]
 [0.022 0.002 0.15  0.058 0.366 0.071 0.19  0.132 0.007 0.002]
 [0.012 0.003 0.141 0.223 0.054 0.458 0.049 0.045 0.01  0.005]
 [0.01  0.    0.063 0.159 0.068 0.029 0.647 0.012 0.012 0.   ]
 [0.017 0.002 0.084 0.031 0.118 0.077 0.017 0.634 0.006 0.014]
 [0.066 0.048 0.009 0.009 0.014 0.01  0.015 0.007 0.779 0.043]
 [0.017 0.07  0.007 0.028 0.006 0.004 0.006 0.015 0.015 0.832]]
[2025-06-09 01:38:40,614 INFO] 7000 iteration, USE_EMA: True, {'train/sup_loss': tensor(0.0042, device='cuda:0'), 'train/unsup_loss': tensor(0.3778, device='cuda:0'), 'train/total_loss': tensor(0.3820, device='cuda:0'), 'train/mask_ratio': tensor(0.5260, device='cuda:0'), 'lr': 0.026594244447934293, 'train/prefecth_time': 0.18143026733398437, 'train/run_time': 0.24661094665527344, 'eval/loss': tensor(1.7978, device='cuda:0'), 'eval/top-1-acc': 0.6039, 'eval/top-5-acc': 0.947, 'eval/precision': 0.6026288831970047, 'eval/recall': 0.6039000000000001, 'eval/F1': 0.6013554825115177, 'eval/AUC': 0.9075012499999998}, BEST_EVAL_ACC: 0.6039, at 7000 iters
[2025-06-09 01:38:40,661 INFO] model saved: ./saved_models\fixmatch_cifar10_250_0\model_best.pth
[2025-06-09 01:39:26,469 INFO] confusion matrix:
[[0.637 0.043 0.037 0.038 0.013 0.009 0.02  0.018 0.129 0.056]
 [0.017 0.849 0.001 0.012 0.007 0.004 0.003 0.007 0.013 0.087]
 [0.107 0.003 0.41  0.082 0.069 0.069 0.198 0.034 0.018 0.01 ]
 [0.027 0.013 0.076 0.434 0.049 0.177 0.137 0.053 0.014 0.02 ]
 [0.023 0.002 0.148 0.057 0.366 0.062 0.198 0.135 0.007 0.002]
 [0.012 0.003 0.139 0.221 0.053 0.456 0.05  0.052 0.009 0.005]
 [0.011 0.    0.059 0.159 0.062 0.024 0.66  0.013 0.012 0.   ]
 [0.017 0.002 0.085 0.031 0.118 0.074 0.016 0.638 0.006 0.013]
 [0.064 0.048 0.009 0.011 0.014 0.01  0.015 0.007 0.782 0.04 ]
 [0.018 0.072 0.006 0.028 0.006 0.004 0.006 0.015 0.015 0.83 ]]
[2025-06-09 01:39:26,474 INFO] 7100 iteration, USE_EMA: True, {'train/sup_loss': tensor(0.0038, device='cuda:0'), 'train/unsup_loss': tensor(0.3243, device='cuda:0'), 'train/total_loss': tensor(0.3280, device='cuda:0'), 'train/mask_ratio': tensor(0.5365, device='cuda:0'), 'lr': 0.026498207889440968, 'train/prefecth_time': 0.17726669311523438, 'train/run_time': 0.24600682067871094, 'eval/loss': tensor(1.7935, device='cuda:0'), 'eval/top-1-acc': 0.6062, 'eval/top-5-acc': 0.9472, 'eval/precision': 0.6048431369086127, 'eval/recall': 0.6062000000000001, 'eval/F1': 0.6032779595918771, 'eval/AUC': 0.9083980944444446}, BEST_EVAL_ACC: 0.6062, at 7100 iters
[2025-06-09 01:39:26,517 INFO] model saved: ./saved_models\fixmatch_cifar10_250_0\model_best.pth
[2025-06-09 01:40:12,257 INFO] confusion matrix:
[[0.642 0.041 0.036 0.038 0.011 0.01  0.02  0.018 0.125 0.059]
 [0.017 0.853 0.001 0.011 0.007 0.004 0.003 0.006 0.011 0.087]
 [0.111 0.003 0.409 0.079 0.067 0.067 0.203 0.033 0.018 0.01 ]
 [0.022 0.015 0.076 0.449 0.047 0.168 0.137 0.051 0.017 0.018]
 [0.023 0.002 0.148 0.057 0.366 0.059 0.202 0.134 0.007 0.002]
 [0.011 0.003 0.143 0.225 0.05  0.451 0.052 0.051 0.009 0.005]
 [0.012 0.001 0.057 0.152 0.062 0.023 0.668 0.013 0.012 0.   ]
 [0.018 0.002 0.083 0.03  0.117 0.072 0.017 0.642 0.005 0.014]
 [0.062 0.047 0.01  0.011 0.012 0.009 0.015 0.006 0.789 0.039]
 [0.018 0.069 0.006 0.027 0.006 0.004 0.006 0.015 0.015 0.834]]
[2025-06-09 01:40:12,262 INFO] 7200 iteration, USE_EMA: True, {'train/sup_loss': tensor(0.0100, device='cuda:0'), 'train/unsup_loss': tensor(0.3710, device='cuda:0'), 'train/total_loss': tensor(0.3810, device='cuda:0'), 'train/mask_ratio': tensor(0.4531, device='cuda:0'), 'lr': 0.02640091988913155, 'train/prefecth_time': 0.16220445251464843, 'train/run_time': 0.2464512939453125, 'eval/loss': tensor(1.7891, device='cuda:0'), 'eval/top-1-acc': 0.6103, 'eval/top-5-acc': 0.9475, 'eval/precision': 0.6090015635077461, 'eval/recall': 0.6103, 'eval/F1': 0.6070789646833175, 'eval/AUC': 0.9093986944444447}, BEST_EVAL_ACC: 0.6103, at 7200 iters
[2025-06-09 01:40:12,317 INFO] model saved: ./saved_models\fixmatch_cifar10_250_0\model_best.pth
[2025-06-09 01:40:58,268 INFO] confusion matrix:
[[0.644 0.042 0.036 0.037 0.011 0.01  0.02  0.019 0.124 0.057]
 [0.017 0.853 0.001 0.01  0.007 0.004 0.003 0.006 0.011 0.088]
 [0.113 0.005 0.409 0.074 0.07  0.065 0.205 0.033 0.016 0.01 ]
 [0.023 0.016 0.076 0.446 0.048 0.166 0.141 0.052 0.015 0.017]
 [0.022 0.002 0.141 0.058 0.371 0.059 0.205 0.134 0.006 0.002]
 [0.01  0.004 0.143 0.22  0.052 0.451 0.055 0.052 0.009 0.004]
 [0.013 0.001 0.056 0.148 0.058 0.022 0.677 0.013 0.012 0.   ]
 [0.019 0.002 0.08  0.029 0.126 0.073 0.017 0.635 0.005 0.014]
 [0.063 0.046 0.01  0.011 0.012 0.009 0.014 0.004 0.792 0.039]
 [0.018 0.069 0.006 0.026 0.006 0.004 0.007 0.014 0.015 0.835]]
[2025-06-09 01:40:58,273 INFO] 7300 iteration, USE_EMA: True, {'train/sup_loss': tensor(0.0123, device='cuda:0'), 'train/unsup_loss': tensor(0.3192, device='cuda:0'), 'train/total_loss': tensor(0.3315, device='cuda:0'), 'train/mask_ratio': tensor(0.4740, device='cuda:0'), 'lr': 0.026302385041666636, 'train/prefecth_time': 0.18029466247558593, 'train/run_time': 0.24609071350097655, 'eval/loss': tensor(1.7862, device='cuda:0'), 'eval/top-1-acc': 0.6113, 'eval/top-5-acc': 0.9481, 'eval/precision': 0.6097204435024116, 'eval/recall': 0.6113000000000001, 'eval/F1': 0.607931229658274, 'eval/AUC': 0.9103618055555552}, BEST_EVAL_ACC: 0.6113, at 7300 iters
[2025-06-09 01:40:58,322 INFO] model saved: ./saved_models\fixmatch_cifar10_250_0\model_best.pth
[2025-06-09 01:41:43,926 INFO] confusion matrix:
[[0.647 0.042 0.035 0.037 0.01  0.011 0.02  0.02  0.121 0.057]
 [0.016 0.856 0.001 0.01  0.007 0.004 0.003 0.007 0.01  0.086]
 [0.11  0.005 0.419 0.072 0.071 0.06  0.205 0.031 0.017 0.01 ]
 [0.023 0.016 0.078 0.441 0.047 0.171 0.14  0.053 0.015 0.016]
 [0.022 0.002 0.14  0.059 0.371 0.062 0.203 0.134 0.006 0.001]
 [0.009 0.005 0.143 0.216 0.053 0.456 0.053 0.053 0.008 0.004]
 [0.014 0.001 0.056 0.145 0.059 0.021 0.68  0.013 0.011 0.   ]
 [0.019 0.002 0.082 0.028 0.124 0.073 0.015 0.637 0.006 0.014]
 [0.062 0.046 0.011 0.011 0.012 0.01  0.014 0.004 0.792 0.038]
 [0.017 0.071 0.005 0.025 0.006 0.004 0.006 0.015 0.015 0.836]]
[2025-06-09 01:41:43,932 INFO] 7400 iteration, USE_EMA: True, {'train/sup_loss': tensor(0.0076, device='cuda:0'), 'train/unsup_loss': tensor(0.2824, device='cuda:0'), 'train/total_loss': tensor(0.2900, device='cuda:0'), 'train/mask_ratio': tensor(0.5000, device='cuda:0'), 'lr': 0.026202608000592202, 'train/prefecth_time': 0.17378215026855467, 'train/run_time': 0.24609703063964844, 'eval/loss': tensor(1.7752, device='cuda:0'), 'eval/top-1-acc': 0.6135, 'eval/top-5-acc': 0.9494, 'eval/precision': 0.6117835558812159, 'eval/recall': 0.6134999999999999, 'eval/F1': 0.6101366238001893, 'eval/AUC': 0.9111907444444444}, BEST_EVAL_ACC: 0.6135, at 7400 iters
[2025-06-09 01:41:43,980 INFO] model saved: ./saved_models\fixmatch_cifar10_250_0\model_best.pth
[2025-06-09 01:42:29,133 INFO] confusion matrix:
[[0.655 0.041 0.034 0.034 0.01  0.011 0.019 0.02  0.117 0.059]
 [0.017 0.861 0.001 0.009 0.007 0.004 0.003 0.007 0.01  0.081]
 [0.11  0.002 0.432 0.069 0.073 0.055 0.201 0.033 0.015 0.01 ]
 [0.021 0.014 0.078 0.448 0.048 0.167 0.137 0.054 0.017 0.016]
 [0.022 0.002 0.144 0.058 0.381 0.061 0.194 0.131 0.006 0.001]
 [0.008 0.005 0.146 0.211 0.057 0.455 0.052 0.055 0.008 0.003]
 [0.014 0.001 0.058 0.145 0.061 0.02  0.678 0.012 0.011 0.   ]
 [0.02  0.002 0.083 0.026 0.125 0.073 0.014 0.638 0.006 0.013]
 [0.065 0.046 0.009 0.01  0.014 0.01  0.013 0.004 0.793 0.036]
 [0.017 0.069 0.006 0.025 0.006 0.004 0.006 0.015 0.015 0.837]]
[2025-06-09 01:42:29,138 INFO] 7500 iteration, USE_EMA: True, {'train/sup_loss': tensor(0.0019, device='cuda:0'), 'train/unsup_loss': tensor(0.2533, device='cuda:0'), 'train/total_loss': tensor(0.2552, device='cuda:0'), 'train/mask_ratio': tensor(0.4688, device='cuda:0'), 'lr': 0.0261015934781198, 'train/prefecth_time': 0.16845639038085938, 'train/run_time': 0.24635289001464844, 'eval/loss': tensor(1.7688, device='cuda:0'), 'eval/top-1-acc': 0.6178, 'eval/top-5-acc': 0.9504, 'eval/precision': 0.6161179087010142, 'eval/recall': 0.6178, 'eval/F1': 0.6147402401477, 'eval/AUC': 0.9119176444444445}, BEST_EVAL_ACC: 0.6178, at 7500 iters
[2025-06-09 01:42:29,183 INFO] model saved: ./saved_models\fixmatch_cifar10_250_0\model_best.pth
[2025-06-09 01:43:15,235 INFO] confusion matrix:
[[0.66  0.041 0.033 0.034 0.01  0.011 0.019 0.02  0.112 0.06 ]
 [0.017 0.861 0.001 0.009 0.007 0.004 0.003 0.009 0.01  0.079]
 [0.107 0.002 0.44  0.069 0.073 0.056 0.195 0.033 0.015 0.01 ]
 [0.022 0.014 0.08  0.452 0.049 0.163 0.135 0.053 0.016 0.016]
 [0.022 0.002 0.144 0.059 0.388 0.056 0.19  0.132 0.006 0.001]
 [0.009 0.005 0.152 0.216 0.058 0.447 0.05  0.053 0.007 0.003]
 [0.013 0.001 0.059 0.148 0.064 0.017 0.674 0.012 0.012 0.   ]
 [0.019 0.002 0.087 0.029 0.131 0.066 0.013 0.634 0.006 0.013]
 [0.064 0.048 0.009 0.012 0.013 0.009 0.011 0.006 0.794 0.034]
 [0.016 0.065 0.007 0.024 0.008 0.003 0.005 0.015 0.014 0.843]]
[2025-06-09 01:43:15,241 INFO] 7600 iteration, USE_EMA: True, {'train/sup_loss': tensor(0.0027, device='cuda:0'), 'train/unsup_loss': tensor(0.2370, device='cuda:0'), 'train/total_loss': tensor(0.2397, device='cuda:0'), 'train/mask_ratio': tensor(0.4323, device='cuda:0'), 'lr': 0.025999346244904034, 'train/prefecth_time': 0.18120172119140626, 'train/run_time': 0.2458060760498047, 'eval/loss': tensor(1.7633, device='cuda:0'), 'eval/top-1-acc': 0.6193, 'eval/top-5-acc': 0.9516, 'eval/precision': 0.6181189305640816, 'eval/recall': 0.6193, 'eval/F1': 0.6165792211308732, 'eval/AUC': 0.9125510666666666}, BEST_EVAL_ACC: 0.6193, at 7600 iters
[2025-06-09 01:43:15,288 INFO] model saved: ./saved_models\fixmatch_cifar10_250_0\model_best.pth
[2025-06-09 01:44:01,111 INFO] confusion matrix:
[[0.663 0.04  0.034 0.034 0.01  0.009 0.019 0.019 0.111 0.061]
 [0.015 0.863 0.001 0.008 0.007 0.004 0.003 0.009 0.009 0.081]
 [0.106 0.003 0.443 0.071 0.075 0.052 0.191 0.034 0.016 0.009]
 [0.021 0.014 0.081 0.458 0.051 0.162 0.131 0.051 0.016 0.015]
 [0.022 0.002 0.143 0.06  0.394 0.056 0.186 0.13  0.006 0.001]
 [0.009 0.005 0.151 0.213 0.06  0.447 0.052 0.052 0.007 0.004]
 [0.014 0.    0.061 0.151 0.062 0.015 0.673 0.012 0.012 0.   ]
 [0.017 0.001 0.086 0.028 0.133 0.067 0.013 0.635 0.006 0.014]
 [0.064 0.048 0.008 0.011 0.012 0.009 0.013 0.005 0.796 0.034]
 [0.015 0.067 0.007 0.025 0.008 0.003 0.005 0.014 0.014 0.842]]
[2025-06-09 01:44:01,116 INFO] 7700 iteration, USE_EMA: True, {'train/sup_loss': tensor(0.0071, device='cuda:0'), 'train/unsup_loss': tensor(0.3113, device='cuda:0'), 'train/total_loss': tensor(0.3184, device='cuda:0'), 'train/mask_ratio': tensor(0.5000, device='cuda:0'), 'lr': 0.025895871129817248, 'train/prefecth_time': 0.1773465576171875, 'train/run_time': 0.24496617126464842, 'eval/loss': tensor(1.7589, device='cuda:0'), 'eval/top-1-acc': 0.6214, 'eval/top-5-acc': 0.952, 'eval/precision': 0.6204201058589818, 'eval/recall': 0.6214000000000001, 'eval/F1': 0.6188127351002622, 'eval/AUC': 0.9133423833333334}, BEST_EVAL_ACC: 0.6214, at 7700 iters
[2025-06-09 01:44:01,165 INFO] model saved: ./saved_models\fixmatch_cifar10_250_0\model_best.pth
[2025-06-09 01:44:47,027 INFO] confusion matrix:
[[0.666 0.039 0.035 0.034 0.012 0.009 0.017 0.018 0.108 0.062]
 [0.015 0.863 0.001 0.009 0.007 0.004 0.003 0.008 0.01  0.08 ]
 [0.104 0.003 0.448 0.071 0.078 0.051 0.19  0.031 0.015 0.009]
 [0.021 0.013 0.085 0.466 0.049 0.153 0.13  0.052 0.016 0.015]
 [0.022 0.002 0.145 0.061 0.397 0.052 0.189 0.125 0.006 0.001]
 [0.01  0.005 0.152 0.223 0.062 0.438 0.051 0.05  0.005 0.004]
 [0.014 0.    0.061 0.151 0.063 0.015 0.673 0.011 0.012 0.   ]
 [0.016 0.001 0.086 0.029 0.137 0.068 0.013 0.63  0.006 0.014]
 [0.065 0.048 0.008 0.01  0.013 0.009 0.014 0.005 0.795 0.033]
 [0.017 0.064 0.007 0.023 0.008 0.003 0.005 0.013 0.013 0.847]]
[2025-06-09 01:44:47,032 INFO] 7800 iteration, USE_EMA: True, {'train/sup_loss': tensor(0.0108, device='cuda:0'), 'train/unsup_loss': tensor(0.3936, device='cuda:0'), 'train/total_loss': tensor(0.4044, device='cuda:0'), 'train/mask_ratio': tensor(0.4635, device='cuda:0'), 'lr': 0.02579117301972147, 'train/prefecth_time': 0.18771353149414063, 'train/run_time': 0.24628489685058594, 'eval/loss': tensor(1.7544, device='cuda:0'), 'eval/top-1-acc': 0.6223, 'eval/top-5-acc': 0.9528, 'eval/precision': 0.6221113630243474, 'eval/recall': 0.6222999999999999, 'eval/F1': 0.6199965153118099, 'eval/AUC': 0.9141886277777778}, BEST_EVAL_ACC: 0.6223, at 7800 iters
[2025-06-09 01:44:47,082 INFO] model saved: ./saved_models\fixmatch_cifar10_250_0\model_best.pth
[2025-06-09 01:45:32,915 INFO] confusion matrix:
[[0.668 0.039 0.036 0.035 0.012 0.008 0.017 0.02  0.102 0.063]
 [0.015 0.865 0.001 0.008 0.007 0.003 0.003 0.009 0.008 0.081]
 [0.103 0.004 0.447 0.069 0.078 0.051 0.186 0.037 0.015 0.01 ]
 [0.019 0.013 0.087 0.465 0.051 0.152 0.125 0.055 0.017 0.016]
 [0.021 0.002 0.144 0.059 0.403 0.052 0.185 0.127 0.006 0.001]
 [0.008 0.004 0.149 0.224 0.065 0.434 0.052 0.054 0.005 0.005]
 [0.014 0.001 0.061 0.143 0.066 0.014 0.678 0.011 0.012 0.   ]
 [0.015 0.001 0.086 0.028 0.135 0.067 0.013 0.634 0.006 0.015]
 [0.068 0.05  0.008 0.009 0.013 0.008 0.013 0.005 0.79  0.036]
 [0.015 0.066 0.007 0.023 0.008 0.003 0.005 0.013 0.013 0.847]]
[2025-06-09 01:45:32,920 INFO] 7900 iteration, USE_EMA: True, {'train/sup_loss': tensor(0.0201, device='cuda:0'), 'train/unsup_loss': tensor(0.3820, device='cuda:0'), 'train/total_loss': tensor(0.4021, device='cuda:0'), 'train/mask_ratio': tensor(0.4688, device='cuda:0'), 'lr': 0.025685256859237626, 'train/prefecth_time': 0.18391436767578126, 'train/run_time': 0.2457545623779297, 'eval/loss': tensor(1.7484, device='cuda:0'), 'eval/top-1-acc': 0.6231, 'eval/top-5-acc': 0.9535, 'eval/precision': 0.6223538294194212, 'eval/recall': 0.6231, 'eval/F1': 0.62054582471446, 'eval/AUC': 0.9151603666666668}, BEST_EVAL_ACC: 0.6231, at 7900 iters
[2025-06-09 01:45:32,968 INFO] model saved: ./saved_models\fixmatch_cifar10_250_0\model_best.pth
[2025-06-09 01:46:17,990 INFO] confusion matrix:
[[0.669 0.038 0.037 0.035 0.011 0.008 0.016 0.022 0.1   0.064]
 [0.015 0.868 0.001 0.007 0.007 0.003 0.002 0.009 0.007 0.081]
 [0.101 0.003 0.455 0.065 0.081 0.049 0.181 0.04  0.015 0.01 ]
 [0.016 0.013 0.089 0.463 0.054 0.151 0.125 0.054 0.019 0.016]
 [0.02  0.002 0.145 0.062 0.404 0.053 0.179 0.128 0.006 0.001]
 [0.009 0.004 0.153 0.224 0.064 0.433 0.051 0.053 0.005 0.004]
 [0.014 0.    0.062 0.145 0.07  0.016 0.671 0.011 0.011 0.   ]
 [0.015 0.001 0.084 0.028 0.133 0.064 0.013 0.639 0.006 0.017]
 [0.067 0.051 0.008 0.009 0.011 0.008 0.011 0.005 0.792 0.038]
 [0.015 0.065 0.007 0.021 0.008 0.002 0.005 0.012 0.013 0.852]]
[2025-06-09 01:46:17,994 INFO] 8000 iteration, USE_EMA: True, {'train/sup_loss': tensor(0.0055, device='cuda:0'), 'train/unsup_loss': tensor(0.3412, device='cuda:0'), 'train/total_loss': tensor(0.3467, device='cuda:0'), 'train/mask_ratio': tensor(0.4635, device='cuda:0'), 'lr': 0.02557812765051199, 'train/prefecth_time': 0.16431100463867188, 'train/run_time': 0.24623616027832032, 'eval/loss': tensor(1.7388, device='cuda:0'), 'eval/top-1-acc': 0.6246, 'eval/top-5-acc': 0.9538, 'eval/precision': 0.6236948618711115, 'eval/recall': 0.6246, 'eval/F1': 0.6220467640004269, 'eval/AUC': 0.9160459277777778}, BEST_EVAL_ACC: 0.6246, at 8000 iters
[2025-06-09 01:46:18,040 INFO] model saved: ./saved_models\fixmatch_cifar10_250_0\model_best.pth
[2025-06-09 01:47:03,811 INFO] confusion matrix:
[[0.678 0.037 0.036 0.034 0.011 0.007 0.016 0.022 0.097 0.062]
 [0.016 0.873 0.001 0.007 0.007 0.002 0.002 0.009 0.008 0.075]
 [0.101 0.002 0.458 0.062 0.081 0.047 0.182 0.04  0.016 0.011]
 [0.015 0.015 0.088 0.472 0.054 0.145 0.122 0.054 0.019 0.016]
 [0.022 0.002 0.145 0.064 0.409 0.049 0.175 0.127 0.006 0.001]
 [0.009 0.004 0.156 0.222 0.066 0.429 0.051 0.053 0.006 0.004]
 [0.014 0.    0.062 0.145 0.07  0.014 0.673 0.011 0.011 0.   ]
 [0.015 0.001 0.085 0.03  0.135 0.062 0.012 0.638 0.006 0.016]
 [0.063 0.048 0.008 0.01  0.011 0.007 0.009 0.005 0.799 0.04 ]
 [0.016 0.065 0.007 0.022 0.008 0.001 0.005 0.012 0.012 0.852]]
[2025-06-09 01:47:03,817 INFO] 8100 iteration, USE_EMA: True, {'train/sup_loss': tensor(0.0127, device='cuda:0'), 'train/unsup_loss': tensor(0.3310, device='cuda:0'), 'train/total_loss': tensor(0.3436, device='cuda:0'), 'train/mask_ratio': tensor(0.4635, device='cuda:0'), 'lr': 0.02546979045297999, 'train/prefecth_time': 0.1927241973876953, 'train/run_time': 0.24630886840820312, 'eval/loss': tensor(1.7292, device='cuda:0'), 'eval/top-1-acc': 0.6281, 'eval/top-5-acc': 0.9546, 'eval/precision': 0.6273496743913904, 'eval/recall': 0.6281000000000001, 'eval/F1': 0.6255127384924914, 'eval/AUC': 0.9168707222222221}, BEST_EVAL_ACC: 0.6281, at 8100 iters
[2025-06-09 01:47:03,877 INFO] model saved: ./saved_models\fixmatch_cifar10_250_0\model_best.pth
[2025-06-09 01:47:49,565 INFO] confusion matrix:
[[0.681 0.037 0.036 0.034 0.011 0.007 0.016 0.02  0.094 0.064]
 [0.015 0.877 0.001 0.006 0.006 0.002 0.002 0.009 0.007 0.075]
 [0.103 0.003 0.458 0.061 0.081 0.051 0.179 0.037 0.016 0.011]
 [0.015 0.015 0.088 0.479 0.053 0.139 0.121 0.056 0.019 0.015]
 [0.023 0.002 0.142 0.063 0.415 0.048 0.172 0.128 0.006 0.001]
 [0.009 0.004 0.157 0.221 0.069 0.424 0.05  0.055 0.006 0.005]
 [0.013 0.    0.062 0.144 0.071 0.013 0.673 0.011 0.013 0.   ]
 [0.015 0.001 0.084 0.028 0.135 0.06  0.012 0.643 0.006 0.016]
 [0.063 0.047 0.008 0.01  0.012 0.007 0.007 0.005 0.802 0.039]
 [0.017 0.067 0.008 0.019 0.008 0.001 0.005 0.013 0.011 0.851]]
[2025-06-09 01:47:49,569 INFO] 8200 iteration, USE_EMA: True, {'train/sup_loss': tensor(0.0238, device='cuda:0'), 'train/unsup_loss': tensor(0.3389, device='cuda:0'), 'train/total_loss': tensor(0.3627, device='cuda:0'), 'train/mask_ratio': tensor(0.4583, device='cuda:0'), 'lr': 0.025360250383127225, 'train/prefecth_time': 0.17581671142578126, 'train/run_time': 0.24623893737792968, 'eval/loss': tensor(1.7212, device='cuda:0'), 'eval/top-1-acc': 0.6303, 'eval/top-5-acc': 0.9556, 'eval/precision': 0.6291705570787061, 'eval/recall': 0.6303, 'eval/F1': 0.6275201034059313, 'eval/AUC': 0.9177806555555553}, BEST_EVAL_ACC: 0.6303, at 8200 iters
[2025-06-09 01:47:49,617 INFO] model saved: ./saved_models\fixmatch_cifar10_250_0\model_best.pth
[2025-06-09 01:48:35,301 INFO] confusion matrix:
[[0.687 0.037 0.035 0.033 0.011 0.006 0.016 0.018 0.093 0.064]
 [0.014 0.882 0.001 0.005 0.006 0.002 0.002 0.009 0.007 0.072]
 [0.101 0.003 0.473 0.06  0.082 0.047 0.174 0.035 0.014 0.011]
 [0.016 0.016 0.088 0.479 0.054 0.135 0.121 0.058 0.018 0.015]
 [0.021 0.002 0.144 0.061 0.413 0.049 0.175 0.128 0.006 0.001]
 [0.01  0.004 0.157 0.223 0.068 0.425 0.049 0.053 0.006 0.005]
 [0.013 0.    0.061 0.144 0.071 0.013 0.675 0.011 0.012 0.   ]
 [0.015 0.001 0.086 0.029 0.132 0.058 0.013 0.645 0.006 0.015]
 [0.068 0.05  0.007 0.01  0.01  0.007 0.01  0.005 0.795 0.038]
 [0.016 0.073 0.008 0.019 0.008 0.001 0.005 0.014 0.011 0.845]]
[2025-06-09 01:48:35,306 INFO] 8300 iteration, USE_EMA: True, {'train/sup_loss': tensor(0.0047, device='cuda:0'), 'train/unsup_loss': tensor(0.2652, device='cuda:0'), 'train/total_loss': tensor(0.2699, device='cuda:0'), 'train/mask_ratio': tensor(0.5156, device='cuda:0'), 'lr': 0.025249512614247856, 'train/prefecth_time': 0.195662841796875, 'train/run_time': 0.24622479248046875, 'eval/loss': tensor(1.7132, device='cuda:0'), 'eval/top-1-acc': 0.6319, 'eval/top-5-acc': 0.9557, 'eval/precision': 0.6311786653926832, 'eval/recall': 0.6319, 'eval/F1': 0.629164974868468, 'eval/AUC': 0.9188285833333336}, BEST_EVAL_ACC: 0.6319, at 8300 iters
[2025-06-09 01:48:35,352 INFO] model saved: ./saved_models\fixmatch_cifar10_250_0\model_best.pth
[2025-06-09 01:49:20,958 INFO] confusion matrix:
[[0.689 0.037 0.034 0.031 0.012 0.006 0.016 0.018 0.094 0.063]
 [0.014 0.882 0.001 0.005 0.007 0.002 0.002 0.009 0.007 0.071]
 [0.101 0.003 0.476 0.058 0.081 0.047 0.176 0.035 0.013 0.01 ]
 [0.017 0.016 0.09  0.48  0.052 0.138 0.118 0.055 0.018 0.016]
 [0.02  0.002 0.142 0.058 0.418 0.051 0.174 0.128 0.006 0.001]
 [0.01  0.004 0.155 0.22  0.067 0.432 0.049 0.053 0.006 0.004]
 [0.013 0.    0.057 0.145 0.066 0.013 0.683 0.012 0.011 0.   ]
 [0.015 0.    0.083 0.028 0.128 0.058 0.012 0.655 0.006 0.015]
 [0.068 0.047 0.007 0.01  0.01  0.007 0.01  0.006 0.795 0.04 ]
 [0.016 0.074 0.008 0.018 0.008 0.001 0.005 0.013 0.013 0.844]]
[2025-06-09 01:49:20,964 INFO] 8400 iteration, USE_EMA: True, {'train/sup_loss': tensor(0.0075, device='cuda:0'), 'train/unsup_loss': tensor(0.2388, device='cuda:0'), 'train/total_loss': tensor(0.2464, device='cuda:0'), 'train/mask_ratio': tensor(0.5260, device='cuda:0'), 'lr': 0.02513758237620026, 'train/prefecth_time': 0.16810281372070313, 'train/run_time': 0.24731683349609376, 'eval/loss': tensor(1.7046, device='cuda:0'), 'eval/top-1-acc': 0.6354, 'eval/top-5-acc': 0.9556, 'eval/precision': 0.6343964404884705, 'eval/recall': 0.6354, 'eval/F1': 0.6326079517720044, 'eval/AUC': 0.9196731555555557}, BEST_EVAL_ACC: 0.6354, at 8400 iters
[2025-06-09 01:49:21,012 INFO] model saved: ./saved_models\fixmatch_cifar10_250_0\model_best.pth
[2025-06-09 01:50:06,246 INFO] confusion matrix:
[[0.693 0.037 0.034 0.031 0.011 0.006 0.016 0.019 0.091 0.062]
 [0.014 0.883 0.001 0.005 0.007 0.002 0.002 0.009 0.007 0.07 ]
 [0.102 0.004 0.477 0.056 0.081 0.046 0.175 0.04  0.011 0.008]
 [0.018 0.016 0.092 0.478 0.05  0.138 0.119 0.056 0.017 0.016]
 [0.022 0.002 0.141 0.062 0.42  0.049 0.169 0.128 0.006 0.001]
 [0.009 0.004 0.159 0.223 0.065 0.43  0.046 0.053 0.007 0.004]
 [0.012 0.001 0.06  0.147 0.067 0.014 0.679 0.011 0.009 0.   ]
 [0.015 0.    0.082 0.029 0.125 0.056 0.012 0.66  0.006 0.015]
 [0.067 0.047 0.009 0.01  0.01  0.007 0.01  0.005 0.797 0.038]
 [0.016 0.072 0.008 0.018 0.008 0.001 0.005 0.013 0.013 0.846]]
[2025-06-09 01:50:06,252 INFO] 8500 iteration, USE_EMA: True, {'train/sup_loss': tensor(0.0083, device='cuda:0'), 'train/unsup_loss': tensor(0.3573, device='cuda:0'), 'train/total_loss': tensor(0.3656, device='cuda:0'), 'train/mask_ratio': tensor(0.5000, device='cuda:0'), 'lr': 0.02502446495516005, 'train/prefecth_time': 0.1726894073486328, 'train/run_time': 0.24577536010742188, 'eval/loss': tensor(1.6959, device='cuda:0'), 'eval/top-1-acc': 0.6363, 'eval/top-5-acc': 0.9553, 'eval/precision': 0.6355617625040336, 'eval/recall': 0.6363000000000001, 'eval/F1': 0.6336142184629392, 'eval/AUC': 0.9205192944444445}, BEST_EVAL_ACC: 0.6363, at 8500 iters
[2025-06-09 01:50:06,302 INFO] model saved: ./saved_models\fixmatch_cifar10_250_0\model_best.pth
[2025-06-09 01:50:51,938 INFO] confusion matrix:
[[0.696 0.032 0.033 0.031 0.01  0.006 0.017 0.021 0.09  0.064]
 [0.012 0.885 0.001 0.005 0.007 0.002 0.002 0.009 0.007 0.07 ]
 [0.104 0.004 0.482 0.055 0.082 0.047 0.169 0.041 0.009 0.007]
 [0.019 0.017 0.091 0.48  0.051 0.136 0.117 0.055 0.016 0.018]
 [0.023 0.002 0.142 0.061 0.421 0.048 0.171 0.126 0.005 0.001]
 [0.009 0.004 0.16  0.226 0.064 0.431 0.044 0.051 0.007 0.004]
 [0.013 0.001 0.061 0.147 0.066 0.014 0.679 0.01  0.009 0.   ]
 [0.014 0.    0.084 0.029 0.125 0.054 0.012 0.662 0.006 0.014]
 [0.071 0.048 0.008 0.01  0.01  0.007 0.009 0.005 0.795 0.037]
 [0.017 0.071 0.008 0.017 0.007 0.001 0.005 0.011 0.012 0.851]]
[2025-06-09 01:50:51,944 INFO] 8600 iteration, USE_EMA: True, {'train/sup_loss': tensor(0.0048, device='cuda:0'), 'train/unsup_loss': tensor(0.3323, device='cuda:0'), 'train/total_loss': tensor(0.3372, device='cuda:0'), 'train/mask_ratio': tensor(0.4375, device='cuda:0'), 'lr': 0.02491016569337043, 'train/prefecth_time': 0.18384384155273437, 'train/run_time': 0.2457684783935547, 'eval/loss': tensor(1.6878, device='cuda:0'), 'eval/top-1-acc': 0.6382, 'eval/top-5-acc': 0.9558, 'eval/precision': 0.6375648137300483, 'eval/recall': 0.6382000000000001, 'eval/F1': 0.6355383887910341, 'eval/AUC': 0.9213168277777781}, BEST_EVAL_ACC: 0.6382, at 8600 iters
[2025-06-09 01:50:51,987 INFO] model saved: ./saved_models\fixmatch_cifar10_250_0\model_best.pth
[2025-06-09 01:51:37,735 INFO] confusion matrix:
[[0.697 0.031 0.034 0.031 0.009 0.005 0.018 0.023 0.09  0.062]
 [0.012 0.884 0.002 0.005 0.007 0.002 0.003 0.009 0.007 0.069]
 [0.108 0.005 0.473 0.055 0.083 0.047 0.172 0.042 0.008 0.007]
 [0.017 0.016 0.093 0.483 0.055 0.132 0.115 0.055 0.016 0.018]
 [0.023 0.002 0.145 0.061 0.414 0.045 0.177 0.126 0.006 0.001]
 [0.009 0.004 0.158 0.227 0.062 0.431 0.044 0.053 0.007 0.005]
 [0.014 0.    0.062 0.149 0.066 0.015 0.675 0.01  0.009 0.   ]
 [0.014 0.    0.083 0.03  0.127 0.051 0.012 0.662 0.006 0.015]
 [0.069 0.048 0.01  0.009 0.01  0.007 0.01  0.005 0.796 0.036]
 [0.016 0.071 0.008 0.017 0.007 0.001 0.005 0.011 0.013 0.851]]
[2025-06-09 01:51:37,741 INFO] 8700 iteration, USE_EMA: True, {'train/sup_loss': tensor(0.0029, device='cuda:0'), 'train/unsup_loss': tensor(0.3784, device='cuda:0'), 'train/total_loss': tensor(0.3813, device='cuda:0'), 'train/mask_ratio': tensor(0.4323, device='cuda:0'), 'lr': 0.02479468998888986, 'train/prefecth_time': 0.18464582824707032, 'train/run_time': 0.24664883422851563, 'eval/loss': tensor(1.6877, device='cuda:0'), 'eval/top-1-acc': 0.6366, 'eval/top-5-acc': 0.956, 'eval/precision': 0.6362840178983437, 'eval/recall': 0.6366, 'eval/F1': 0.6339690164224681, 'eval/AUC': 0.9218286888888889}, BEST_EVAL_ACC: 0.6382, at 8600 iters
[2025-06-09 01:52:23,409 INFO] confusion matrix:
[[0.705 0.031 0.032 0.033 0.008 0.008 0.019 0.02  0.086 0.058]
 [0.011 0.888 0.002 0.006 0.007 0.002 0.003 0.009 0.005 0.067]
 [0.107 0.004 0.48  0.055 0.082 0.049 0.167 0.042 0.008 0.006]
 [0.018 0.015 0.095 0.481 0.053 0.133 0.116 0.056 0.016 0.017]
 [0.023 0.002 0.146 0.06  0.415 0.046 0.175 0.126 0.006 0.001]
 [0.01  0.004 0.154 0.228 0.062 0.438 0.044 0.049 0.006 0.005]
 [0.011 0.    0.064 0.151 0.062 0.016 0.678 0.009 0.009 0.   ]
 [0.015 0.    0.083 0.03  0.125 0.052 0.012 0.663 0.006 0.014]
 [0.07  0.046 0.01  0.008 0.01  0.007 0.01  0.005 0.799 0.035]
 [0.015 0.069 0.008 0.016 0.007 0.001 0.005 0.012 0.014 0.853]]
[2025-06-09 01:52:23,414 INFO] 8800 iteration, USE_EMA: True, {'train/sup_loss': tensor(0.0066, device='cuda:0'), 'train/unsup_loss': tensor(0.3270, device='cuda:0'), 'train/total_loss': tensor(0.3336, device='cuda:0'), 'train/mask_ratio': tensor(0.4375, device='cuda:0'), 'lr': 0.024678043295337182, 'train/prefecth_time': 0.16642457580566405, 'train/run_time': 0.2473717803955078, 'eval/loss': tensor(1.6824, device='cuda:0'), 'eval/top-1-acc': 0.64, 'eval/top-5-acc': 0.9573, 'eval/precision': 0.6398513562394788, 'eval/recall': 0.6399999999999999, 'eval/F1': 0.6375743102800066, 'eval/AUC': 0.9225411222222221}, BEST_EVAL_ACC: 0.64, at 8800 iters
[2025-06-09 01:52:23,460 INFO] model saved: ./saved_models\fixmatch_cifar10_250_0\model_best.pth
[2025-06-09 01:53:09,085 INFO] confusion matrix:
[[0.709 0.029 0.033 0.032 0.007 0.007 0.019 0.02  0.086 0.058]
 [0.011 0.893 0.002 0.006 0.005 0.002 0.002 0.009 0.005 0.065]
 [0.106 0.005 0.482 0.051 0.078 0.049 0.174 0.04  0.009 0.006]
 [0.019 0.015 0.094 0.481 0.051 0.131 0.117 0.058 0.016 0.018]
 [0.024 0.002 0.146 0.061 0.41  0.048 0.174 0.127 0.007 0.001]
 [0.011 0.004 0.155 0.226 0.058 0.441 0.045 0.049 0.006 0.005]
 [0.013 0.    0.062 0.144 0.058 0.018 0.687 0.009 0.009 0.   ]
 [0.015 0.    0.081 0.027 0.123 0.053 0.012 0.669 0.006 0.014]
 [0.072 0.042 0.01  0.008 0.01  0.006 0.01  0.004 0.803 0.035]
 [0.016 0.068 0.008 0.016 0.007 0.001 0.005 0.011 0.014 0.854]]
[2025-06-09 01:53:09,089 INFO] 8900 iteration, USE_EMA: True, {'train/sup_loss': tensor(0.0085, device='cuda:0'), 'train/unsup_loss': tensor(0.3955, device='cuda:0'), 'train/total_loss': tensor(0.4041, device='cuda:0'), 'train/mask_ratio': tensor(0.4583, device='cuda:0'), 'lr': 0.024560231121633996, 'train/prefecth_time': 0.18013285827636719, 'train/run_time': 0.2461622772216797, 'eval/loss': tensor(1.6795, device='cuda:0'), 'eval/top-1-acc': 0.6429, 'eval/top-5-acc': 0.9574, 'eval/precision': 0.6421506803911059, 'eval/recall': 0.6429, 'eval/F1': 0.6400236475056231, 'eval/AUC': 0.9232872833333333}, BEST_EVAL_ACC: 0.6429, at 8900 iters
[2025-06-09 01:53:09,136 INFO] model saved: ./saved_models\fixmatch_cifar10_250_0\model_best.pth
[2025-06-09 01:53:54,718 INFO] confusion matrix:
[[0.712 0.031 0.031 0.031 0.007 0.007 0.02  0.02  0.083 0.058]
 [0.011 0.894 0.002 0.006 0.003 0.002 0.002 0.008 0.005 0.067]
 [0.105 0.004 0.484 0.05  0.078 0.05  0.174 0.04  0.009 0.006]
 [0.019 0.015 0.093 0.48  0.053 0.131 0.116 0.059 0.016 0.018]
 [0.024 0.002 0.144 0.061 0.411 0.043 0.178 0.13  0.006 0.001]
 [0.013 0.005 0.151 0.223 0.059 0.443 0.043 0.053 0.005 0.005]
 [0.013 0.001 0.063 0.14  0.057 0.015 0.691 0.01  0.01  0.   ]
 [0.013 0.    0.078 0.027 0.123 0.055 0.012 0.672 0.006 0.014]
 [0.072 0.046 0.01  0.008 0.009 0.006 0.01  0.004 0.8   0.035]
 [0.018 0.067 0.008 0.015 0.007 0.001 0.005 0.012 0.011 0.856]]
[2025-06-09 01:53:54,722 INFO] 9000 iteration, USE_EMA: True, {'train/sup_loss': tensor(0.0069, device='cuda:0'), 'train/unsup_loss': tensor(0.3638, device='cuda:0'), 'train/total_loss': tensor(0.3708, device='cuda:0'), 'train/mask_ratio': tensor(0.4583, device='cuda:0'), 'lr': 0.024441259031744527, 'train/prefecth_time': 0.16481280517578126, 'train/run_time': 0.24538925170898437, 'eval/loss': tensor(1.6746, device='cuda:0'), 'eval/top-1-acc': 0.6443, 'eval/top-5-acc': 0.9568, 'eval/precision': 0.6432817750591726, 'eval/recall': 0.6443, 'eval/F1': 0.6411958668183517, 'eval/AUC': 0.9240755500000001}, BEST_EVAL_ACC: 0.6443, at 9000 iters
[2025-06-09 01:53:54,769 INFO] model saved: ./saved_models\fixmatch_cifar10_250_0\model_best.pth
[2025-06-09 01:54:40,351 INFO] confusion matrix:
[[0.718 0.031 0.031 0.033 0.008 0.005 0.02  0.019 0.079 0.056]
 [0.009 0.901 0.002 0.006 0.003 0.002 0.002 0.008 0.005 0.062]
 [0.106 0.004 0.49  0.047 0.076 0.049 0.176 0.039 0.007 0.006]
 [0.018 0.015 0.101 0.484 0.051 0.124 0.115 0.06  0.015 0.017]
 [0.024 0.002 0.14  0.061 0.417 0.039 0.181 0.13  0.005 0.001]
 [0.012 0.005 0.153 0.228 0.06  0.439 0.042 0.05  0.006 0.005]
 [0.012 0.001 0.064 0.138 0.053 0.014 0.698 0.01  0.01  0.   ]
 [0.014 0.    0.079 0.026 0.123 0.053 0.013 0.674 0.005 0.013]
 [0.072 0.044 0.011 0.009 0.008 0.005 0.01  0.004 0.802 0.035]
 [0.019 0.065 0.009 0.014 0.006 0.001 0.005 0.011 0.012 0.858]]
[2025-06-09 01:54:40,357 INFO] 9100 iteration, USE_EMA: True, {'train/sup_loss': tensor(0.0087, device='cuda:0'), 'train/unsup_loss': tensor(0.2876, device='cuda:0'), 'train/total_loss': tensor(0.2963, device='cuda:0'), 'train/mask_ratio': tensor(0.4635, device='cuda:0'), 'lr': 0.02432113264441283, 'train/prefecth_time': 0.18130307006835938, 'train/run_time': 0.24650341796875, 'eval/loss': tensor(1.6684, device='cuda:0'), 'eval/top-1-acc': 0.6481, 'eval/top-5-acc': 0.9567, 'eval/precision': 0.6480082868520419, 'eval/recall': 0.6480999999999999, 'eval/F1': 0.6451060441848003, 'eval/AUC': 0.924826272222222}, BEST_EVAL_ACC: 0.6481, at 9100 iters
[2025-06-09 01:54:40,411 INFO] model saved: ./saved_models\fixmatch_cifar10_250_0\model_best.pth
[2025-06-09 01:55:26,165 INFO] confusion matrix:
[[0.724 0.032 0.03  0.033 0.007 0.005 0.022 0.019 0.076 0.052]
 [0.009 0.904 0.002 0.005 0.003 0.002 0.002 0.008 0.005 0.06 ]
 [0.106 0.004 0.493 0.047 0.076 0.047 0.175 0.038 0.007 0.007]
 [0.019 0.014 0.1   0.484 0.049 0.125 0.117 0.06  0.014 0.018]
 [0.025 0.002 0.134 0.062 0.42  0.042 0.179 0.129 0.006 0.001]
 [0.013 0.005 0.153 0.23  0.059 0.439 0.041 0.049 0.005 0.006]
 [0.013 0.001 0.062 0.137 0.051 0.015 0.703 0.009 0.009 0.   ]
 [0.017 0.    0.079 0.026 0.126 0.053 0.012 0.672 0.003 0.012]
 [0.068 0.043 0.011 0.008 0.007 0.005 0.009 0.004 0.808 0.037]
 [0.019 0.061 0.009 0.014 0.005 0.001 0.005 0.011 0.012 0.863]]
[2025-06-09 01:55:26,170 INFO] 9200 iteration, USE_EMA: True, {'train/sup_loss': tensor(0.0162, device='cuda:0'), 'train/unsup_loss': tensor(0.2644, device='cuda:0'), 'train/total_loss': tensor(0.2806, device='cuda:0'), 'train/mask_ratio': tensor(0.4323, device='cuda:0'), 'lr': 0.02419985763289746, 'train/prefecth_time': 0.1758916778564453, 'train/run_time': 0.24560231018066406, 'eval/loss': tensor(1.6526, device='cuda:0'), 'eval/top-1-acc': 0.651, 'eval/top-5-acc': 0.9578, 'eval/precision': 0.6506709818931083, 'eval/recall': 0.651, 'eval/F1': 0.6478865957504267, 'eval/AUC': 0.9259810333333333}, BEST_EVAL_ACC: 0.651, at 9200 iters
[2025-06-09 01:55:26,218 INFO] model saved: ./saved_models\fixmatch_cifar10_250_0\model_best.pth
[2025-06-09 01:56:12,049 INFO] confusion matrix:
[[0.723 0.032 0.031 0.032 0.007 0.005 0.022 0.019 0.077 0.052]
 [0.009 0.907 0.002 0.005 0.003 0.002 0.002 0.008 0.005 0.057]
 [0.105 0.004 0.495 0.046 0.073 0.045 0.174 0.044 0.007 0.007]
 [0.02  0.012 0.099 0.492 0.044 0.125 0.117 0.059 0.015 0.017]
 [0.024 0.002 0.134 0.065 0.417 0.04  0.179 0.132 0.006 0.001]
 [0.012 0.006 0.153 0.233 0.056 0.438 0.041 0.051 0.005 0.005]
 [0.013 0.001 0.061 0.137 0.046 0.015 0.709 0.009 0.009 0.   ]
 [0.017 0.    0.078 0.027 0.12  0.051 0.013 0.681 0.003 0.01 ]
 [0.069 0.042 0.012 0.009 0.005 0.005 0.009 0.005 0.807 0.037]
 [0.019 0.06  0.009 0.013 0.005 0.001 0.005 0.011 0.012 0.865]]
[2025-06-09 01:56:12,055 INFO] 9300 iteration, USE_EMA: True, {'train/sup_loss': tensor(0.0061, device='cuda:0'), 'train/unsup_loss': tensor(0.2313, device='cuda:0'), 'train/total_loss': tensor(0.2374, device='cuda:0'), 'train/mask_ratio': tensor(0.4479, device='cuda:0'), 'lr': 0.024077439724703498, 'train/prefecth_time': 0.1886361541748047, 'train/run_time': 0.24624972534179687, 'eval/loss': tensor(1.6489, device='cuda:0'), 'eval/top-1-acc': 0.6534, 'eval/top-5-acc': 0.9583, 'eval/precision': 0.6533529928757404, 'eval/recall': 0.6534000000000001, 'eval/F1': 0.6501013900252468, 'eval/AUC': 0.9267033444444445}, BEST_EVAL_ACC: 0.6534, at 9300 iters
[2025-06-09 01:56:12,124 INFO] model saved: ./saved_models\fixmatch_cifar10_250_0\model_best.pth
[2025-06-09 01:56:57,935 INFO] confusion matrix:
[[0.722 0.032 0.031 0.032 0.006 0.005 0.022 0.019 0.079 0.052]
 [0.009 0.91  0.002 0.006 0.003 0.001 0.002 0.006 0.004 0.057]
 [0.104 0.003 0.501 0.049 0.071 0.044 0.172 0.04  0.008 0.008]
 [0.02  0.014 0.1   0.491 0.046 0.123 0.114 0.058 0.016 0.018]
 [0.025 0.002 0.133 0.065 0.42  0.04  0.174 0.134 0.006 0.001]
 [0.011 0.006 0.152 0.234 0.055 0.44  0.042 0.051 0.004 0.005]
 [0.013 0.003 0.062 0.136 0.044 0.016 0.71  0.009 0.007 0.   ]
 [0.016 0.    0.078 0.028 0.121 0.05  0.013 0.683 0.002 0.009]
 [0.07  0.041 0.012 0.009 0.005 0.005 0.008 0.005 0.808 0.037]
 [0.018 0.058 0.009 0.013 0.006 0.001 0.005 0.012 0.013 0.865]]
[2025-06-09 01:56:57,941 INFO] 9400 iteration, USE_EMA: True, {'train/sup_loss': tensor(0.0017, device='cuda:0'), 'train/unsup_loss': tensor(0.2575, device='cuda:0'), 'train/total_loss': tensor(0.2592, device='cuda:0'), 'train/mask_ratio': tensor(0.4115, device='cuda:0'), 'lr': 0.0239538847013121, 'train/prefecth_time': 0.1713950653076172, 'train/run_time': 0.24601708984375, 'eval/loss': tensor(1.6410, device='cuda:0'), 'eval/top-1-acc': 0.655, 'eval/top-5-acc': 0.9581, 'eval/precision': 0.6550405146717808, 'eval/recall': 0.655, 'eval/F1': 0.6517445092858212, 'eval/AUC': 0.9274836222222221}, BEST_EVAL_ACC: 0.655, at 9400 iters
[2025-06-09 01:56:57,991 INFO] model saved: ./saved_models\fixmatch_cifar10_250_0\model_best.pth
[2025-06-09 01:57:43,353 INFO] confusion matrix:
[[0.723 0.031 0.034 0.03  0.006 0.005 0.02  0.02  0.079 0.052]
 [0.009 0.91  0.002 0.006 0.003 0.001 0.002 0.006 0.005 0.056]
 [0.1   0.005 0.51  0.049 0.07  0.044 0.166 0.04  0.008 0.008]
 [0.019 0.015 0.099 0.494 0.046 0.122 0.113 0.059 0.015 0.018]
 [0.024 0.003 0.137 0.063 0.418 0.04  0.168 0.14  0.006 0.001]
 [0.011 0.006 0.153 0.243 0.05  0.437 0.04  0.051 0.004 0.005]
 [0.013 0.002 0.065 0.136 0.041 0.016 0.711 0.008 0.007 0.001]
 [0.017 0.    0.08  0.028 0.113 0.05  0.011 0.69  0.002 0.009]
 [0.07  0.04  0.013 0.009 0.005 0.005 0.007 0.005 0.809 0.037]
 [0.019 0.059 0.009 0.013 0.003 0.    0.005 0.012 0.013 0.867]]
[2025-06-09 01:57:43,358 INFO] 9500 iteration, USE_EMA: True, {'train/sup_loss': tensor(0.0027, device='cuda:0'), 'train/unsup_loss': tensor(0.3061, device='cuda:0'), 'train/total_loss': tensor(0.3088, device='cuda:0'), 'train/mask_ratio': tensor(0.4062, device='cuda:0'), 'lr': 0.02382919839790743, 'train/prefecth_time': 0.1788373107910156, 'train/run_time': 0.246582275390625, 'eval/loss': tensor(1.6333, device='cuda:0'), 'eval/top-1-acc': 0.6569, 'eval/top-5-acc': 0.9584, 'eval/precision': 0.6570921644590947, 'eval/recall': 0.6569, 'eval/F1': 0.653505120030918, 'eval/AUC': 0.928314588888889}, BEST_EVAL_ACC: 0.6569, at 9500 iters
[2025-06-09 01:57:43,406 INFO] model saved: ./saved_models\fixmatch_cifar10_250_0\model_best.pth
[2025-06-09 01:58:28,597 INFO] confusion matrix:
[[0.722 0.031 0.034 0.027 0.007 0.005 0.021 0.022 0.079 0.052]
 [0.009 0.915 0.002 0.005 0.002 0.001 0.002 0.005 0.005 0.054]
 [0.103 0.005 0.512 0.047 0.068 0.044 0.167 0.039 0.008 0.007]
 [0.022 0.014 0.1   0.491 0.044 0.123 0.115 0.058 0.016 0.017]
 [0.026 0.003 0.136 0.061 0.42  0.04  0.166 0.14  0.007 0.001]
 [0.011 0.006 0.154 0.242 0.048 0.436 0.043 0.05  0.004 0.006]
 [0.013 0.002 0.066 0.134 0.041 0.016 0.712 0.008 0.007 0.001]
 [0.018 0.    0.081 0.027 0.106 0.05  0.011 0.696 0.002 0.009]
 [0.068 0.039 0.014 0.008 0.005 0.005 0.007 0.005 0.811 0.038]
 [0.018 0.06  0.009 0.014 0.003 0.    0.004 0.012 0.013 0.867]]
[2025-06-09 01:58:28,602 INFO] 9600 iteration, USE_EMA: True, {'train/sup_loss': tensor(0.0064, device='cuda:0'), 'train/unsup_loss': tensor(0.2961, device='cuda:0'), 'train/total_loss': tensor(0.3026, device='cuda:0'), 'train/mask_ratio': tensor(0.4062, device='cuda:0'), 'lr': 0.023703386703101053, 'train/prefecth_time': 0.17172393798828126, 'train/run_time': 0.24664166259765624, 'eval/loss': tensor(1.6230, device='cuda:0'), 'eval/top-1-acc': 0.6582, 'eval/top-5-acc': 0.9583, 'eval/precision': 0.6582153776085307, 'eval/recall': 0.6582, 'eval/F1': 0.654581205550971, 'eval/AUC': 0.9293183944444446}, BEST_EVAL_ACC: 0.6582, at 9600 iters
[2025-06-09 01:58:28,646 INFO] model saved: ./saved_models\fixmatch_cifar10_250_0\model_best.pth
[2025-06-09 01:59:14,419 INFO] confusion matrix:
[[0.73  0.031 0.031 0.025 0.008 0.006 0.021 0.021 0.078 0.049]
 [0.007 0.919 0.002 0.005 0.002 0.001 0.001 0.005 0.005 0.053]
 [0.102 0.006 0.516 0.046 0.067 0.042 0.166 0.04  0.008 0.007]
 [0.023 0.013 0.102 0.488 0.044 0.122 0.115 0.059 0.017 0.017]
 [0.025 0.003 0.13  0.059 0.421 0.043 0.169 0.141 0.008 0.001]
 [0.01  0.006 0.152 0.226 0.05  0.447 0.043 0.056 0.004 0.006]
 [0.014 0.002 0.064 0.13  0.042 0.016 0.716 0.008 0.007 0.001]
 [0.018 0.    0.081 0.027 0.109 0.05  0.011 0.693 0.002 0.009]
 [0.067 0.041 0.014 0.007 0.005 0.005 0.006 0.005 0.817 0.033]
 [0.018 0.063 0.01  0.014 0.004 0.    0.004 0.013 0.013 0.861]]
[2025-06-09 01:59:14,423 INFO] 9700 iteration, USE_EMA: True, {'train/sup_loss': tensor(0.0033, device='cuda:0'), 'train/unsup_loss': tensor(0.2561, device='cuda:0'), 'train/total_loss': tensor(0.2593, device='cuda:0'), 'train/mask_ratio': tensor(0.4531, device='cuda:0'), 'lr': 0.023576455558653897, 'train/prefecth_time': 0.18035916137695313, 'train/run_time': 0.24638156127929686, 'eval/loss': tensor(1.6168, device='cuda:0'), 'eval/top-1-acc': 0.6608, 'eval/top-5-acc': 0.9578, 'eval/precision': 0.6601412990830953, 'eval/recall': 0.6607999999999999, 'eval/F1': 0.6570521883020659, 'eval/AUC': 0.9299408777777776}, BEST_EVAL_ACC: 0.6608, at 9700 iters
[2025-06-09 01:59:14,467 INFO] model saved: ./saved_models\fixmatch_cifar10_250_0\model_best.pth
[2025-06-09 02:00:00,116 INFO] confusion matrix:
[[0.736 0.033 0.031 0.023 0.007 0.006 0.021 0.021 0.075 0.047]
 [0.008 0.919 0.002 0.004 0.002 0.    0.001 0.006 0.004 0.054]
 [0.103 0.006 0.519 0.045 0.065 0.041 0.167 0.039 0.008 0.007]
 [0.025 0.013 0.104 0.485 0.044 0.119 0.113 0.06  0.018 0.019]
 [0.026 0.003 0.131 0.057 0.419 0.041 0.168 0.146 0.008 0.001]
 [0.01  0.006 0.152 0.226 0.05  0.451 0.041 0.054 0.004 0.006]
 [0.014 0.003 0.062 0.131 0.042 0.015 0.716 0.008 0.008 0.001]
 [0.017 0.    0.084 0.026 0.107 0.051 0.01  0.694 0.002 0.009]
 [0.069 0.042 0.013 0.007 0.004 0.005 0.006 0.005 0.817 0.032]
 [0.018 0.061 0.01  0.013 0.004 0.    0.003 0.012 0.013 0.866]]
[2025-06-09 02:00:00,121 INFO] 9800 iteration, USE_EMA: True, {'train/sup_loss': tensor(0.0033, device='cuda:0'), 'train/unsup_loss': tensor(0.3320, device='cuda:0'), 'train/total_loss': tensor(0.3353, device='cuda:0'), 'train/mask_ratio': tensor(0.4375, device='cuda:0'), 'lr': 0.023448410959195577, 'train/prefecth_time': 0.17162342834472658, 'train/run_time': 0.24620953369140625, 'eval/loss': tensor(1.6091, device='cuda:0'), 'eval/top-1-acc': 0.6622, 'eval/top-5-acc': 0.959, 'eval/precision': 0.6614262951327893, 'eval/recall': 0.6622, 'eval/F1': 0.6582628531783782, 'eval/AUC': 0.9307357944444444}, BEST_EVAL_ACC: 0.6622, at 9800 iters
[2025-06-09 02:00:00,167 INFO] model saved: ./saved_models\fixmatch_cifar10_250_0\model_best.pth
[2025-06-09 02:00:45,993 INFO] confusion matrix:
[[0.74  0.034 0.031 0.024 0.006 0.005 0.02  0.022 0.07  0.048]
 [0.007 0.918 0.002 0.004 0.002 0.    0.001 0.006 0.003 0.057]
 [0.102 0.006 0.518 0.046 0.064 0.041 0.17  0.04  0.006 0.007]
 [0.025 0.012 0.104 0.485 0.044 0.12  0.113 0.059 0.019 0.019]
 [0.026 0.003 0.132 0.059 0.425 0.041 0.164 0.141 0.008 0.001]
 [0.011 0.006 0.15  0.222 0.054 0.453 0.043 0.051 0.004 0.006]
 [0.015 0.003 0.064 0.125 0.04  0.016 0.72  0.009 0.008 0.   ]
 [0.017 0.    0.087 0.025 0.106 0.051 0.009 0.693 0.002 0.01 ]
 [0.073 0.041 0.014 0.007 0.004 0.004 0.006 0.005 0.816 0.03 ]
 [0.019 0.059 0.011 0.011 0.003 0.    0.003 0.012 0.012 0.87 ]]
[2025-06-09 02:00:45,998 INFO] 9900 iteration, USE_EMA: True, {'train/sup_loss': tensor(0.0034, device='cuda:0'), 'train/unsup_loss': tensor(0.3724, device='cuda:0'), 'train/total_loss': tensor(0.3758, device='cuda:0'), 'train/mask_ratio': tensor(0.4479, device='cuda:0'), 'lr': 0.02331925895194131, 'train/prefecth_time': 0.16953305053710938, 'train/run_time': 0.24688925170898438, 'eval/loss': tensor(1.6039, device='cuda:0'), 'eval/top-1-acc': 0.6638, 'eval/top-5-acc': 0.9593, 'eval/precision': 0.6632848532337408, 'eval/recall': 0.6638, 'eval/F1': 0.6599904689466444, 'eval/AUC': 0.9313174888888889}, BEST_EVAL_ACC: 0.6638, at 9900 iters
[2025-06-09 02:00:46,046 INFO] model saved: ./saved_models\fixmatch_cifar10_250_0\model_best.pth
[2025-06-09 02:01:28,787 INFO] model saved: ./saved_models\fixmatch_cifar10_250_0\latest_model.pth
[2025-06-09 02:01:31,878 INFO] confusion matrix:
[[0.742 0.034 0.031 0.025 0.006 0.005 0.023 0.02  0.068 0.046]
 [0.006 0.92  0.002 0.004 0.002 0.    0.001 0.006 0.003 0.056]
 [0.103 0.005 0.517 0.046 0.066 0.038 0.172 0.04  0.006 0.007]
 [0.025 0.011 0.103 0.486 0.044 0.119 0.114 0.06  0.019 0.019]
 [0.025 0.003 0.13  0.056 0.42  0.04  0.17  0.148 0.007 0.001]
 [0.011 0.006 0.147 0.231 0.051 0.449 0.042 0.054 0.003 0.006]
 [0.014 0.003 0.064 0.122 0.038 0.016 0.725 0.009 0.009 0.   ]
 [0.017 0.    0.086 0.025 0.106 0.048 0.009 0.697 0.002 0.01 ]
 [0.076 0.039 0.014 0.007 0.004 0.004 0.006 0.005 0.817 0.028]
 [0.019 0.058 0.01  0.011 0.003 0.    0.003 0.012 0.012 0.872]]
[2025-06-09 02:01:31,883 INFO] 10000 iteration, USE_EMA: True, {'train/sup_loss': tensor(0.0027, device='cuda:0'), 'train/unsup_loss': tensor(0.2585, device='cuda:0'), 'train/total_loss': tensor(0.2612, device='cuda:0'), 'train/mask_ratio': tensor(0.4323, device='cuda:0'), 'lr': 0.023189005636406333, 'train/prefecth_time': 0.17375846862792968, 'train/run_time': 0.24608563232421876, 'eval/loss': tensor(1.6016, device='cuda:0'), 'eval/top-1-acc': 0.6645, 'eval/top-5-acc': 0.9596, 'eval/precision': 0.6641970329165241, 'eval/recall': 0.6645, 'eval/F1': 0.6604995294396047, 'eval/AUC': 0.9320533555555557}, BEST_EVAL_ACC: 0.6645, at 10000 iters
[2025-06-09 02:01:31,931 INFO] model saved: ./saved_models\fixmatch_cifar10_250_0\model_best.pth
[2025-06-09 02:02:17,160 INFO] confusion matrix:
[[0.738 0.033 0.032 0.027 0.005 0.005 0.023 0.021 0.07  0.046]
 [0.006 0.922 0.002 0.003 0.002 0.001 0.001 0.005 0.003 0.055]
 [0.102 0.005 0.519 0.045 0.061 0.039 0.179 0.037 0.006 0.007]
 [0.025 0.011 0.1   0.489 0.045 0.117 0.116 0.059 0.019 0.019]
 [0.025 0.003 0.127 0.062 0.425 0.041 0.169 0.141 0.007 0.   ]
 [0.011 0.006 0.14  0.237 0.048 0.449 0.044 0.055 0.003 0.007]
 [0.014 0.002 0.061 0.125 0.038 0.016 0.727 0.008 0.009 0.   ]
 [0.018 0.001 0.083 0.025 0.11  0.046 0.009 0.696 0.002 0.01 ]
 [0.072 0.042 0.013 0.007 0.004 0.004 0.006 0.005 0.819 0.028]
 [0.018 0.058 0.009 0.01  0.003 0.    0.004 0.012 0.012 0.874]]
[2025-06-09 02:02:17,164 INFO] 10100 iteration, USE_EMA: True, {'train/sup_loss': tensor(0.0088, device='cuda:0'), 'train/unsup_loss': tensor(0.2917, device='cuda:0'), 'train/total_loss': tensor(0.3005, device='cuda:0'), 'train/mask_ratio': tensor(0.3906, device='cuda:0'), 'lr': 0.023057657164117805, 'train/prefecth_time': 0.19631657409667969, 'train/run_time': 0.24663449096679688, 'eval/loss': tensor(1.5920, device='cuda:0'), 'eval/top-1-acc': 0.6658, 'eval/top-5-acc': 0.9604, 'eval/precision': 0.6656497107266249, 'eval/recall': 0.6658, 'eval/F1': 0.6618332763933308, 'eval/AUC': 0.9331242444444445}, BEST_EVAL_ACC: 0.6658, at 10100 iters
[2025-06-09 02:02:17,222 INFO] model saved: ./saved_models\fixmatch_cifar10_250_0\model_best.pth
[2025-06-09 02:03:02,544 INFO] confusion matrix:
[[0.74  0.032 0.031 0.026 0.006 0.005 0.025 0.022 0.068 0.045]
 [0.006 0.92  0.002 0.003 0.003 0.001 0.001 0.005 0.004 0.055]
 [0.103 0.007 0.517 0.046 0.062 0.037 0.179 0.037 0.005 0.007]
 [0.025 0.011 0.101 0.498 0.044 0.11  0.117 0.058 0.019 0.017]
 [0.026 0.003 0.125 0.061 0.431 0.038 0.17  0.139 0.006 0.001]
 [0.012 0.005 0.143 0.244 0.05  0.443 0.044 0.05  0.003 0.006]
 [0.014 0.002 0.058 0.125 0.04  0.016 0.728 0.007 0.009 0.001]
 [0.018 0.001 0.079 0.03  0.114 0.044 0.009 0.693 0.002 0.01 ]
 [0.072 0.043 0.012 0.007 0.005 0.004 0.006 0.004 0.819 0.028]
 [0.018 0.057 0.009 0.011 0.004 0.    0.003 0.012 0.013 0.873]]
[2025-06-09 02:03:02,550 INFO] 10200 iteration, USE_EMA: True, {'train/sup_loss': tensor(0.0057, device='cuda:0'), 'train/unsup_loss': tensor(0.2448, device='cuda:0'), 'train/total_loss': tensor(0.2505, device='cuda:0'), 'train/mask_ratio': tensor(0.4531, device='cuda:0'), 'lr': 0.02292521973832432, 'train/prefecth_time': 0.17792921447753907, 'train/run_time': 0.24588461303710937, 'eval/loss': tensor(1.5848, device='cuda:0'), 'eval/top-1-acc': 0.6662, 'eval/top-5-acc': 0.9613, 'eval/precision': 0.6666701958698094, 'eval/recall': 0.6662000000000001, 'eval/F1': 0.6624406171573662, 'eval/AUC': 0.933851511111111}, BEST_EVAL_ACC: 0.6662, at 10200 iters
[2025-06-09 02:03:02,600 INFO] model saved: ./saved_models\fixmatch_cifar10_250_0\model_best.pth
[2025-06-09 02:03:48,184 INFO] confusion matrix:
[[0.746 0.029 0.03  0.023 0.006 0.005 0.027 0.024 0.065 0.045]
 [0.006 0.92  0.002 0.003 0.003 0.001 0.001 0.004 0.004 0.056]
 [0.103 0.007 0.517 0.047 0.065 0.034 0.18  0.036 0.004 0.007]
 [0.026 0.011 0.097 0.51  0.043 0.101 0.118 0.059 0.018 0.017]
 [0.026 0.003 0.122 0.061 0.434 0.038 0.168 0.141 0.006 0.001]
 [0.012 0.004 0.136 0.26  0.052 0.435 0.041 0.051 0.003 0.006]
 [0.014 0.002 0.056 0.122 0.041 0.015 0.732 0.008 0.009 0.001]
 [0.018 0.001 0.08  0.034 0.116 0.041 0.009 0.69  0.002 0.009]
 [0.073 0.044 0.011 0.007 0.006 0.005 0.006 0.004 0.817 0.027]
 [0.018 0.058 0.008 0.011 0.004 0.    0.003 0.013 0.013 0.872]]
[2025-06-09 02:03:48,192 INFO] 10300 iteration, USE_EMA: True, {'train/sup_loss': tensor(0.0082, device='cuda:0'), 'train/unsup_loss': tensor(0.2415, device='cuda:0'), 'train/total_loss': tensor(0.2497, device='cuda:0'), 'train/mask_ratio': tensor(0.4531, device='cuda:0'), 'lr': 0.02279169961370292, 'train/prefecth_time': 0.1723555908203125, 'train/run_time': 0.24652902221679687, 'eval/loss': tensor(1.5795, device='cuda:0'), 'eval/top-1-acc': 0.6673, 'eval/top-5-acc': 0.9617, 'eval/precision': 0.6683381896926589, 'eval/recall': 0.6673, 'eval/F1': 0.663535806670243, 'eval/AUC': 0.9345282611111115}, BEST_EVAL_ACC: 0.6673, at 10300 iters
[2025-06-09 02:03:48,236 INFO] model saved: ./saved_models\fixmatch_cifar10_250_0\model_best.pth
[2025-06-09 02:04:33,818 INFO] confusion matrix:
[[0.744 0.03  0.032 0.02  0.006 0.005 0.027 0.024 0.064 0.048]
 [0.006 0.922 0.002 0.003 0.003 0.002 0.001 0.004 0.003 0.054]
 [0.102 0.007 0.516 0.048 0.069 0.034 0.179 0.034 0.004 0.007]
 [0.026 0.011 0.096 0.512 0.042 0.102 0.116 0.059 0.019 0.017]
 [0.026 0.002 0.115 0.059 0.446 0.036 0.17  0.14  0.006 0.   ]
 [0.011 0.004 0.129 0.267 0.049 0.438 0.04  0.052 0.003 0.007]
 [0.015 0.003 0.057 0.118 0.041 0.013 0.736 0.008 0.008 0.001]
 [0.018 0.001 0.078 0.033 0.114 0.042 0.009 0.695 0.002 0.008]
 [0.073 0.045 0.012 0.006 0.006 0.004 0.006 0.003 0.817 0.028]
 [0.018 0.06  0.008 0.011 0.004 0.    0.003 0.013 0.011 0.872]]
[2025-06-09 02:04:33,823 INFO] 10400 iteration, USE_EMA: True, {'train/sup_loss': tensor(0.0025, device='cuda:0'), 'train/unsup_loss': tensor(0.2449, device='cuda:0'), 'train/total_loss': tensor(0.2474, device='cuda:0'), 'train/mask_ratio': tensor(0.4792, device='cuda:0'), 'lr': 0.022657103096063724, 'train/prefecth_time': 0.19468170166015625, 'train/run_time': 0.24659353637695314, 'eval/loss': tensor(1.5677, device='cuda:0'), 'eval/top-1-acc': 0.6698, 'eval/top-5-acc': 0.9621, 'eval/precision': 0.6708847205839101, 'eval/recall': 0.6698000000000001, 'eval/F1': 0.6660973094377571, 'eval/AUC': 0.9355102166666667}, BEST_EVAL_ACC: 0.6698, at 10400 iters
[2025-06-09 02:04:33,868 INFO] model saved: ./saved_models\fixmatch_cifar10_250_0\model_best.pth
[2025-06-09 02:05:19,473 INFO] confusion matrix:
[[0.749 0.029 0.033 0.018 0.006 0.005 0.026 0.023 0.066 0.045]
 [0.006 0.919 0.002 0.002 0.003 0.001 0.001 0.005 0.002 0.059]
 [0.104 0.006 0.515 0.048 0.069 0.033 0.181 0.033 0.004 0.007]
 [0.024 0.012 0.097 0.516 0.042 0.098 0.118 0.058 0.019 0.016]
 [0.026 0.002 0.112 0.059 0.451 0.036 0.17  0.137 0.006 0.001]
 [0.011 0.004 0.131 0.272 0.049 0.431 0.041 0.053 0.003 0.005]
 [0.015 0.003 0.057 0.119 0.04  0.013 0.736 0.008 0.008 0.001]
 [0.019 0.    0.08  0.032 0.112 0.04  0.009 0.698 0.002 0.008]
 [0.074 0.044 0.013 0.005 0.007 0.003 0.006 0.003 0.816 0.029]
 [0.018 0.058 0.008 0.011 0.004 0.    0.003 0.013 0.01  0.875]]
[2025-06-09 02:05:19,478 INFO] 10500 iteration, USE_EMA: True, {'train/sup_loss': tensor(0.0040, device='cuda:0'), 'train/unsup_loss': tensor(0.1986, device='cuda:0'), 'train/total_loss': tensor(0.2026, device='cuda:0'), 'train/mask_ratio': tensor(0.4427, device='cuda:0'), 'lr': 0.022521436542052093, 'train/prefecth_time': 0.17909759521484375, 'train/run_time': 0.24609280395507813, 'eval/loss': tensor(1.5616, device='cuda:0'), 'eval/top-1-acc': 0.6706, 'eval/top-5-acc': 0.9613, 'eval/precision': 0.672211257233906, 'eval/recall': 0.6706000000000001, 'eval/F1': 0.6669026476841439, 'eval/AUC': 0.9362438611111111}, BEST_EVAL_ACC: 0.6706, at 10500 iters
[2025-06-09 02:05:19,532 INFO] model saved: ./saved_models\fixmatch_cifar10_250_0\model_best.pth
[2025-06-09 02:06:04,736 INFO] confusion matrix:
[[0.754 0.029 0.032 0.016 0.006 0.005 0.026 0.022 0.063 0.047]
 [0.006 0.927 0.001 0.002 0.002 0.001 0.001 0.004 0.002 0.054]
 [0.103 0.006 0.519 0.047 0.069 0.033 0.18  0.032 0.004 0.007]
 [0.024 0.012 0.097 0.512 0.043 0.095 0.121 0.059 0.021 0.016]
 [0.026 0.002 0.113 0.058 0.452 0.034 0.171 0.136 0.006 0.002]
 [0.011 0.004 0.131 0.274 0.051 0.431 0.041 0.051 0.003 0.003]
 [0.014 0.003 0.055 0.12  0.039 0.013 0.739 0.008 0.009 0.   ]
 [0.018 0.    0.084 0.031 0.112 0.037 0.009 0.698 0.002 0.009]
 [0.071 0.044 0.013 0.005 0.006 0.002 0.007 0.003 0.821 0.028]
 [0.017 0.056 0.008 0.011 0.004 0.    0.003 0.013 0.01  0.878]]
[2025-06-09 02:06:04,741 INFO] 10600 iteration, USE_EMA: True, {'train/sup_loss': tensor(0.0253, device='cuda:0'), 'train/unsup_loss': tensor(0.3667, device='cuda:0'), 'train/total_loss': tensor(0.3920, device='cuda:0'), 'train/mask_ratio': tensor(0.4323, device='cuda:0'), 'lr': 0.022384706358848455, 'train/prefecth_time': 0.16441360473632813, 'train/run_time': 0.24566680908203126, 'eval/loss': tensor(1.5548, device='cuda:0'), 'eval/top-1-acc': 0.6731, 'eval/top-5-acc': 0.9613, 'eval/precision': 0.6748602399883648, 'eval/recall': 0.6731, 'eval/F1': 0.6692789499373417, 'eval/AUC': 0.9369351666666669}, BEST_EVAL_ACC: 0.6731, at 10600 iters
[2025-06-09 02:06:04,787 INFO] model saved: ./saved_models\fixmatch_cifar10_250_0\model_best.pth
[2025-06-09 02:06:50,473 INFO] confusion matrix:
[[0.749 0.028 0.034 0.018 0.007 0.005 0.026 0.02  0.066 0.047]
 [0.005 0.929 0.001 0.002 0.002 0.001 0.001 0.004 0.002 0.053]
 [0.104 0.006 0.515 0.048 0.068 0.031 0.182 0.034 0.004 0.008]
 [0.025 0.011 0.096 0.515 0.043 0.094 0.124 0.056 0.021 0.015]
 [0.027 0.002 0.111 0.057 0.453 0.036 0.167 0.139 0.006 0.002]
 [0.011 0.004 0.124 0.279 0.05  0.434 0.041 0.051 0.003 0.003]
 [0.015 0.003 0.05  0.121 0.039 0.013 0.742 0.008 0.009 0.   ]
 [0.018 0.    0.079 0.032 0.113 0.038 0.009 0.7   0.002 0.009]
 [0.069 0.044 0.012 0.005 0.006 0.003 0.006 0.003 0.825 0.027]
 [0.017 0.055 0.008 0.011 0.004 0.    0.003 0.013 0.012 0.877]]
[2025-06-09 02:06:50,481 INFO] 10700 iteration, USE_EMA: True, {'train/sup_loss': tensor(0.0007, device='cuda:0'), 'train/unsup_loss': tensor(0.2577, device='cuda:0'), 'train/total_loss': tensor(0.2584, device='cuda:0'), 'train/mask_ratio': tensor(0.3698, device='cuda:0'), 'lr': 0.02224691900386568, 'train/prefecth_time': 0.18983247375488282, 'train/run_time': 0.24543232727050782, 'eval/loss': tensor(1.5390, device='cuda:0'), 'eval/top-1-acc': 0.6739, 'eval/top-5-acc': 0.9618, 'eval/precision': 0.675394316718563, 'eval/recall': 0.6738999999999999, 'eval/F1': 0.6700252165999004, 'eval/AUC': 0.9377854333333333}, BEST_EVAL_ACC: 0.6739, at 10700 iters
[2025-06-09 02:06:50,532 INFO] model saved: ./saved_models\fixmatch_cifar10_250_0\model_best.pth
[2025-06-09 02:07:36,461 INFO] confusion matrix:
[[0.748 0.028 0.036 0.017 0.005 0.005 0.028 0.022 0.063 0.048]
 [0.005 0.93  0.002 0.002 0.002 0.001 0.001 0.004 0.001 0.052]
 [0.102 0.006 0.516 0.05  0.067 0.031 0.183 0.033 0.004 0.008]
 [0.023 0.011 0.095 0.518 0.043 0.097 0.118 0.057 0.021 0.017]
 [0.026 0.002 0.104 0.057 0.459 0.035 0.17  0.139 0.007 0.001]
 [0.011 0.004 0.121 0.277 0.052 0.436 0.04  0.053 0.003 0.003]
 [0.015 0.003 0.051 0.117 0.036 0.014 0.746 0.008 0.01  0.   ]
 [0.017 0.    0.075 0.03  0.109 0.04  0.009 0.71  0.001 0.009]
 [0.064 0.044 0.013 0.005 0.005 0.003 0.006 0.003 0.83  0.027]
 [0.017 0.055 0.008 0.011 0.004 0.    0.003 0.013 0.011 0.878]]
[2025-06-09 02:07:36,467 INFO] 10800 iteration, USE_EMA: True, {'train/sup_loss': tensor(0.0062, device='cuda:0'), 'train/unsup_loss': tensor(0.3334, device='cuda:0'), 'train/total_loss': tensor(0.3397, device='cuda:0'), 'train/mask_ratio': tensor(0.4062, device='cuda:0'), 'lr': 0.022108080984444126, 'train/prefecth_time': 0.18019815063476563, 'train/run_time': 0.2469171142578125, 'eval/loss': tensor(1.5280, device='cuda:0'), 'eval/top-1-acc': 0.6771, 'eval/top-5-acc': 0.9625, 'eval/precision': 0.6783201518911961, 'eval/recall': 0.6771, 'eval/F1': 0.6731527410204549, 'eval/AUC': 0.9385396055555554}, BEST_EVAL_ACC: 0.6771, at 10800 iters
[2025-06-09 02:07:36,523 INFO] model saved: ./saved_models\fixmatch_cifar10_250_0\model_best.pth
[2025-06-09 02:08:22,362 INFO] confusion matrix:
[[0.747 0.028 0.039 0.014 0.006 0.005 0.028 0.023 0.064 0.046]
 [0.004 0.932 0.002 0.002 0.002 0.001 0.001 0.004 0.002 0.05 ]
 [0.097 0.006 0.524 0.047 0.067 0.032 0.184 0.031 0.005 0.007]
 [0.023 0.011 0.1   0.514 0.043 0.101 0.116 0.053 0.022 0.017]
 [0.026 0.002 0.1   0.056 0.472 0.036 0.162 0.138 0.007 0.001]
 [0.012 0.003 0.121 0.27  0.053 0.443 0.038 0.053 0.003 0.004]
 [0.014 0.003 0.052 0.117 0.034 0.016 0.746 0.008 0.01  0.   ]
 [0.017 0.    0.077 0.028 0.106 0.04  0.009 0.712 0.001 0.01 ]
 [0.061 0.044 0.014 0.005 0.003 0.003 0.005 0.003 0.833 0.029]
 [0.017 0.054 0.009 0.011 0.004 0.    0.003 0.012 0.011 0.879]]
[2025-06-09 02:08:22,367 INFO] 10900 iteration, USE_EMA: True, {'train/sup_loss': tensor(0.0087, device='cuda:0'), 'train/unsup_loss': tensor(0.4271, device='cuda:0'), 'train/total_loss': tensor(0.4359, device='cuda:0'), 'train/mask_ratio': tensor(0.4010, device='cuda:0'), 'lr': 0.02196819885754433, 'train/prefecth_time': 0.18546882629394532, 'train/run_time': 0.24605360412597657, 'eval/loss': tensor(1.5138, device='cuda:0'), 'eval/top-1-acc': 0.6802, 'eval/top-5-acc': 0.9635, 'eval/precision': 0.6810366137854375, 'eval/recall': 0.6801999999999999, 'eval/F1': 0.6764585103099672, 'eval/AUC': 0.9395593111111111}, BEST_EVAL_ACC: 0.6802, at 10900 iters
[2025-06-09 02:08:22,412 INFO] model saved: ./saved_models\fixmatch_cifar10_250_0\model_best.pth
[2025-06-09 02:09:08,136 INFO] confusion matrix:
[[0.751 0.029 0.04  0.013 0.005 0.005 0.028 0.023 0.06  0.046]
 [0.004 0.935 0.002 0.002 0.002 0.001 0.001 0.004 0.001 0.048]
 [0.096 0.006 0.527 0.045 0.067 0.036 0.181 0.031 0.005 0.006]
 [0.024 0.011 0.1   0.512 0.042 0.101 0.118 0.053 0.022 0.017]
 [0.026 0.002 0.095 0.056 0.47  0.036 0.165 0.141 0.008 0.001]
 [0.013 0.003 0.121 0.256 0.053 0.453 0.04  0.054 0.003 0.004]
 [0.015 0.003 0.052 0.119 0.034 0.015 0.746 0.007 0.009 0.   ]
 [0.016 0.001 0.076 0.028 0.103 0.04  0.009 0.716 0.001 0.01 ]
 [0.059 0.045 0.013 0.005 0.003 0.003 0.005 0.003 0.835 0.029]
 [0.017 0.057 0.009 0.011 0.004 0.    0.003 0.011 0.01  0.878]]
[2025-06-09 02:09:08,139 INFO] 11000 iteration, USE_EMA: True, {'train/sup_loss': tensor(0.0031, device='cuda:0'), 'train/unsup_loss': tensor(0.1971, device='cuda:0'), 'train/total_loss': tensor(0.2002, device='cuda:0'), 'train/mask_ratio': tensor(0.4375, device='cuda:0'), 'lr': 0.021827279229437307, 'train/prefecth_time': 0.20699455261230468, 'train/run_time': 0.24628941345214844, 'eval/loss': tensor(1.5041, device='cuda:0'), 'eval/top-1-acc': 0.6823, 'eval/top-5-acc': 0.9632, 'eval/precision': 0.682915658633269, 'eval/recall': 0.6822999999999999, 'eval/F1': 0.6785173665234583, 'eval/AUC': 0.9403357999999998}, BEST_EVAL_ACC: 0.6823, at 11000 iters
[2025-06-09 02:09:08,197 INFO] model saved: ./saved_models\fixmatch_cifar10_250_0\model_best.pth
[2025-06-09 02:09:53,531 INFO] confusion matrix:
[[0.75  0.03  0.04  0.012 0.005 0.005 0.03  0.024 0.058 0.046]
 [0.004 0.937 0.002 0.002 0.002 0.001 0.001 0.004 0.001 0.046]
 [0.096 0.005 0.536 0.045 0.064 0.035 0.181 0.027 0.004 0.007]
 [0.022 0.011 0.101 0.512 0.043 0.102 0.116 0.054 0.023 0.016]
 [0.027 0.002 0.099 0.055 0.47  0.037 0.162 0.14  0.007 0.001]
 [0.012 0.003 0.127 0.25  0.053 0.457 0.039 0.052 0.003 0.004]
 [0.015 0.003 0.053 0.119 0.034 0.016 0.745 0.006 0.009 0.   ]
 [0.015 0.001 0.077 0.027 0.1   0.041 0.009 0.72  0.002 0.008]
 [0.058 0.045 0.016 0.005 0.003 0.002 0.005 0.003 0.836 0.027]
 [0.016 0.057 0.009 0.012 0.004 0.    0.003 0.011 0.01  0.878]]
[2025-06-09 02:09:53,535 INFO] 11100 iteration, USE_EMA: True, {'train/sup_loss': tensor(0.0042, device='cuda:0'), 'train/unsup_loss': tensor(0.3383, device='cuda:0'), 'train/total_loss': tensor(0.3425, device='cuda:0'), 'train/mask_ratio': tensor(0.4062, device='cuda:0'), 'lr': 0.021685328755392582, 'train/prefecth_time': 0.1711964111328125, 'train/run_time': 0.24619903564453124, 'eval/loss': tensor(1.4986, device='cuda:0'), 'eval/top-1-acc': 0.6841, 'eval/top-5-acc': 0.9632, 'eval/precision': 0.6850466491702987, 'eval/recall': 0.6841000000000002, 'eval/F1': 0.6805323579648654, 'eval/AUC': 0.9408177388888889}, BEST_EVAL_ACC: 0.6841, at 11100 iters
[2025-06-09 02:09:53,582 INFO] model saved: ./saved_models\fixmatch_cifar10_250_0\model_best.pth
[2025-06-09 02:10:38,450 INFO] confusion matrix:
[[0.751 0.03  0.043 0.012 0.006 0.005 0.028 0.025 0.057 0.043]
 [0.003 0.938 0.002 0.002 0.002 0.001 0.001 0.004 0.001 0.046]
 [0.091 0.005 0.546 0.042 0.062 0.035 0.179 0.029 0.004 0.007]
 [0.02  0.01  0.102 0.515 0.042 0.102 0.116 0.055 0.023 0.015]
 [0.027 0.002 0.098 0.053 0.473 0.036 0.162 0.141 0.007 0.001]
 [0.012 0.003 0.124 0.252 0.052 0.463 0.037 0.051 0.003 0.003]
 [0.012 0.004 0.057 0.12  0.035 0.014 0.744 0.006 0.008 0.   ]
 [0.013 0.001 0.078 0.026 0.099 0.04  0.008 0.728 0.001 0.006]
 [0.056 0.044 0.015 0.006 0.003 0.003 0.005 0.003 0.837 0.028]
 [0.013 0.056 0.009 0.011 0.004 0.    0.003 0.012 0.009 0.883]]
[2025-06-09 02:10:38,455 INFO] 11200 iteration, USE_EMA: True, {'train/sup_loss': tensor(0.0026, device='cuda:0'), 'train/unsup_loss': tensor(0.2687, device='cuda:0'), 'train/total_loss': tensor(0.2712, device='cuda:0'), 'train/mask_ratio': tensor(0.3958, device='cuda:0'), 'lr': 0.02154235413936386, 'train/prefecth_time': 0.16629852294921876, 'train/run_time': 0.24620620727539064, 'eval/loss': tensor(1.4875, device='cuda:0'), 'eval/top-1-acc': 0.6878, 'eval/top-5-acc': 0.9635, 'eval/precision': 0.6892352010295668, 'eval/recall': 0.6878, 'eval/F1': 0.6845016955961947, 'eval/AUC': 0.9414988444444445}, BEST_EVAL_ACC: 0.6878, at 11200 iters
[2025-06-09 02:10:38,506 INFO] model saved: ./saved_models\fixmatch_cifar10_250_0\model_best.pth
[2025-06-09 02:11:24,380 INFO] confusion matrix:
[[0.75  0.03  0.045 0.012 0.006 0.005 0.027 0.025 0.057 0.043]
 [0.003 0.938 0.003 0.002 0.002 0.001 0.001 0.004 0.001 0.045]
 [0.091 0.003 0.555 0.044 0.06  0.031 0.178 0.029 0.003 0.006]
 [0.021 0.009 0.102 0.52  0.042 0.098 0.115 0.055 0.023 0.015]
 [0.029 0.003 0.097 0.053 0.474 0.033 0.161 0.144 0.005 0.001]
 [0.012 0.003 0.125 0.257 0.05  0.458 0.037 0.052 0.003 0.003]
 [0.012 0.004 0.057 0.12  0.033 0.013 0.746 0.007 0.008 0.   ]
 [0.011 0.001 0.081 0.027 0.095 0.039 0.008 0.732 0.002 0.004]
 [0.055 0.043 0.017 0.004 0.003 0.002 0.006 0.004 0.84  0.026]
 [0.014 0.055 0.009 0.01  0.004 0.    0.003 0.012 0.007 0.886]]
[2025-06-09 02:11:24,387 INFO] 11300 iteration, USE_EMA: True, {'train/sup_loss': tensor(0.0037, device='cuda:0'), 'train/unsup_loss': tensor(0.3546, device='cuda:0'), 'train/total_loss': tensor(0.3583, device='cuda:0'), 'train/mask_ratio': tensor(0.3854, device='cuda:0'), 'lr': 0.021398362133672428, 'train/prefecth_time': 0.1927216339111328, 'train/run_time': 0.24568794250488282, 'eval/loss': tensor(1.4808, device='cuda:0'), 'eval/top-1-acc': 0.6899, 'eval/top-5-acc': 0.9645, 'eval/precision': 0.6923221402948478, 'eval/recall': 0.6899, 'eval/F1': 0.6866765214138315, 'eval/AUC': 0.9421390888888889}, BEST_EVAL_ACC: 0.6899, at 11300 iters
[2025-06-09 02:11:24,433 INFO] model saved: ./saved_models\fixmatch_cifar10_250_0\model_best.pth
[2025-06-09 02:12:10,409 INFO] confusion matrix:
[[0.753 0.029 0.044 0.012 0.007 0.005 0.026 0.024 0.055 0.045]
 [0.003 0.941 0.003 0.002 0.002 0.001 0.001 0.004 0.001 0.042]
 [0.093 0.004 0.554 0.04  0.059 0.032 0.18  0.03  0.002 0.006]
 [0.021 0.008 0.103 0.513 0.041 0.1   0.121 0.055 0.023 0.015]
 [0.028 0.003 0.095 0.051 0.479 0.033 0.163 0.141 0.006 0.001]
 [0.012 0.003 0.124 0.253 0.052 0.464 0.038 0.048 0.003 0.003]
 [0.012 0.003 0.056 0.12  0.032 0.013 0.75  0.006 0.008 0.   ]
 [0.011 0.    0.078 0.026 0.091 0.041 0.009 0.738 0.002 0.004]
 [0.054 0.044 0.018 0.004 0.003 0.001 0.006 0.004 0.839 0.027]
 [0.013 0.055 0.009 0.01  0.004 0.    0.003 0.011 0.008 0.887]]
[2025-06-09 02:12:10,414 INFO] 11400 iteration, USE_EMA: True, {'train/sup_loss': tensor(0.0049, device='cuda:0'), 'train/unsup_loss': tensor(0.2453, device='cuda:0'), 'train/total_loss': tensor(0.2502, device='cuda:0'), 'train/mask_ratio': tensor(0.4167, device='cuda:0'), 'lr': 0.021253359538688253, 'train/prefecth_time': 0.19203584289550782, 'train/run_time': 0.24593817138671875, 'eval/loss': tensor(1.4731, device='cuda:0'), 'eval/top-1-acc': 0.6918, 'eval/top-5-acc': 0.9652, 'eval/precision': 0.6940438155013926, 'eval/recall': 0.6918000000000001, 'eval/F1': 0.6885586808270101, 'eval/AUC': 0.9428140277777778}, BEST_EVAL_ACC: 0.6918, at 11400 iters
[2025-06-09 02:12:10,461 INFO] model saved: ./saved_models\fixmatch_cifar10_250_0\model_best.pth
[2025-06-09 02:12:55,982 INFO] confusion matrix:
[[0.754 0.028 0.043 0.013 0.006 0.005 0.027 0.024 0.053 0.047]
 [0.003 0.942 0.003 0.001 0.002 0.001 0.001 0.004 0.001 0.042]
 [0.095 0.003 0.556 0.039 0.058 0.032 0.181 0.028 0.002 0.006]
 [0.02  0.007 0.101 0.519 0.04  0.098 0.122 0.055 0.024 0.014]
 [0.027 0.002 0.09  0.052 0.489 0.031 0.162 0.139 0.007 0.001]
 [0.009 0.003 0.123 0.256 0.053 0.461 0.039 0.048 0.005 0.003]
 [0.012 0.003 0.054 0.117 0.033 0.013 0.754 0.006 0.008 0.   ]
 [0.011 0.    0.078 0.027 0.097 0.04  0.009 0.732 0.002 0.004]
 [0.054 0.043 0.018 0.004 0.003 0.001 0.006 0.004 0.841 0.026]
 [0.013 0.055 0.008 0.011 0.004 0.    0.003 0.011 0.009 0.886]]
[2025-06-09 02:12:55,987 INFO] 11500 iteration, USE_EMA: True, {'train/sup_loss': tensor(0.0086, device='cuda:0'), 'train/unsup_loss': tensor(0.2887, device='cuda:0'), 'train/total_loss': tensor(0.2973, device='cuda:0'), 'train/mask_ratio': tensor(0.3438, device='cuda:0'), 'lr': 0.021107353202508818, 'train/prefecth_time': 0.18842112731933594, 'train/run_time': 0.246297607421875, 'eval/loss': tensor(1.4597, device='cuda:0'), 'eval/top-1-acc': 0.6934, 'eval/top-5-acc': 0.9657, 'eval/precision': 0.69581408855934, 'eval/recall': 0.6934, 'eval/F1': 0.6902538884417033, 'eval/AUC': 0.9436039722222223}, BEST_EVAL_ACC: 0.6934, at 11500 iters
[2025-06-09 02:12:56,037 INFO] model saved: ./saved_models\fixmatch_cifar10_250_0\model_best.pth
[2025-06-09 02:13:41,606 INFO] confusion matrix:
[[0.757 0.028 0.041 0.012 0.007 0.005 0.027 0.024 0.052 0.047]
 [0.003 0.942 0.003 0.001 0.002 0.001 0.001 0.004 0.001 0.042]
 [0.091 0.003 0.559 0.038 0.062 0.035 0.179 0.026 0.002 0.005]
 [0.02  0.007 0.099 0.518 0.039 0.1   0.124 0.055 0.024 0.014]
 [0.027 0.003 0.09  0.051 0.487 0.032 0.162 0.139 0.008 0.001]
 [0.01  0.003 0.122 0.249 0.054 0.464 0.043 0.047 0.005 0.003]
 [0.012 0.003 0.053 0.116 0.031 0.013 0.759 0.005 0.008 0.   ]
 [0.01  0.001 0.079 0.027 0.09  0.037 0.009 0.742 0.001 0.004]
 [0.052 0.042 0.017 0.004 0.003 0.001 0.006 0.003 0.845 0.027]
 [0.013 0.055 0.009 0.01  0.004 0.    0.003 0.01  0.009 0.887]]
[2025-06-09 02:13:41,611 INFO] 11600 iteration, USE_EMA: True, {'train/sup_loss': tensor(0.0108, device='cuda:0'), 'train/unsup_loss': tensor(0.2569, device='cuda:0'), 'train/total_loss': tensor(0.2676, device='cuda:0'), 'train/mask_ratio': tensor(0.3438, device='cuda:0'), 'lr': 0.020960350020635704, 'train/prefecth_time': 0.17732095336914064, 'train/run_time': 0.2452193603515625, 'eval/loss': tensor(1.4529, device='cuda:0'), 'eval/top-1-acc': 0.696, 'eval/top-5-acc': 0.966, 'eval/precision': 0.6980681777769739, 'eval/recall': 0.696, 'eval/F1': 0.6926591176724753, 'eval/AUC': 0.9442828333333332}, BEST_EVAL_ACC: 0.696, at 11600 iters
[2025-06-09 02:13:41,659 INFO] model saved: ./saved_models\fixmatch_cifar10_250_0\model_best.pth
[2025-06-09 02:14:26,577 INFO] confusion matrix:
[[0.757 0.028 0.042 0.011 0.007 0.005 0.028 0.023 0.052 0.047]
 [0.003 0.942 0.003 0.001 0.002 0.001 0.001 0.005 0.001 0.041]
 [0.09  0.004 0.567 0.035 0.063 0.031 0.174 0.027 0.002 0.007]
 [0.02  0.007 0.099 0.511 0.038 0.098 0.13  0.057 0.024 0.016]
 [0.025 0.003 0.088 0.051 0.493 0.029 0.162 0.141 0.007 0.001]
 [0.009 0.003 0.122 0.249 0.054 0.463 0.044 0.049 0.004 0.003]
 [0.012 0.003 0.052 0.112 0.03  0.013 0.763 0.006 0.008 0.001]
 [0.01  0.001 0.077 0.026 0.087 0.038 0.009 0.746 0.002 0.004]
 [0.05  0.04  0.017 0.004 0.003 0.001 0.006 0.003 0.849 0.027]
 [0.014 0.052 0.009 0.008 0.005 0.    0.003 0.009 0.009 0.891]]
[2025-06-09 02:14:26,582 INFO] 11700 iteration, USE_EMA: True, {'train/sup_loss': tensor(0.0064, device='cuda:0'), 'train/unsup_loss': tensor(0.2587, device='cuda:0'), 'train/total_loss': tensor(0.2650, device='cuda:0'), 'train/mask_ratio': tensor(0.3698, device='cuda:0'), 'lr': 0.02081235693564895, 'train/prefecth_time': 0.1785496368408203, 'train/run_time': 0.2460596160888672, 'eval/loss': tensor(1.4434, device='cuda:0'), 'eval/top-1-acc': 0.6982, 'eval/top-5-acc': 0.9661, 'eval/precision': 0.7003114066951923, 'eval/recall': 0.6981999999999999, 'eval/F1': 0.6946830456208616, 'eval/AUC': 0.9450052499999998}, BEST_EVAL_ACC: 0.6982, at 11700 iters
[2025-06-09 02:14:26,630 INFO] model saved: ./saved_models\fixmatch_cifar10_250_0\model_best.pth
[2025-06-09 02:15:11,904 INFO] confusion matrix:
[[0.758 0.028 0.038 0.012 0.007 0.005 0.03  0.023 0.052 0.047]
 [0.003 0.942 0.003 0.001 0.002 0.001 0.001 0.003 0.001 0.043]
 [0.088 0.003 0.566 0.035 0.061 0.032 0.178 0.027 0.002 0.008]
 [0.019 0.008 0.1   0.512 0.038 0.098 0.131 0.056 0.022 0.016]
 [0.026 0.003 0.087 0.048 0.493 0.029 0.166 0.14  0.007 0.001]
 [0.009 0.003 0.118 0.252 0.052 0.463 0.043 0.052 0.005 0.003]
 [0.013 0.003 0.05  0.111 0.027 0.012 0.77  0.005 0.008 0.001]
 [0.009 0.    0.076 0.026 0.086 0.037 0.008 0.752 0.002 0.004]
 [0.05  0.042 0.016 0.004 0.003 0.001 0.006 0.003 0.848 0.027]
 [0.013 0.048 0.007 0.009 0.005 0.    0.003 0.009 0.009 0.897]]
[2025-06-09 02:15:11,908 INFO] 11800 iteration, USE_EMA: True, {'train/sup_loss': tensor(0.0038, device='cuda:0'), 'train/unsup_loss': tensor(0.2104, device='cuda:0'), 'train/total_loss': tensor(0.2142, device='cuda:0'), 'train/mask_ratio': tensor(0.3438, device='cuda:0'), 'lr': 0.020663380936879146, 'train/prefecth_time': 0.1720001983642578, 'train/run_time': 0.24560231018066406, 'eval/loss': tensor(1.4368, device='cuda:0'), 'eval/top-1-acc': 0.7001, 'eval/top-5-acc': 0.9663, 'eval/precision': 0.7022574010582031, 'eval/recall': 0.7001, 'eval/F1': 0.6963995665715877, 'eval/AUC': 0.9455843611111111}, BEST_EVAL_ACC: 0.7001, at 11800 iters
[2025-06-09 02:15:11,953 INFO] model saved: ./saved_models\fixmatch_cifar10_250_0\model_best.pth
[2025-06-09 02:15:57,772 INFO] confusion matrix:
[[0.757 0.029 0.039 0.011 0.007 0.004 0.03  0.023 0.055 0.045]
 [0.003 0.943 0.003 0.001 0.002 0.001 0.001 0.003 0.001 0.042]
 [0.086 0.003 0.572 0.033 0.061 0.031 0.177 0.028 0.003 0.006]
 [0.018 0.006 0.1   0.519 0.037 0.096 0.13  0.055 0.023 0.016]
 [0.026 0.003 0.085 0.046 0.497 0.029 0.168 0.138 0.007 0.001]
 [0.008 0.003 0.117 0.252 0.051 0.469 0.043 0.05  0.005 0.002]
 [0.014 0.003 0.049 0.108 0.027 0.011 0.773 0.006 0.008 0.001]
 [0.009 0.    0.08  0.025 0.082 0.037 0.008 0.753 0.002 0.004]
 [0.049 0.041 0.016 0.004 0.003 0.001 0.006 0.003 0.85  0.027]
 [0.013 0.047 0.007 0.009 0.005 0.    0.003 0.01  0.009 0.897]]
[2025-06-09 02:15:57,778 INFO] 11900 iteration, USE_EMA: True, {'train/sup_loss': tensor(0.0057, device='cuda:0'), 'train/unsup_loss': tensor(0.3225, device='cuda:0'), 'train/total_loss': tensor(0.3282, device='cuda:0'), 'train/mask_ratio': tensor(0.3854, device='cuda:0'), 'lr': 0.020513429060077353, 'train/prefecth_time': 0.18802198791503907, 'train/run_time': 0.2463426513671875, 'eval/loss': tensor(1.4249, device='cuda:0'), 'eval/top-1-acc': 0.703, 'eval/top-5-acc': 0.9675, 'eval/precision': 0.705584810646242, 'eval/recall': 0.703, 'eval/F1': 0.69946872220439, 'eval/AUC': 0.946284711111111}, BEST_EVAL_ACC: 0.703, at 11900 iters
[2025-06-09 02:15:57,826 INFO] model saved: ./saved_models\fixmatch_cifar10_250_0\model_best.pth
[2025-06-09 02:16:43,844 INFO] confusion matrix:
[[0.752 0.028 0.043 0.01  0.006 0.004 0.031 0.022 0.057 0.047]
 [0.003 0.945 0.003 0.001 0.002 0.001 0.001 0.003 0.001 0.04 ]
 [0.087 0.003 0.569 0.035 0.063 0.032 0.175 0.026 0.003 0.007]
 [0.018 0.006 0.102 0.518 0.035 0.093 0.131 0.056 0.025 0.016]
 [0.026 0.003 0.082 0.046 0.498 0.027 0.17  0.139 0.008 0.001]
 [0.007 0.003 0.114 0.25  0.048 0.472 0.048 0.051 0.005 0.002]
 [0.014 0.004 0.051 0.105 0.027 0.011 0.773 0.005 0.009 0.001]
 [0.012 0.    0.08  0.026 0.077 0.035 0.009 0.755 0.002 0.004]
 [0.049 0.039 0.015 0.005 0.003 0.001 0.006 0.003 0.852 0.027]
 [0.013 0.047 0.009 0.009 0.005 0.    0.003 0.01  0.009 0.895]]
[2025-06-09 02:16:43,853 INFO] 12000 iteration, USE_EMA: True, {'train/sup_loss': tensor(0.0072, device='cuda:0'), 'train/unsup_loss': tensor(0.3122, device='cuda:0'), 'train/total_loss': tensor(0.3194, device='cuda:0'), 'train/mask_ratio': tensor(0.3906, device='cuda:0'), 'lr': 0.02036250838708284, 'train/prefecth_time': 0.16919552612304686, 'train/run_time': 0.24532479858398437, 'eval/loss': tensor(1.4190, device='cuda:0'), 'eval/top-1-acc': 0.7029, 'eval/top-5-acc': 0.9678, 'eval/precision': 0.7058938026680248, 'eval/recall': 0.7029, 'eval/F1': 0.6993779549197218, 'eval/AUC': 0.9468591444444445}, BEST_EVAL_ACC: 0.703, at 11900 iters
[2025-06-09 02:17:29,636 INFO] confusion matrix:
[[0.759 0.03  0.04  0.009 0.006 0.004 0.031 0.02  0.054 0.047]
 [0.003 0.946 0.003 0.001 0.002 0.001 0.001 0.003 0.001 0.039]
 [0.088 0.003 0.568 0.035 0.063 0.032 0.175 0.026 0.003 0.007]
 [0.018 0.006 0.103 0.524 0.034 0.087 0.137 0.053 0.022 0.016]
 [0.024 0.003 0.081 0.045 0.502 0.028 0.17  0.137 0.009 0.001]
 [0.007 0.003 0.116 0.254 0.045 0.467 0.05  0.051 0.005 0.002]
 [0.013 0.003 0.05  0.104 0.027 0.01  0.779 0.003 0.01  0.001]
 [0.011 0.    0.078 0.027 0.074 0.035 0.011 0.758 0.002 0.004]
 [0.049 0.039 0.014 0.005 0.003 0.001 0.006 0.003 0.853 0.027]
 [0.013 0.048 0.009 0.008 0.005 0.    0.004 0.01  0.008 0.895]]
[2025-06-09 02:17:29,642 INFO] 12100 iteration, USE_EMA: True, {'train/sup_loss': tensor(0.0022, device='cuda:0'), 'train/unsup_loss': tensor(0.3227, device='cuda:0'), 'train/total_loss': tensor(0.3249, device='cuda:0'), 'train/mask_ratio': tensor(0.4010, device='cuda:0'), 'lr': 0.020210626045488605, 'train/prefecth_time': 0.18022508239746093, 'train/run_time': 0.24577407836914061, 'eval/loss': tensor(1.4170, device='cuda:0'), 'eval/top-1-acc': 0.7051, 'eval/top-5-acc': 0.9684, 'eval/precision': 0.708724967784136, 'eval/recall': 0.7051000000000001, 'eval/F1': 0.701554206879411, 'eval/AUC': 0.9472876555555555}, BEST_EVAL_ACC: 0.7051, at 12100 iters
[2025-06-09 02:17:29,695 INFO] model saved: ./saved_models\fixmatch_cifar10_250_0\model_best.pth
[2025-06-09 02:18:15,070 INFO] confusion matrix:
[[0.761 0.03  0.039 0.009 0.006 0.004 0.031 0.019 0.054 0.047]
 [0.003 0.944 0.003 0.001 0.002 0.001 0.001 0.003 0.001 0.041]
 [0.088 0.004 0.569 0.034 0.063 0.032 0.176 0.025 0.003 0.006]
 [0.016 0.006 0.103 0.527 0.033 0.088 0.139 0.051 0.022 0.015]
 [0.024 0.002 0.08  0.044 0.504 0.028 0.176 0.133 0.008 0.001]
 [0.008 0.003 0.116 0.253 0.045 0.466 0.052 0.051 0.004 0.002]
 [0.013 0.003 0.05  0.101 0.023 0.01  0.786 0.003 0.01  0.001]
 [0.011 0.001 0.079 0.027 0.075 0.035 0.012 0.754 0.001 0.005]
 [0.047 0.038 0.016 0.005 0.003 0.    0.006 0.003 0.853 0.029]
 [0.013 0.047 0.009 0.008 0.005 0.    0.004 0.01  0.008 0.896]]
[2025-06-09 02:18:15,075 INFO] 12200 iteration, USE_EMA: True, {'train/sup_loss': tensor(0.0048, device='cuda:0'), 'train/unsup_loss': tensor(0.2001, device='cuda:0'), 'train/total_loss': tensor(0.2050, device='cuda:0'), 'train/mask_ratio': tensor(0.3906, device='cuda:0'), 'lr': 0.02005778920830477, 'train/prefecth_time': 0.16610716247558593, 'train/run_time': 0.24636892700195312, 'eval/loss': tensor(1.4127, device='cuda:0'), 'eval/top-1-acc': 0.706, 'eval/top-5-acc': 0.9685, 'eval/precision': 0.7100957238877428, 'eval/recall': 0.706, 'eval/F1': 0.702519012897638, 'eval/AUC': 0.9477364944444444}, BEST_EVAL_ACC: 0.706, at 12200 iters
[2025-06-09 02:18:15,121 INFO] model saved: ./saved_models\fixmatch_cifar10_250_0\model_best.pth
[2025-06-09 02:19:00,333 INFO] confusion matrix:
[[0.767 0.029 0.039 0.008 0.005 0.004 0.033 0.019 0.052 0.044]
 [0.003 0.944 0.003 0.001 0.002 0.001 0.001 0.003 0.001 0.041]
 [0.088 0.003 0.569 0.035 0.062 0.032 0.176 0.025 0.003 0.007]
 [0.018 0.006 0.101 0.525 0.033 0.092 0.141 0.049 0.02  0.015]
 [0.024 0.002 0.079 0.044 0.501 0.031 0.177 0.132 0.009 0.001]
 [0.008 0.003 0.112 0.254 0.043 0.477 0.051 0.046 0.004 0.002]
 [0.013 0.003 0.048 0.101 0.021 0.012 0.788 0.003 0.01  0.001]
 [0.01  0.001 0.081 0.027 0.073 0.035 0.012 0.756 0.001 0.004]
 [0.048 0.037 0.015 0.005 0.003 0.    0.007 0.003 0.855 0.027]
 [0.014 0.048 0.009 0.008 0.004 0.    0.004 0.01  0.008 0.895]]
[2025-06-09 02:19:00,338 INFO] 12300 iteration, USE_EMA: True, {'train/sup_loss': tensor(0.0052, device='cuda:0'), 'train/unsup_loss': tensor(0.2921, device='cuda:0'), 'train/total_loss': tensor(0.2973, device='cuda:0'), 'train/mask_ratio': tensor(0.4167, device='cuda:0'), 'lr': 0.01990400509361982, 'train/prefecth_time': 0.18320281982421874, 'train/run_time': 0.2473912353515625, 'eval/loss': tensor(1.4070, device='cuda:0'), 'eval/top-1-acc': 0.7077, 'eval/top-5-acc': 0.969, 'eval/precision': 0.711801733717613, 'eval/recall': 0.7077, 'eval/F1': 0.7043884500327444, 'eval/AUC': 0.9482677777777777}, BEST_EVAL_ACC: 0.7077, at 12300 iters
[2025-06-09 02:19:00,383 INFO] model saved: ./saved_models\fixmatch_cifar10_250_0\model_best.pth
[2025-06-09 02:19:46,237 INFO] confusion matrix:
[[0.767 0.027 0.043 0.008 0.006 0.005 0.03  0.019 0.052 0.043]
 [0.003 0.944 0.003 0.001 0.002 0.001 0.001 0.003 0.001 0.041]
 [0.085 0.003 0.574 0.036 0.061 0.031 0.177 0.024 0.002 0.007]
 [0.016 0.006 0.102 0.541 0.032 0.091 0.131 0.047 0.019 0.015]
 [0.024 0.002 0.078 0.047 0.497 0.032 0.178 0.13  0.011 0.001]
 [0.007 0.003 0.112 0.261 0.04  0.475 0.052 0.044 0.004 0.002]
 [0.012 0.003 0.047 0.105 0.02  0.012 0.787 0.003 0.01  0.001]
 [0.01  0.001 0.083 0.027 0.068 0.038 0.012 0.756 0.001 0.004]
 [0.048 0.038 0.016 0.005 0.002 0.    0.007 0.003 0.857 0.024]
 [0.013 0.048 0.01  0.009 0.004 0.    0.004 0.008 0.008 0.896]]
[2025-06-09 02:19:46,246 INFO] 12400 iteration, USE_EMA: True, {'train/sup_loss': tensor(0.0015, device='cuda:0'), 'train/unsup_loss': tensor(0.2605, device='cuda:0'), 'train/total_loss': tensor(0.2619, device='cuda:0'), 'train/mask_ratio': tensor(0.3802, device='cuda:0'), 'lr': 0.01974928096425969, 'train/prefecth_time': 0.19162725830078126, 'train/run_time': 0.24597401428222657, 'eval/loss': tensor(1.3947, device='cuda:0'), 'eval/top-1-acc': 0.7094, 'eval/top-5-acc': 0.9694, 'eval/precision': 0.7141207698777478, 'eval/recall': 0.7093999999999999, 'eval/F1': 0.7063072410232113, 'eval/AUC': 0.9489471888888887}, BEST_EVAL_ACC: 0.7094, at 12400 iters
[2025-06-09 02:19:46,293 INFO] model saved: ./saved_models\fixmatch_cifar10_250_0\model_best.pth
[2025-06-09 02:20:31,933 INFO] confusion matrix:
[[0.762 0.028 0.044 0.007 0.006 0.005 0.032 0.019 0.054 0.043]
 [0.003 0.945 0.002 0.001 0.002 0.001 0.001 0.003 0.001 0.041]
 [0.084 0.003 0.572 0.037 0.061 0.03  0.177 0.025 0.003 0.008]
 [0.015 0.006 0.099 0.54  0.032 0.093 0.133 0.048 0.019 0.015]
 [0.024 0.002 0.08  0.044 0.492 0.033 0.181 0.133 0.011 0.   ]
 [0.007 0.003 0.109 0.26  0.036 0.477 0.053 0.048 0.005 0.002]
 [0.012 0.003 0.046 0.106 0.021 0.012 0.785 0.004 0.01  0.001]
 [0.011 0.001 0.079 0.027 0.065 0.039 0.012 0.761 0.001 0.004]
 [0.048 0.038 0.016 0.005 0.002 0.    0.007 0.003 0.857 0.024]
 [0.013 0.046 0.01  0.009 0.004 0.    0.003 0.008 0.008 0.899]]
[2025-06-09 02:20:31,937 INFO] 12500 iteration, USE_EMA: True, {'train/sup_loss': tensor(0.0027, device='cuda:0'), 'train/unsup_loss': tensor(0.2806, device='cuda:0'), 'train/total_loss': tensor(0.2834, device='cuda:0'), 'train/mask_ratio': tensor(0.4479, device='cuda:0'), 'lr': 0.019593624127444798, 'train/prefecth_time': 0.1854586944580078, 'train/run_time': 0.24590509033203126, 'eval/loss': tensor(1.3865, device='cuda:0'), 'eval/top-1-acc': 0.709, 'eval/top-5-acc': 0.97, 'eval/precision': 0.7135415977959244, 'eval/recall': 0.709, 'eval/F1': 0.7057224196666215, 'eval/AUC': 0.9496133666666667}, BEST_EVAL_ACC: 0.7094, at 12400 iters
[2025-06-09 02:21:17,506 INFO] confusion matrix:
[[0.763 0.026 0.046 0.005 0.007 0.005 0.031 0.021 0.055 0.041]
 [0.003 0.944 0.002 0.001 0.002 0.001 0.001 0.004 0.001 0.041]
 [0.083 0.003 0.569 0.035 0.06  0.033 0.178 0.027 0.003 0.009]
 [0.014 0.005 0.098 0.54  0.03  0.094 0.135 0.049 0.02  0.015]
 [0.024 0.002 0.078 0.045 0.486 0.033 0.184 0.138 0.01  0.   ]
 [0.006 0.002 0.107 0.255 0.037 0.485 0.053 0.049 0.004 0.002]
 [0.01  0.003 0.047 0.107 0.021 0.011 0.788 0.004 0.008 0.001]
 [0.011 0.001 0.078 0.028 0.063 0.038 0.011 0.765 0.001 0.004]
 [0.049 0.035 0.015 0.005 0.002 0.001 0.007 0.003 0.858 0.025]
 [0.014 0.045 0.009 0.008 0.004 0.    0.003 0.009 0.008 0.9  ]]
[2025-06-09 02:21:17,511 INFO] 12600 iteration, USE_EMA: True, {'train/sup_loss': tensor(0.0060, device='cuda:0'), 'train/unsup_loss': tensor(0.2330, device='cuda:0'), 'train/total_loss': tensor(0.2390, device='cuda:0'), 'train/mask_ratio': tensor(0.4115, device='cuda:0'), 'lr': 0.019437041934444902, 'train/prefecth_time': 0.18069798278808594, 'train/run_time': 0.24610610961914062, 'eval/loss': tensor(1.3794, device='cuda:0'), 'eval/top-1-acc': 0.7098, 'eval/top-5-acc': 0.9699, 'eval/precision': 0.7143707981073673, 'eval/recall': 0.7098, 'eval/F1': 0.7065200517081924, 'eval/AUC': 0.9501138111111112}, BEST_EVAL_ACC: 0.7098, at 12600 iters
[2025-06-09 02:21:17,562 INFO] model saved: ./saved_models\fixmatch_cifar10_250_0\model_best.pth
[2025-06-09 02:22:02,820 INFO] confusion matrix:
[[0.761 0.026 0.046 0.006 0.006 0.005 0.033 0.019 0.055 0.043]
 [0.003 0.942 0.002 0.001 0.002 0.001 0.001 0.004 0.001 0.043]
 [0.082 0.003 0.57  0.036 0.059 0.035 0.177 0.026 0.003 0.009]
 [0.013 0.005 0.093 0.545 0.031 0.096 0.133 0.048 0.021 0.015]
 [0.024 0.002 0.075 0.045 0.485 0.035 0.181 0.144 0.009 0.   ]
 [0.006 0.002 0.104 0.256 0.039 0.484 0.052 0.051 0.004 0.002]
 [0.01  0.003 0.048 0.104 0.019 0.011 0.791 0.004 0.009 0.001]
 [0.009 0.001 0.079 0.027 0.06  0.039 0.011 0.769 0.001 0.004]
 [0.046 0.038 0.015 0.005 0.002 0.001 0.007 0.004 0.857 0.025]
 [0.013 0.045 0.009 0.008 0.003 0.    0.004 0.008 0.01  0.9  ]]
[2025-06-09 02:22:02,825 INFO] 12700 iteration, USE_EMA: True, {'train/sup_loss': tensor(0.0020, device='cuda:0'), 'train/unsup_loss': tensor(0.2309, device='cuda:0'), 'train/total_loss': tensor(0.2329, device='cuda:0'), 'train/mask_ratio': tensor(0.3802, device='cuda:0'), 'lr': 0.019279541780231963, 'train/prefecth_time': 0.16599014282226562, 'train/run_time': 0.24638774108886718, 'eval/loss': tensor(1.3729, device='cuda:0'), 'eval/top-1-acc': 0.7104, 'eval/top-5-acc': 0.9699, 'eval/precision': 0.7146824618199531, 'eval/recall': 0.7104, 'eval/F1': 0.7069549746044878, 'eval/AUC': 0.9505577833333335}, BEST_EVAL_ACC: 0.7104, at 12700 iters
[2025-06-09 02:22:02,873 INFO] model saved: ./saved_models\fixmatch_cifar10_250_0\model_best.pth
[2025-06-09 02:22:47,936 INFO] confusion matrix:
[[0.759 0.026 0.046 0.006 0.006 0.005 0.032 0.018 0.059 0.043]
 [0.003 0.942 0.002 0.001 0.002 0.001 0.001 0.004 0.001 0.043]
 [0.082 0.004 0.571 0.036 0.058 0.036 0.176 0.026 0.003 0.008]
 [0.014 0.005 0.092 0.549 0.032 0.095 0.13  0.048 0.02  0.015]
 [0.027 0.002 0.077 0.044 0.484 0.035 0.182 0.139 0.01  0.   ]
 [0.005 0.002 0.104 0.253 0.037 0.487 0.055 0.051 0.004 0.002]
 [0.01  0.003 0.048 0.105 0.022 0.011 0.787 0.004 0.009 0.001]
 [0.011 0.001 0.077 0.026 0.058 0.041 0.011 0.77  0.001 0.004]
 [0.045 0.038 0.016 0.005 0.002 0.001 0.007 0.004 0.859 0.023]
 [0.013 0.046 0.01  0.009 0.003 0.    0.001 0.008 0.011 0.899]]
[2025-06-09 02:22:47,941 INFO] 12800 iteration, USE_EMA: True, {'train/sup_loss': tensor(0.0030, device='cuda:0'), 'train/unsup_loss': tensor(0.2791, device='cuda:0'), 'train/total_loss': tensor(0.2820, device='cuda:0'), 'train/mask_ratio': tensor(0.3958, device='cuda:0'), 'lr': 0.019121131103130844, 'train/prefecth_time': 0.16796978759765624, 'train/run_time': 0.2460149688720703, 'eval/loss': tensor(1.3614, device='cuda:0'), 'eval/top-1-acc': 0.7107, 'eval/top-5-acc': 0.9705, 'eval/precision': 0.7147433773015055, 'eval/recall': 0.7107, 'eval/F1': 0.7072603201585828, 'eval/AUC': 0.9511058611111108}, BEST_EVAL_ACC: 0.7107, at 12800 iters
[2025-06-09 02:22:47,988 INFO] model saved: ./saved_models\fixmatch_cifar10_250_0\model_best.pth
[2025-06-09 02:23:33,868 INFO] confusion matrix:
[[0.761 0.026 0.046 0.006 0.006 0.005 0.03  0.019 0.059 0.042]
 [0.003 0.942 0.002 0.001 0.002 0.001 0.001 0.004 0.002 0.042]
 [0.082 0.004 0.57  0.036 0.058 0.035 0.177 0.027 0.003 0.008]
 [0.014 0.005 0.091 0.551 0.03  0.094 0.133 0.046 0.021 0.015]
 [0.027 0.002 0.077 0.043 0.485 0.035 0.183 0.138 0.01  0.   ]
 [0.005 0.002 0.103 0.255 0.034 0.486 0.056 0.052 0.005 0.002]
 [0.009 0.003 0.049 0.105 0.021 0.011 0.788 0.004 0.009 0.001]
 [0.012 0.001 0.077 0.03  0.056 0.039 0.011 0.769 0.001 0.004]
 [0.043 0.037 0.015 0.005 0.002 0.001 0.007 0.004 0.862 0.024]
 [0.013 0.046 0.009 0.009 0.003 0.    0.001 0.008 0.01  0.901]]
[2025-06-09 02:23:33,873 INFO] 12900 iteration, USE_EMA: True, {'train/sup_loss': tensor(0.0101, device='cuda:0'), 'train/unsup_loss': tensor(0.2308, device='cuda:0'), 'train/total_loss': tensor(0.2409, device='cuda:0'), 'train/mask_ratio': tensor(0.4010, device='cuda:0'), 'lr': 0.018961817384468074, 'train/prefecth_time': 0.1774247283935547, 'train/run_time': 0.2469949493408203, 'eval/loss': tensor(1.3593, device='cuda:0'), 'eval/top-1-acc': 0.7115, 'eval/top-5-acc': 0.9704, 'eval/precision': 0.7159655867366914, 'eval/recall': 0.7115, 'eval/F1': 0.7080526726448789, 'eval/AUC': 0.9514665611111112}, BEST_EVAL_ACC: 0.7115, at 12900 iters
[2025-06-09 02:23:33,921 INFO] model saved: ./saved_models\fixmatch_cifar10_250_0\model_best.pth
[2025-06-09 02:24:19,926 INFO] confusion matrix:
[[0.758 0.026 0.047 0.006 0.006 0.005 0.029 0.019 0.061 0.043]
 [0.003 0.942 0.002 0.001 0.002 0.001 0.001 0.004 0.002 0.042]
 [0.082 0.004 0.578 0.034 0.057 0.032 0.175 0.026 0.003 0.009]
 [0.015 0.005 0.088 0.552 0.03  0.097 0.135 0.044 0.019 0.015]
 [0.028 0.002 0.078 0.043 0.488 0.034 0.185 0.132 0.009 0.001]
 [0.004 0.003 0.105 0.245 0.035 0.492 0.057 0.051 0.005 0.003]
 [0.008 0.004 0.05  0.107 0.02  0.01  0.787 0.003 0.01  0.001]
 [0.012 0.002 0.075 0.032 0.054 0.038 0.01  0.772 0.001 0.004]
 [0.042 0.033 0.015 0.006 0.002 0.001 0.007 0.004 0.865 0.025]
 [0.012 0.045 0.008 0.009 0.003 0.    0.001 0.008 0.01  0.904]]
[2025-06-09 02:24:19,931 INFO] 13000 iteration, USE_EMA: True, {'train/sup_loss': tensor(0.0114, device='cuda:0'), 'train/unsup_loss': tensor(0.3466, device='cuda:0'), 'train/total_loss': tensor(0.3580, device='cuda:0'), 'train/mask_ratio': tensor(0.4062, device='cuda:0'), 'lr': 0.018801608148218487, 'train/prefecth_time': 0.18147158813476563, 'train/run_time': 0.24537394714355468, 'eval/loss': tensor(1.3545, device='cuda:0'), 'eval/top-1-acc': 0.7138, 'eval/top-5-acc': 0.9706, 'eval/precision': 0.7184250200223006, 'eval/recall': 0.7138, 'eval/F1': 0.7104493404636811, 'eval/AUC': 0.9518910888888891}, BEST_EVAL_ACC: 0.7138, at 13000 iters
[2025-06-09 02:24:19,976 INFO] model saved: ./saved_models\fixmatch_cifar10_250_0\model_best.pth
[2025-06-09 02:25:05,171 INFO] confusion matrix:
[[0.766 0.026 0.045 0.006 0.006 0.005 0.028 0.018 0.06  0.04 ]
 [0.003 0.941 0.002 0.002 0.002 0.001 0.001 0.004 0.002 0.042]
 [0.082 0.004 0.579 0.035 0.056 0.03  0.176 0.026 0.003 0.009]
 [0.017 0.005 0.088 0.55  0.03  0.099 0.133 0.042 0.021 0.015]
 [0.028 0.002 0.079 0.044 0.49  0.033 0.183 0.131 0.009 0.001]
 [0.005 0.002 0.103 0.247 0.035 0.49  0.057 0.052 0.005 0.004]
 [0.007 0.004 0.05  0.104 0.017 0.01  0.793 0.003 0.011 0.001]
 [0.012 0.002 0.075 0.029 0.051 0.038 0.011 0.776 0.001 0.005]
 [0.042 0.033 0.017 0.005 0.002 0.001 0.007 0.004 0.867 0.022]
 [0.012 0.045 0.008 0.009 0.003 0.    0.001 0.008 0.01  0.904]]
[2025-06-09 02:25:05,177 INFO] 13100 iteration, USE_EMA: True, {'train/sup_loss': tensor(0.0060, device='cuda:0'), 'train/unsup_loss': tensor(0.2449, device='cuda:0'), 'train/total_loss': tensor(0.2509, device='cuda:0'), 'train/mask_ratio': tensor(0.3021, device='cuda:0'), 'lr': 0.01864051096064991, 'train/prefecth_time': 0.1775430450439453, 'train/run_time': 0.2457733154296875, 'eval/loss': tensor(1.3524, device='cuda:0'), 'eval/top-1-acc': 0.7156, 'eval/top-5-acc': 0.9708, 'eval/precision': 0.7202208433889228, 'eval/recall': 0.7156, 'eval/F1': 0.7121105488567969, 'eval/AUC': 0.952243761111111}, BEST_EVAL_ACC: 0.7156, at 13100 iters
[2025-06-09 02:25:05,224 INFO] model saved: ./saved_models\fixmatch_cifar10_250_0\model_best.pth
[2025-06-09 02:25:50,611 INFO] confusion matrix:
[[0.768 0.026 0.046 0.007 0.006 0.005 0.029 0.016 0.059 0.038]
 [0.003 0.944 0.002 0.002 0.002 0.001 0.001 0.004 0.003 0.038]
 [0.081 0.004 0.579 0.035 0.053 0.03  0.18  0.026 0.003 0.009]
 [0.016 0.004 0.087 0.548 0.03  0.1   0.136 0.044 0.021 0.014]
 [0.026 0.002 0.076 0.044 0.493 0.034 0.182 0.133 0.009 0.001]
 [0.006 0.002 0.102 0.248 0.036 0.488 0.056 0.053 0.005 0.004]
 [0.007 0.003 0.048 0.106 0.018 0.01  0.793 0.003 0.011 0.001]
 [0.013 0.002 0.073 0.026 0.049 0.037 0.011 0.783 0.001 0.005]
 [0.041 0.032 0.017 0.005 0.002 0.001 0.007 0.004 0.868 0.023]
 [0.013 0.045 0.008 0.008 0.003 0.    0.001 0.008 0.009 0.905]]
[2025-06-09 02:25:50,616 INFO] 13200 iteration, USE_EMA: True, {'train/sup_loss': tensor(0.0023, device='cuda:0'), 'train/unsup_loss': tensor(0.2911, device='cuda:0'), 'train/total_loss': tensor(0.2934, device='cuda:0'), 'train/mask_ratio': tensor(0.3385, device='cuda:0'), 'lr': 0.01847853342996579, 'train/prefecth_time': 0.16777215576171875, 'train/run_time': 0.24567491149902343, 'eval/loss': tensor(1.3459, device='cuda:0'), 'eval/top-1-acc': 0.7169, 'eval/top-5-acc': 0.9714, 'eval/precision': 0.7216349325709901, 'eval/recall': 0.7169000000000001, 'eval/F1': 0.713398192566542, 'eval/AUC': 0.9527667055555558}, BEST_EVAL_ACC: 0.7169, at 13200 iters
[2025-06-09 02:25:50,658 INFO] model saved: ./saved_models\fixmatch_cifar10_250_0\model_best.pth
[2025-06-09 02:26:36,043 INFO] confusion matrix:
[[0.769 0.026 0.048 0.008 0.005 0.005 0.028 0.015 0.06  0.036]
 [0.003 0.945 0.002 0.001 0.002 0.001 0.001 0.004 0.004 0.037]
 [0.079 0.004 0.584 0.034 0.053 0.028 0.179 0.027 0.003 0.009]
 [0.015 0.004 0.089 0.553 0.028 0.099 0.136 0.042 0.02  0.014]
 [0.026 0.002 0.075 0.044 0.495 0.033 0.183 0.133 0.008 0.001]
 [0.005 0.002 0.102 0.25  0.035 0.49  0.055 0.053 0.004 0.004]
 [0.006 0.004 0.051 0.104 0.019 0.01  0.792 0.003 0.011 0.   ]
 [0.013 0.002 0.072 0.027 0.044 0.038 0.013 0.785 0.001 0.005]
 [0.043 0.032 0.016 0.005 0.002 0.001 0.007 0.004 0.869 0.021]
 [0.013 0.044 0.008 0.008 0.003 0.    0.001 0.007 0.009 0.907]]
[2025-06-09 02:26:36,050 INFO] 13300 iteration, USE_EMA: True, {'train/sup_loss': tensor(0.0021, device='cuda:0'), 'train/unsup_loss': tensor(0.1873, device='cuda:0'), 'train/total_loss': tensor(0.1893, device='cuda:0'), 'train/mask_ratio': tensor(0.3802, device='cuda:0'), 'lr': 0.018315683205945926, 'train/prefecth_time': 0.19413299560546876, 'train/run_time': 0.24619110107421874, 'eval/loss': tensor(1.3398, device='cuda:0'), 'eval/top-1-acc': 0.7189, 'eval/top-5-acc': 0.9716, 'eval/precision': 0.7242863336901032, 'eval/recall': 0.7189, 'eval/F1': 0.7155868059372918, 'eval/AUC': 0.9532228944444447}, BEST_EVAL_ACC: 0.7189, at 13300 iters
[2025-06-09 02:26:36,098 INFO] model saved: ./saved_models\fixmatch_cifar10_250_0\model_best.pth
[2025-06-09 02:27:21,688 INFO] confusion matrix:
[[0.777 0.026 0.047 0.007 0.005 0.005 0.027 0.013 0.057 0.036]
 [0.003 0.946 0.002 0.001 0.002 0.001 0.    0.005 0.004 0.036]
 [0.082 0.004 0.585 0.035 0.052 0.028 0.177 0.026 0.003 0.008]
 [0.015 0.004 0.09  0.556 0.031 0.097 0.136 0.038 0.018 0.015]
 [0.028 0.002 0.076 0.044 0.498 0.033 0.178 0.134 0.006 0.001]
 [0.005 0.002 0.104 0.25  0.035 0.488 0.055 0.053 0.004 0.004]
 [0.006 0.004 0.051 0.097 0.018 0.01  0.8   0.002 0.012 0.   ]
 [0.013 0.002 0.073 0.029 0.044 0.036 0.012 0.785 0.001 0.005]
 [0.045 0.032 0.016 0.005 0.002 0.001 0.007 0.004 0.866 0.022]
 [0.012 0.047 0.008 0.008 0.003 0.    0.001 0.007 0.009 0.905]]
[2025-06-09 02:27:21,694 INFO] 13400 iteration, USE_EMA: True, {'train/sup_loss': tensor(0.0016, device='cuda:0'), 'train/unsup_loss': tensor(0.2846, device='cuda:0'), 'train/total_loss': tensor(0.2862, device='cuda:0'), 'train/mask_ratio': tensor(0.3438, device='cuda:0'), 'lr': 0.018151967979585158, 'train/prefecth_time': 0.18176512145996093, 'train/run_time': 0.2456748504638672, 'eval/loss': tensor(1.3339, device='cuda:0'), 'eval/top-1-acc': 0.7206, 'eval/top-5-acc': 0.9718, 'eval/precision': 0.725831343775346, 'eval/recall': 0.7205999999999999, 'eval/F1': 0.7171820190544282, 'eval/AUC': 0.9537241277777778}, BEST_EVAL_ACC: 0.7206, at 13400 iters
[2025-06-09 02:27:21,739 INFO] model saved: ./saved_models\fixmatch_cifar10_250_0\model_best.pth
[2025-06-09 02:28:07,357 INFO] confusion matrix:
[[0.782 0.027 0.045 0.007 0.005 0.005 0.027 0.015 0.051 0.036]
 [0.003 0.943 0.002 0.001 0.002 0.001 0.001 0.005 0.005 0.037]
 [0.083 0.004 0.582 0.035 0.053 0.027 0.179 0.026 0.003 0.008]
 [0.018 0.004 0.093 0.553 0.03  0.095 0.138 0.038 0.016 0.015]
 [0.027 0.002 0.072 0.043 0.511 0.031 0.18  0.127 0.006 0.001]
 [0.005 0.002 0.103 0.253 0.036 0.486 0.056 0.051 0.004 0.004]
 [0.007 0.004 0.052 0.095 0.018 0.008 0.804 0.002 0.01  0.   ]
 [0.013 0.002 0.077 0.028 0.045 0.035 0.013 0.782 0.001 0.004]
 [0.045 0.032 0.016 0.005 0.002 0.001 0.007 0.003 0.868 0.021]
 [0.013 0.047 0.008 0.007 0.003 0.    0.001 0.007 0.009 0.905]]
[2025-06-09 02:28:07,361 INFO] 13500 iteration, USE_EMA: True, {'train/sup_loss': tensor(0.0009, device='cuda:0'), 'train/unsup_loss': tensor(0.3285, device='cuda:0'), 'train/total_loss': tensor(0.3293, device='cuda:0'), 'train/mask_ratio': tensor(0.3854, device='cuda:0'), 'lr': 0.01798739548273014, 'train/prefecth_time': 0.178610107421875, 'train/run_time': 0.24537718200683595, 'eval/loss': tensor(1.3257, device='cuda:0'), 'eval/top-1-acc': 0.7216, 'eval/top-5-acc': 0.9727, 'eval/precision': 0.7274107110058576, 'eval/recall': 0.7216000000000001, 'eval/F1': 0.7184435908593022, 'eval/AUC': 0.9542018388888891}, BEST_EVAL_ACC: 0.7216, at 13500 iters
[2025-06-09 02:28:07,409 INFO] model saved: ./saved_models\fixmatch_cifar10_250_0\model_best.pth
[2025-06-09 02:28:53,199 INFO] confusion matrix:
[[0.779 0.025 0.047 0.007 0.004 0.005 0.024 0.015 0.054 0.04 ]
 [0.003 0.943 0.002 0.001 0.002 0.001 0.001 0.005 0.005 0.037]
 [0.083 0.003 0.59  0.03  0.051 0.028 0.178 0.025 0.004 0.008]
 [0.017 0.004 0.094 0.549 0.03  0.095 0.141 0.037 0.017 0.016]
 [0.028 0.002 0.069 0.044 0.514 0.032 0.177 0.127 0.006 0.001]
 [0.004 0.002 0.105 0.25  0.037 0.488 0.055 0.051 0.004 0.004]
 [0.007 0.004 0.052 0.094 0.016 0.007 0.807 0.002 0.011 0.   ]
 [0.013 0.002 0.075 0.026 0.044 0.036 0.015 0.784 0.001 0.004]
 [0.045 0.033 0.016 0.005 0.002 0.    0.007 0.003 0.869 0.02 ]
 [0.013 0.044 0.008 0.007 0.003 0.    0.001 0.007 0.009 0.908]]
[2025-06-09 02:28:53,204 INFO] 13600 iteration, USE_EMA: True, {'train/sup_loss': tensor(0.0048, device='cuda:0'), 'train/unsup_loss': tensor(0.2895, device='cuda:0'), 'train/total_loss': tensor(0.2943, device='cuda:0'), 'train/mask_ratio': tensor(0.3385, device='cuda:0'), 'lr': 0.017821973487714207, 'train/prefecth_time': 0.18698048400878906, 'train/run_time': 0.24555929565429688, 'eval/loss': tensor(1.3187, device='cuda:0'), 'eval/top-1-acc': 0.7231, 'eval/top-5-acc': 0.9735, 'eval/precision': 0.7287081383365251, 'eval/recall': 0.7231, 'eval/F1': 0.7198390336764173, 'eval/AUC': 0.9546594833333335}, BEST_EVAL_ACC: 0.7231, at 13600 iters
[2025-06-09 02:28:53,259 INFO] model saved: ./saved_models\fixmatch_cifar10_250_0\model_best.pth
[2025-06-09 02:29:38,913 INFO] confusion matrix:
[[0.778 0.025 0.047 0.007 0.004 0.005 0.028 0.013 0.054 0.039]
 [0.003 0.942 0.002 0.001 0.002 0.001 0.001 0.005 0.005 0.038]
 [0.084 0.003 0.592 0.029 0.05  0.027 0.178 0.025 0.004 0.008]
 [0.015 0.004 0.096 0.556 0.029 0.094 0.137 0.035 0.018 0.016]
 [0.029 0.002 0.069 0.044 0.513 0.029 0.178 0.13  0.005 0.001]
 [0.004 0.002 0.107 0.25  0.038 0.486 0.054 0.051 0.004 0.004]
 [0.007 0.002 0.051 0.095 0.015 0.007 0.81  0.002 0.011 0.   ]
 [0.013 0.002 0.077 0.028 0.044 0.033 0.016 0.782 0.001 0.004]
 [0.042 0.033 0.015 0.005 0.002 0.    0.007 0.003 0.872 0.021]
 [0.012 0.044 0.008 0.008 0.003 0.    0.001 0.006 0.009 0.909]]
[2025-06-09 02:29:38,918 INFO] 13700 iteration, USE_EMA: True, {'train/sup_loss': tensor(0.0036, device='cuda:0'), 'train/unsup_loss': tensor(0.1430, device='cuda:0'), 'train/total_loss': tensor(0.1466, device='cuda:0'), 'train/mask_ratio': tensor(0.4271, device='cuda:0'), 'lr': 0.017655709806990286, 'train/prefecth_time': 0.19594546508789062, 'train/run_time': 0.24560911560058593, 'eval/loss': tensor(1.3172, device='cuda:0'), 'eval/top-1-acc': 0.724, 'eval/top-5-acc': 0.9739, 'eval/precision': 0.7302056150068794, 'eval/recall': 0.724, 'eval/F1': 0.7207866779015953, 'eval/AUC': 0.9549199388888892}, BEST_EVAL_ACC: 0.724, at 13700 iters
[2025-06-09 02:29:38,971 INFO] model saved: ./saved_models\fixmatch_cifar10_250_0\model_best.pth
[2025-06-09 02:30:23,919 INFO] confusion matrix:
[[0.781 0.024 0.046 0.007 0.004 0.005 0.03  0.014 0.051 0.038]
 [0.003 0.942 0.002 0.001 0.002 0.001 0.001 0.005 0.005 0.038]
 [0.084 0.003 0.59  0.031 0.05  0.028 0.178 0.024 0.004 0.008]
 [0.013 0.004 0.095 0.552 0.029 0.096 0.139 0.038 0.019 0.015]
 [0.03  0.002 0.067 0.042 0.514 0.029 0.178 0.133 0.004 0.001]
 [0.004 0.002 0.107 0.244 0.037 0.495 0.054 0.049 0.004 0.004]
 [0.007 0.002 0.05  0.096 0.013 0.007 0.813 0.002 0.01  0.   ]
 [0.011 0.002 0.08  0.028 0.04  0.035 0.015 0.783 0.002 0.004]
 [0.043 0.032 0.014 0.005 0.003 0.    0.007 0.003 0.871 0.022]
 [0.013 0.044 0.008 0.007 0.002 0.    0.001 0.008 0.008 0.909]]
[2025-06-09 02:30:23,924 INFO] 13800 iteration, USE_EMA: True, {'train/sup_loss': tensor(0.0018, device='cuda:0'), 'train/unsup_loss': tensor(0.2243, device='cuda:0'), 'train/total_loss': tensor(0.2261, device='cuda:0'), 'train/mask_ratio': tensor(0.3385, device='cuda:0'), 'lr': 0.017488612292761947, 'train/prefecth_time': 0.17709452819824217, 'train/run_time': 0.2467788848876953, 'eval/loss': tensor(1.3092, device='cuda:0'), 'eval/top-1-acc': 0.725, 'eval/top-5-acc': 0.974, 'eval/precision': 0.7313776478210738, 'eval/recall': 0.7249999999999999, 'eval/F1': 0.7219196936811683, 'eval/AUC': 0.9553801388888888}, BEST_EVAL_ACC: 0.725, at 13800 iters
[2025-06-09 02:30:23,968 INFO] model saved: ./saved_models\fixmatch_cifar10_250_0\model_best.pth
[2025-06-09 02:31:09,256 INFO] confusion matrix:
[[0.78  0.024 0.046 0.008 0.005 0.006 0.031 0.013 0.051 0.036]
 [0.003 0.942 0.002 0.001 0.    0.001 0.001 0.005 0.006 0.039]
 [0.083 0.003 0.586 0.034 0.05  0.027 0.181 0.024 0.004 0.008]
 [0.013 0.004 0.091 0.558 0.028 0.095 0.137 0.04  0.019 0.015]
 [0.03  0.002 0.067 0.044 0.516 0.027 0.171 0.138 0.004 0.001]
 [0.004 0.003 0.107 0.245 0.036 0.494 0.054 0.05  0.004 0.003]
 [0.007 0.002 0.048 0.096 0.014 0.007 0.814 0.002 0.01  0.   ]
 [0.011 0.002 0.079 0.029 0.038 0.034 0.016 0.785 0.002 0.004]
 [0.044 0.03  0.014 0.006 0.003 0.    0.007 0.002 0.873 0.021]
 [0.013 0.044 0.008 0.007 0.002 0.    0.001 0.009 0.009 0.907]]
[2025-06-09 02:31:09,262 INFO] 13900 iteration, USE_EMA: True, {'train/sup_loss': tensor(0.0064, device='cuda:0'), 'train/unsup_loss': tensor(0.2562, device='cuda:0'), 'train/total_loss': tensor(0.2626, device='cuda:0'), 'train/mask_ratio': tensor(0.3802, device='cuda:0'), 'lr': 0.017320688836612558, 'train/prefecth_time': 0.18838322448730468, 'train/run_time': 0.2462487030029297, 'eval/loss': tensor(1.3041, device='cuda:0'), 'eval/top-1-acc': 0.7255, 'eval/top-5-acc': 0.9741, 'eval/precision': 0.7321327716536808, 'eval/recall': 0.7255, 'eval/F1': 0.7224444426396681, 'eval/AUC': 0.9557191388888889}, BEST_EVAL_ACC: 0.7255, at 13900 iters
[2025-06-09 02:31:09,312 INFO] model saved: ./saved_models\fixmatch_cifar10_250_0\model_best.pth
[2025-06-09 02:31:54,703 INFO] confusion matrix:
[[0.78  0.025 0.045 0.007 0.004 0.006 0.032 0.014 0.054 0.033]
 [0.003 0.945 0.002 0.001 0.    0.001 0.001 0.005 0.005 0.037]
 [0.084 0.003 0.584 0.031 0.049 0.028 0.183 0.026 0.004 0.008]
 [0.012 0.004 0.09  0.555 0.026 0.098 0.143 0.039 0.018 0.015]
 [0.029 0.002 0.071 0.041 0.516 0.029 0.168 0.139 0.004 0.001]
 [0.004 0.003 0.107 0.24  0.035 0.494 0.056 0.053 0.004 0.004]
 [0.007 0.001 0.049 0.094 0.013 0.007 0.817 0.002 0.01  0.   ]
 [0.011 0.003 0.076 0.028 0.037 0.034 0.015 0.789 0.002 0.005]
 [0.042 0.03  0.014 0.004 0.002 0.    0.009 0.003 0.874 0.022]
 [0.014 0.045 0.007 0.007 0.002 0.    0.002 0.009 0.01  0.904]]
[2025-06-09 02:31:54,707 INFO] 14000 iteration, USE_EMA: True, {'train/sup_loss': tensor(0.0009, device='cuda:0'), 'train/unsup_loss': tensor(0.2352, device='cuda:0'), 'train/total_loss': tensor(0.2361, device='cuda:0'), 'train/mask_ratio': tensor(0.3802, device='cuda:0'), 'lr': 0.017151947369132583, 'train/prefecth_time': 0.16931715393066407, 'train/run_time': 0.2486845397949219, 'eval/loss': tensor(1.2940, device='cuda:0'), 'eval/top-1-acc': 0.7258, 'eval/top-5-acc': 0.9748, 'eval/precision': 0.7324325283250529, 'eval/recall': 0.7257999999999999, 'eval/F1': 0.7225736866888779, 'eval/AUC': 0.956200261111111}, BEST_EVAL_ACC: 0.7258, at 14000 iters
[2025-06-09 02:31:54,757 INFO] model saved: ./saved_models\fixmatch_cifar10_250_0\model_best.pth
[2025-06-09 02:32:40,401 INFO] confusion matrix:
[[0.784 0.026 0.045 0.007 0.004 0.005 0.033 0.015 0.05  0.031]
 [0.003 0.946 0.002 0.001 0.    0.001 0.001 0.005 0.005 0.036]
 [0.085 0.003 0.581 0.032 0.048 0.03  0.182 0.027 0.004 0.008]
 [0.015 0.004 0.09  0.553 0.026 0.097 0.143 0.039 0.018 0.015]
 [0.028 0.002 0.072 0.039 0.517 0.03  0.165 0.143 0.004 0.   ]
 [0.003 0.003 0.107 0.231 0.034 0.503 0.059 0.054 0.003 0.003]
 [0.008 0.001 0.047 0.088 0.011 0.007 0.826 0.002 0.01  0.   ]
 [0.01  0.003 0.077 0.029 0.032 0.033 0.013 0.796 0.002 0.005]
 [0.042 0.03  0.013 0.005 0.002 0.001 0.008 0.003 0.874 0.022]
 [0.014 0.044 0.008 0.007 0.002 0.    0.001 0.009 0.01  0.905]]
[2025-06-09 02:32:40,410 INFO] 14100 iteration, USE_EMA: True, {'train/sup_loss': tensor(0.0019, device='cuda:0'), 'train/unsup_loss': tensor(0.2732, device='cuda:0'), 'train/total_loss': tensor(0.2751, device='cuda:0'), 'train/mask_ratio': tensor(0.4010, device='cuda:0'), 'lr': 0.016982395859545057, 'train/prefecth_time': 0.17933619689941407, 'train/run_time': 0.24623922729492187, 'eval/loss': tensor(1.2879, device='cuda:0'), 'eval/top-1-acc': 0.7285, 'eval/top-5-acc': 0.9755, 'eval/precision': 0.7352638825798067, 'eval/recall': 0.7285, 'eval/F1': 0.7252100182728155, 'eval/AUC': 0.9566857666666665}, BEST_EVAL_ACC: 0.7285, at 14100 iters
[2025-06-09 02:32:40,465 INFO] model saved: ./saved_models\fixmatch_cifar10_250_0\model_best.pth
[2025-06-09 02:33:26,126 INFO] confusion matrix:
[[0.787 0.026 0.046 0.006 0.003 0.005 0.029 0.017 0.048 0.033]
 [0.003 0.945 0.002 0.001 0.    0.001 0.001 0.005 0.005 0.037]
 [0.085 0.003 0.582 0.031 0.047 0.028 0.183 0.028 0.004 0.009]
 [0.015 0.004 0.088 0.557 0.024 0.1   0.138 0.041 0.017 0.016]
 [0.028 0.002 0.071 0.04  0.509 0.031 0.172 0.143 0.004 0.   ]
 [0.003 0.002 0.108 0.229 0.033 0.509 0.057 0.052 0.004 0.003]
 [0.008 0.001 0.047 0.088 0.009 0.007 0.828 0.002 0.01  0.   ]
 [0.01  0.003 0.075 0.03  0.03  0.035 0.014 0.796 0.003 0.004]
 [0.041 0.031 0.012 0.005 0.002 0.001 0.008 0.004 0.876 0.02 ]
 [0.014 0.045 0.008 0.007 0.002 0.    0.001 0.009 0.01  0.904]]
[2025-06-09 02:33:26,130 INFO] 14200 iteration, USE_EMA: True, {'train/sup_loss': tensor(0.0099, device='cuda:0'), 'train/unsup_loss': tensor(0.2360, device='cuda:0'), 'train/total_loss': tensor(0.2459, device='cuda:0'), 'train/mask_ratio': tensor(0.3646, device='cuda:0'), 'lr': 0.016812042315329196, 'train/prefecth_time': 0.18642431640625, 'train/run_time': 0.2465699768066406, 'eval/loss': tensor(1.2840, device='cuda:0'), 'eval/top-1-acc': 0.7293, 'eval/top-5-acc': 0.9756, 'eval/precision': 0.7362671592803771, 'eval/recall': 0.7293000000000001, 'eval/F1': 0.7259196856896849, 'eval/AUC': 0.9570156722222223}, BEST_EVAL_ACC: 0.7293, at 14200 iters
[2025-06-09 02:33:26,183 INFO] model saved: ./saved_models\fixmatch_cifar10_250_0\model_best.pth
[2025-06-09 02:34:11,582 INFO] confusion matrix:
[[0.789 0.026 0.046 0.007 0.004 0.004 0.028 0.016 0.047 0.033]
 [0.003 0.945 0.002 0.001 0.    0.001 0.001 0.005 0.005 0.037]
 [0.085 0.003 0.585 0.031 0.047 0.028 0.182 0.027 0.003 0.009]
 [0.015 0.004 0.088 0.56  0.023 0.095 0.14  0.042 0.017 0.016]
 [0.029 0.002 0.068 0.04  0.515 0.025 0.171 0.145 0.004 0.001]
 [0.003 0.002 0.111 0.231 0.032 0.501 0.059 0.054 0.004 0.003]
 [0.008 0.001 0.047 0.087 0.01  0.007 0.826 0.003 0.01  0.001]
 [0.011 0.002 0.076 0.032 0.029 0.035 0.014 0.794 0.002 0.005]
 [0.042 0.03  0.011 0.005 0.002 0.001 0.007 0.003 0.879 0.02 ]
 [0.014 0.045 0.008 0.007 0.002 0.    0.001 0.009 0.01  0.904]]
[2025-06-09 02:34:11,587 INFO] 14300 iteration, USE_EMA: True, {'train/sup_loss': tensor(0.0048, device='cuda:0'), 'train/unsup_loss': tensor(0.2459, device='cuda:0'), 'train/total_loss': tensor(0.2506, device='cuda:0'), 'train/mask_ratio': tensor(0.3177, device='cuda:0'), 'lr': 0.016640894781842247, 'train/prefecth_time': 0.17296697998046875, 'train/run_time': 0.24558489990234375, 'eval/loss': tensor(1.2770, device='cuda:0'), 'eval/top-1-acc': 0.7298, 'eval/top-5-acc': 0.9757, 'eval/precision': 0.7372264236923102, 'eval/recall': 0.7298, 'eval/F1': 0.7264538928649739, 'eval/AUC': 0.9574527222222222}, BEST_EVAL_ACC: 0.7298, at 14300 iters
[2025-06-09 02:34:11,652 INFO] model saved: ./saved_models\fixmatch_cifar10_250_0\model_best.pth
[2025-06-09 02:34:56,906 INFO] confusion matrix:
[[0.793 0.025 0.046 0.007 0.006 0.004 0.026 0.015 0.046 0.032]
 [0.003 0.945 0.002 0.001 0.    0.001 0.    0.005 0.005 0.038]
 [0.087 0.003 0.588 0.03  0.047 0.027 0.181 0.026 0.003 0.008]
 [0.017 0.004 0.088 0.555 0.025 0.096 0.141 0.041 0.017 0.016]
 [0.029 0.002 0.068 0.039 0.512 0.025 0.175 0.145 0.004 0.001]
 [0.003 0.002 0.109 0.228 0.031 0.504 0.06  0.055 0.004 0.004]
 [0.009 0.002 0.046 0.083 0.008 0.007 0.831 0.003 0.01  0.001]
 [0.011 0.002 0.075 0.032 0.029 0.035 0.014 0.795 0.002 0.005]
 [0.042 0.029 0.01  0.005 0.002 0.002 0.007 0.003 0.88  0.02 ]
 [0.014 0.044 0.008 0.007 0.002 0.    0.001 0.009 0.01  0.905]]
[2025-06-09 02:34:56,912 INFO] 14400 iteration, USE_EMA: True, {'train/sup_loss': tensor(0.0043, device='cuda:0'), 'train/unsup_loss': tensor(0.1559, device='cuda:0'), 'train/total_loss': tensor(0.1602, device='cuda:0'), 'train/mask_ratio': tensor(0.3698, device='cuda:0'), 'lr': 0.016468961341939516, 'train/prefecth_time': 0.1776098175048828, 'train/run_time': 0.24547328186035156, 'eval/loss': tensor(1.2693, device='cuda:0'), 'eval/top-1-acc': 0.7308, 'eval/top-5-acc': 0.9759, 'eval/precision': 0.7379061649912387, 'eval/recall': 0.7308, 'eval/F1': 0.7272585262340266, 'eval/AUC': 0.9578676166666666}, BEST_EVAL_ACC: 0.7308, at 14400 iters
[2025-06-09 02:34:56,960 INFO] model saved: ./saved_models\fixmatch_cifar10_250_0\model_best.pth
[2025-06-09 02:35:42,505 INFO] confusion matrix:
[[0.79  0.024 0.047 0.007 0.007 0.004 0.025 0.015 0.049 0.032]
 [0.003 0.945 0.002 0.001 0.    0.002 0.    0.003 0.006 0.038]
 [0.085 0.003 0.589 0.029 0.048 0.029 0.181 0.026 0.003 0.007]
 [0.017 0.004 0.088 0.556 0.025 0.095 0.14  0.042 0.017 0.016]
 [0.029 0.002 0.07  0.039 0.518 0.022 0.168 0.146 0.005 0.001]
 [0.003 0.001 0.109 0.226 0.03  0.509 0.059 0.055 0.004 0.004]
 [0.008 0.002 0.049 0.082 0.008 0.007 0.829 0.003 0.011 0.001]
 [0.012 0.002 0.072 0.03  0.028 0.036 0.014 0.799 0.002 0.005]
 [0.042 0.028 0.01  0.006 0.002 0.002 0.007 0.003 0.88  0.02 ]
 [0.013 0.043 0.008 0.007 0.002 0.    0.001 0.008 0.012 0.906]]
[2025-06-09 02:35:42,513 INFO] 14500 iteration, USE_EMA: True, {'train/sup_loss': tensor(0.0034, device='cuda:0'), 'train/unsup_loss': tensor(0.2664, device='cuda:0'), 'train/total_loss': tensor(0.2698, device='cuda:0'), 'train/mask_ratio': tensor(0.3594, device='cuda:0'), 'lr': 0.016296250115592617, 'train/prefecth_time': 0.18490982055664062, 'train/run_time': 0.24553155517578126, 'eval/loss': tensor(1.2591, device='cuda:0'), 'eval/top-1-acc': 0.7321, 'eval/top-5-acc': 0.9766, 'eval/precision': 0.7389137449105524, 'eval/recall': 0.7321, 'eval/F1': 0.7286698007716964, 'eval/AUC': 0.9583982333333335}, BEST_EVAL_ACC: 0.7321, at 14500 iters
[2025-06-09 02:35:42,556 INFO] model saved: ./saved_models\fixmatch_cifar10_250_0\model_best.pth
[2025-06-09 02:36:28,533 INFO] confusion matrix:
[[0.79  0.025 0.048 0.007 0.007 0.004 0.025 0.015 0.047 0.032]
 [0.003 0.944 0.002 0.001 0.    0.002 0.    0.002 0.006 0.04 ]
 [0.084 0.003 0.594 0.027 0.05  0.027 0.178 0.027 0.003 0.007]
 [0.016 0.004 0.091 0.546 0.024 0.099 0.145 0.042 0.017 0.016]
 [0.028 0.002 0.067 0.038 0.534 0.02  0.159 0.146 0.005 0.001]
 [0.003 0.001 0.108 0.224 0.031 0.511 0.056 0.057 0.005 0.004]
 [0.008 0.002 0.049 0.079 0.008 0.007 0.831 0.003 0.012 0.001]
 [0.011 0.002 0.073 0.032 0.029 0.031 0.013 0.802 0.002 0.005]
 [0.039 0.028 0.01  0.005 0.002 0.002 0.007 0.003 0.884 0.02 ]
 [0.015 0.042 0.008 0.007 0.002 0.    0.001 0.009 0.012 0.904]]
[2025-06-09 02:36:28,540 INFO] 14600 iteration, USE_EMA: True, {'train/sup_loss': tensor(0.0022, device='cuda:0'), 'train/unsup_loss': tensor(0.2546, device='cuda:0'), 'train/total_loss': tensor(0.2569, device='cuda:0'), 'train/mask_ratio': tensor(0.4010, device='cuda:0'), 'lr': 0.01612276925950603, 'train/prefecth_time': 0.1840771484375, 'train/run_time': 0.2453695068359375, 'eval/loss': tensor(1.2492, device='cuda:0'), 'eval/top-1-acc': 0.734, 'eval/top-5-acc': 0.9767, 'eval/precision': 0.7404288694243284, 'eval/recall': 0.734, 'eval/F1': 0.7306542662316239, 'eval/AUC': 0.9588874888888888}, BEST_EVAL_ACC: 0.734, at 14600 iters
[2025-06-09 02:36:28,592 INFO] model saved: ./saved_models\fixmatch_cifar10_250_0\model_best.pth
[2025-06-09 02:37:14,406 INFO] confusion matrix:
[[0.792 0.022 0.047 0.007 0.008 0.004 0.025 0.016 0.047 0.032]
 [0.003 0.944 0.002 0.001 0.    0.002 0.    0.002 0.006 0.04 ]
 [0.084 0.003 0.59  0.027 0.05  0.027 0.182 0.027 0.003 0.007]
 [0.016 0.004 0.091 0.548 0.024 0.098 0.145 0.041 0.018 0.015]
 [0.028 0.002 0.064 0.037 0.537 0.021 0.166 0.139 0.005 0.001]
 [0.003 0.001 0.109 0.224 0.03  0.508 0.058 0.058 0.005 0.004]
 [0.008 0.002 0.045 0.08  0.007 0.007 0.836 0.003 0.011 0.001]
 [0.011 0.002 0.073 0.032 0.031 0.033 0.014 0.797 0.002 0.005]
 [0.038 0.028 0.011 0.005 0.002 0.002 0.007 0.003 0.885 0.019]
 [0.016 0.043 0.008 0.008 0.002 0.    0.    0.009 0.012 0.902]]
[2025-06-09 02:37:14,411 INFO] 14700 iteration, USE_EMA: True, {'train/sup_loss': tensor(0.0105, device='cuda:0'), 'train/unsup_loss': tensor(0.1795, device='cuda:0'), 'train/total_loss': tensor(0.1901, device='cuda:0'), 'train/mask_ratio': tensor(0.3802, device='cuda:0'), 'lr': 0.015948526966731845, 'train/prefecth_time': 0.19779994201660156, 'train/run_time': 0.24734310913085938, 'eval/loss': tensor(1.2470, device='cuda:0'), 'eval/top-1-acc': 0.7339, 'eval/top-5-acc': 0.9768, 'eval/precision': 0.7405335190135965, 'eval/recall': 0.7339, 'eval/F1': 0.7306217873716896, 'eval/AUC': 0.9592023833333335}, BEST_EVAL_ACC: 0.734, at 14600 iters
[2025-06-09 02:37:59,899 INFO] confusion matrix:
[[0.796 0.021 0.047 0.007 0.008 0.004 0.025 0.016 0.046 0.03 ]
 [0.003 0.946 0.002 0.    0.    0.002 0.    0.002 0.006 0.039]
 [0.08  0.002 0.593 0.025 0.05  0.027 0.185 0.027 0.005 0.006]
 [0.019 0.004 0.091 0.546 0.024 0.099 0.148 0.039 0.015 0.015]
 [0.028 0.002 0.06  0.035 0.543 0.022 0.169 0.135 0.005 0.001]
 [0.003 0.001 0.11  0.222 0.03  0.511 0.056 0.058 0.005 0.004]
 [0.008 0.002 0.046 0.079 0.006 0.007 0.837 0.003 0.011 0.001]
 [0.011 0.002 0.072 0.032 0.031 0.032 0.014 0.799 0.002 0.005]
 [0.038 0.03  0.01  0.005 0.002 0.002 0.007 0.002 0.887 0.017]
 [0.016 0.045 0.008 0.009 0.002 0.    0.    0.007 0.012 0.901]]
[2025-06-09 02:37:59,905 INFO] 14800 iteration, USE_EMA: True, {'train/sup_loss': tensor(0.0022, device='cuda:0'), 'train/unsup_loss': tensor(0.1876, device='cuda:0'), 'train/total_loss': tensor(0.1898, device='cuda:0'), 'train/mask_ratio': tensor(0.3490, device='cuda:0'), 'lr': 0.01577353146628285, 'train/prefecth_time': 0.17758837890625, 'train/run_time': 0.2454105224609375, 'eval/loss': tensor(1.2434, device='cuda:0'), 'eval/top-1-acc': 0.7359, 'eval/top-5-acc': 0.9763, 'eval/precision': 0.7426329142397072, 'eval/recall': 0.7359, 'eval/F1': 0.7327379157297844, 'eval/AUC': 0.9595977777777778}, BEST_EVAL_ACC: 0.7359, at 14800 iters
[2025-06-09 02:37:59,957 INFO] model saved: ./saved_models\fixmatch_cifar10_250_0\model_best.pth
[2025-06-09 02:38:45,260 INFO] confusion matrix:
[[0.797 0.021 0.047 0.006 0.008 0.004 0.026 0.015 0.047 0.029]
 [0.003 0.945 0.002 0.    0.    0.001 0.    0.003 0.006 0.04 ]
 [0.08  0.002 0.59  0.024 0.051 0.028 0.187 0.027 0.005 0.006]
 [0.019 0.005 0.092 0.54  0.025 0.097 0.151 0.041 0.015 0.015]
 [0.027 0.002 0.059 0.036 0.548 0.022 0.166 0.135 0.004 0.001]
 [0.003 0.001 0.101 0.221 0.031 0.52  0.054 0.06  0.005 0.004]
 [0.007 0.002 0.044 0.074 0.005 0.006 0.847 0.003 0.011 0.001]
 [0.011 0.002 0.068 0.032 0.03  0.034 0.016 0.8   0.002 0.005]
 [0.038 0.031 0.01  0.005 0.001 0.002 0.007 0.002 0.887 0.017]
 [0.016 0.045 0.008 0.01  0.002 0.    0.    0.006 0.012 0.901]]
[2025-06-09 02:38:45,265 INFO] 14900 iteration, USE_EMA: True, {'train/sup_loss': tensor(0.0005, device='cuda:0'), 'train/unsup_loss': tensor(0.2524, device='cuda:0'), 'train/total_loss': tensor(0.2529, device='cuda:0'), 'train/mask_ratio': tensor(0.3490, device='cuda:0'), 'lr': 0.015597791022743857, 'train/prefecth_time': 0.1752839050292969, 'train/run_time': 0.24582450866699218, 'eval/loss': tensor(1.2347, device='cuda:0'), 'eval/top-1-acc': 0.7375, 'eval/top-5-acc': 0.9762, 'eval/precision': 0.7440292941549767, 'eval/recall': 0.7375, 'eval/F1': 0.7342551177892148, 'eval/AUC': 0.960118727777778}, BEST_EVAL_ACC: 0.7375, at 14900 iters
[2025-06-09 02:38:45,314 INFO] model saved: ./saved_models\fixmatch_cifar10_250_0\model_best.pth
[2025-06-09 02:39:30,956 INFO] confusion matrix:
[[0.801 0.02  0.044 0.004 0.007 0.005 0.029 0.016 0.046 0.028]
 [0.003 0.947 0.002 0.    0.    0.001 0.    0.003 0.006 0.038]
 [0.08  0.002 0.593 0.021 0.049 0.03  0.187 0.027 0.005 0.006]
 [0.018 0.005 0.093 0.537 0.026 0.1   0.151 0.041 0.014 0.015]
 [0.026 0.002 0.058 0.035 0.547 0.022 0.17  0.136 0.003 0.001]
 [0.003 0.001 0.102 0.221 0.03  0.521 0.055 0.058 0.005 0.004]
 [0.008 0.002 0.044 0.068 0.004 0.006 0.853 0.003 0.011 0.001]
 [0.012 0.002 0.067 0.03  0.027 0.034 0.017 0.805 0.002 0.004]
 [0.038 0.032 0.011 0.004 0.001 0.002 0.007 0.002 0.886 0.017]
 [0.016 0.045 0.008 0.011 0.002 0.    0.    0.007 0.012 0.899]]
[2025-06-09 02:39:30,961 INFO] 15000 iteration, USE_EMA: True, {'train/sup_loss': tensor(0.0034, device='cuda:0'), 'train/unsup_loss': tensor(0.2095, device='cuda:0'), 'train/total_loss': tensor(0.2129, device='cuda:0'), 'train/mask_ratio': tensor(0.3281, device='cuda:0'), 'lr': 0.015421313935881444, 'train/prefecth_time': 0.1841571807861328, 'train/run_time': 0.24643516540527344, 'eval/loss': tensor(1.2291, device='cuda:0'), 'eval/top-1-acc': 0.7389, 'eval/top-5-acc': 0.9766, 'eval/precision': 0.7457294025477992, 'eval/recall': 0.7389, 'eval/F1': 0.7355714110076473, 'eval/AUC': 0.9605053333333333}, BEST_EVAL_ACC: 0.7389, at 15000 iters
[2025-06-09 02:39:31,007 INFO] model saved: ./saved_models\fixmatch_cifar10_250_0\model_best.pth
[2025-06-09 02:40:16,838 INFO] confusion matrix:
[[0.8   0.019 0.047 0.004 0.007 0.005 0.029 0.015 0.046 0.028]
 [0.003 0.948 0.002 0.    0.    0.001 0.    0.003 0.004 0.039]
 [0.075 0.002 0.593 0.022 0.053 0.027 0.188 0.029 0.005 0.006]
 [0.017 0.005 0.092 0.536 0.024 0.099 0.157 0.042 0.014 0.014]
 [0.026 0.002 0.058 0.034 0.555 0.022 0.166 0.133 0.003 0.001]
 [0.002 0.001 0.1   0.218 0.032 0.521 0.057 0.06  0.006 0.003]
 [0.007 0.002 0.045 0.065 0.004 0.006 0.856 0.003 0.011 0.001]
 [0.011 0.002 0.066 0.033 0.03  0.032 0.018 0.802 0.002 0.004]
 [0.038 0.032 0.011 0.003 0.001 0.002 0.007 0.002 0.886 0.018]
 [0.015 0.044 0.007 0.011 0.002 0.    0.001 0.006 0.012 0.902]]
[2025-06-09 02:40:16,844 INFO] 15100 iteration, USE_EMA: True, {'train/sup_loss': tensor(0.0036, device='cuda:0'), 'train/unsup_loss': tensor(0.2222, device='cuda:0'), 'train/total_loss': tensor(0.2257, device='cuda:0'), 'train/mask_ratio': tensor(0.3021, device='cuda:0'), 'lr': 0.015244108540251926, 'train/prefecth_time': 0.18244300842285155, 'train/run_time': 0.24609465026855468, 'eval/loss': tensor(1.2235, device='cuda:0'), 'eval/top-1-acc': 0.7399, 'eval/top-5-acc': 0.9769, 'eval/precision': 0.7468752595673411, 'eval/recall': 0.7399, 'eval/F1': 0.7367007878989542, 'eval/AUC': 0.9608543611111113}, BEST_EVAL_ACC: 0.7399, at 15100 iters
[2025-06-09 02:40:16,895 INFO] model saved: ./saved_models\fixmatch_cifar10_250_0\model_best.pth
[2025-06-09 02:41:02,730 INFO] confusion matrix:
[[0.8   0.017 0.048 0.004 0.008 0.005 0.028 0.015 0.048 0.027]
 [0.003 0.946 0.002 0.    0.    0.001 0.    0.004 0.004 0.04 ]
 [0.073 0.002 0.597 0.023 0.053 0.027 0.185 0.029 0.005 0.006]
 [0.016 0.005 0.093 0.539 0.024 0.1   0.151 0.045 0.014 0.013]
 [0.026 0.002 0.057 0.036 0.556 0.021 0.166 0.132 0.003 0.001]
 [0.003 0.002 0.1   0.219 0.032 0.524 0.052 0.059 0.005 0.004]
 [0.008 0.002 0.045 0.064 0.004 0.005 0.858 0.003 0.01  0.001]
 [0.011 0.002 0.066 0.032 0.025 0.034 0.019 0.805 0.002 0.004]
 [0.04  0.03  0.01  0.003 0.001 0.002 0.007 0.002 0.887 0.018]
 [0.016 0.04  0.007 0.011 0.002 0.    0.001 0.006 0.013 0.904]]
[2025-06-09 02:41:02,737 INFO] 15200 iteration, USE_EMA: True, {'train/sup_loss': tensor(0.0124, device='cuda:0'), 'train/unsup_loss': tensor(0.3041, device='cuda:0'), 'train/total_loss': tensor(0.3165, device='cuda:0'), 'train/mask_ratio': tensor(0.3646, device='cuda:0'), 'lr': 0.015066183204807756, 'train/prefecth_time': 0.19735757446289062, 'train/run_time': 0.24620002746582031, 'eval/loss': tensor(1.2159, device='cuda:0'), 'eval/top-1-acc': 0.7416, 'eval/top-5-acc': 0.9773, 'eval/precision': 0.7484469942374008, 'eval/recall': 0.7416, 'eval/F1': 0.7384371579280005, 'eval/AUC': 0.9612243666666669}, BEST_EVAL_ACC: 0.7416, at 15200 iters
[2025-06-09 02:41:02,800 INFO] model saved: ./saved_models\fixmatch_cifar10_250_0\model_best.pth
[2025-06-09 02:41:48,308 INFO] confusion matrix:
[[0.801 0.017 0.047 0.005 0.008 0.005 0.029 0.015 0.047 0.026]
 [0.003 0.947 0.002 0.    0.    0.001 0.    0.004 0.004 0.039]
 [0.071 0.002 0.596 0.022 0.053 0.032 0.187 0.026 0.005 0.006]
 [0.017 0.006 0.093 0.538 0.023 0.103 0.153 0.04  0.014 0.013]
 [0.026 0.002 0.055 0.037 0.56  0.022 0.166 0.128 0.003 0.001]
 [0.003 0.002 0.096 0.216 0.032 0.53  0.053 0.059 0.005 0.004]
 [0.008 0.002 0.044 0.06  0.004 0.005 0.862 0.004 0.01  0.001]
 [0.01  0.002 0.065 0.029 0.026 0.035 0.019 0.808 0.002 0.004]
 [0.039 0.03  0.011 0.003 0.001 0.002 0.007 0.002 0.886 0.019]
 [0.016 0.04  0.007 0.011 0.002 0.    0.001 0.006 0.012 0.905]]
[2025-06-09 02:41:48,316 INFO] 15300 iteration, USE_EMA: True, {'train/sup_loss': tensor(0.0010, device='cuda:0'), 'train/unsup_loss': tensor(0.2324, device='cuda:0'), 'train/total_loss': tensor(0.2334, device='cuda:0'), 'train/mask_ratio': tensor(0.3542, device='cuda:0'), 'lr': 0.014887546332502303, 'train/prefecth_time': 0.1898567657470703, 'train/run_time': 0.24550825500488282, 'eval/loss': tensor(1.2114, device='cuda:0'), 'eval/top-1-acc': 0.7433, 'eval/top-5-acc': 0.9777, 'eval/precision': 0.7498736243642043, 'eval/recall': 0.7433, 'eval/F1': 0.7401757971334721, 'eval/AUC': 0.96151665}, BEST_EVAL_ACC: 0.7433, at 15300 iters
[2025-06-09 02:41:48,364 INFO] model saved: ./saved_models\fixmatch_cifar10_250_0\model_best.pth
[2025-06-09 02:42:33,252 INFO] confusion matrix:
[[0.802 0.018 0.048 0.005 0.006 0.007 0.027 0.014 0.046 0.027]
 [0.003 0.948 0.002 0.    0.    0.001 0.    0.004 0.004 0.038]
 [0.07  0.002 0.601 0.022 0.054 0.03  0.184 0.025 0.006 0.006]
 [0.018 0.005 0.09  0.543 0.023 0.103 0.149 0.041 0.015 0.013]
 [0.025 0.001 0.057 0.038 0.56  0.021 0.171 0.124 0.002 0.001]
 [0.003 0.002 0.09  0.216 0.033 0.533 0.054 0.062 0.004 0.003]
 [0.009 0.002 0.046 0.056 0.004 0.006 0.86  0.004 0.012 0.001]
 [0.01  0.002 0.065 0.027 0.025 0.037 0.019 0.809 0.002 0.004]
 [0.037 0.03  0.013 0.003 0.001 0.002 0.007 0.003 0.884 0.02 ]
 [0.015 0.041 0.007 0.013 0.002 0.    0.001 0.006 0.011 0.904]]
[2025-06-09 02:42:33,258 INFO] 15400 iteration, USE_EMA: True, {'train/sup_loss': tensor(0.0018, device='cuda:0'), 'train/unsup_loss': tensor(0.2208, device='cuda:0'), 'train/total_loss': tensor(0.2226, device='cuda:0'), 'train/mask_ratio': tensor(0.3750, device='cuda:0'), 'lr': 0.014708206359892959, 'train/prefecth_time': 0.15984434509277343, 'train/run_time': 0.24661299133300782, 'eval/loss': tensor(1.2032, device='cuda:0'), 'eval/top-1-acc': 0.7444, 'eval/top-5-acc': 0.977, 'eval/precision': 0.7510311736059953, 'eval/recall': 0.7444000000000001, 'eval/F1': 0.7413944022120869, 'eval/AUC': 0.9618665888888888}, BEST_EVAL_ACC: 0.7444, at 15400 iters
[2025-06-09 02:42:33,304 INFO] model saved: ./saved_models\fixmatch_cifar10_250_0\model_best.pth
[2025-06-09 02:43:18,802 INFO] confusion matrix:
[[0.803 0.018 0.047 0.006 0.009 0.007 0.023 0.013 0.047 0.027]
 [0.003 0.945 0.002 0.    0.    0.001 0.    0.004 0.004 0.041]
 [0.072 0.002 0.6   0.021 0.056 0.03  0.18  0.026 0.006 0.007]
 [0.017 0.004 0.089 0.544 0.024 0.102 0.151 0.042 0.014 0.013]
 [0.025 0.001 0.053 0.038 0.569 0.021 0.163 0.127 0.002 0.001]
 [0.002 0.002 0.088 0.217 0.034 0.535 0.051 0.061 0.006 0.004]
 [0.009 0.002 0.046 0.055 0.004 0.007 0.861 0.003 0.012 0.001]
 [0.011 0.002 0.064 0.026 0.024 0.04  0.019 0.808 0.002 0.004]
 [0.038 0.028 0.013 0.003 0.001 0.003 0.007 0.002 0.885 0.02 ]
 [0.017 0.041 0.008 0.01  0.002 0.    0.001 0.005 0.011 0.905]]
[2025-06-09 02:43:18,807 INFO] 15500 iteration, USE_EMA: True, {'train/sup_loss': tensor(0.0019, device='cuda:0'), 'train/unsup_loss': tensor(0.1690, device='cuda:0'), 'train/total_loss': tensor(0.1709, device='cuda:0'), 'train/mask_ratio': tensor(0.3594, device='cuda:0'), 'lr': 0.014528171756742743, 'train/prefecth_time': 0.17875772094726564, 'train/run_time': 0.2457118682861328, 'eval/loss': tensor(1.1906, device='cuda:0'), 'eval/top-1-acc': 0.7455, 'eval/top-5-acc': 0.9772, 'eval/precision': 0.7510690377323713, 'eval/recall': 0.7455, 'eval/F1': 0.7423979792363131, 'eval/AUC': 0.9623834555555556}, BEST_EVAL_ACC: 0.7455, at 15500 iters
[2025-06-09 02:43:18,856 INFO] model saved: ./saved_models\fixmatch_cifar10_250_0\model_best.pth
[2025-06-09 02:44:04,533 INFO] confusion matrix:
[[0.805 0.02  0.046 0.007 0.008 0.006 0.02  0.013 0.047 0.028]
 [0.003 0.944 0.002 0.    0.    0.001 0.    0.004 0.005 0.041]
 [0.071 0.002 0.596 0.023 0.055 0.03  0.185 0.025 0.006 0.007]
 [0.018 0.005 0.088 0.542 0.024 0.101 0.153 0.043 0.014 0.012]
 [0.025 0.001 0.053 0.04  0.571 0.02  0.162 0.125 0.002 0.001]
 [0.002 0.002 0.088 0.215 0.034 0.536 0.051 0.062 0.006 0.004]
 [0.009 0.001 0.044 0.049 0.005 0.007 0.868 0.004 0.012 0.001]
 [0.01  0.002 0.063 0.028 0.023 0.04  0.019 0.809 0.002 0.004]
 [0.037 0.028 0.013 0.003 0.001 0.002 0.007 0.002 0.884 0.023]
 [0.017 0.041 0.008 0.009 0.002 0.    0.001 0.005 0.01  0.907]]
[2025-06-09 02:44:04,541 INFO] 15600 iteration, USE_EMA: True, {'train/sup_loss': tensor(0.0329, device='cuda:0'), 'train/unsup_loss': tensor(0.1666, device='cuda:0'), 'train/total_loss': tensor(0.1995, device='cuda:0'), 'train/mask_ratio': tensor(0.3958, device='cuda:0'), 'lr': 0.014347451025620262, 'train/prefecth_time': 0.18376486206054687, 'train/run_time': 0.24642970275878906, 'eval/loss': tensor(1.1859, device='cuda:0'), 'eval/top-1-acc': 0.7462, 'eval/top-5-acc': 0.977, 'eval/precision': 0.7518142543260271, 'eval/recall': 0.7462, 'eval/F1': 0.742948855959167, 'eval/AUC': 0.9627174722222224}, BEST_EVAL_ACC: 0.7462, at 15600 iters
[2025-06-09 02:44:04,588 INFO] model saved: ./saved_models\fixmatch_cifar10_250_0\model_best.pth
[2025-06-09 02:44:50,110 INFO] confusion matrix:
[[0.805 0.019 0.044 0.006 0.009 0.006 0.023 0.013 0.047 0.028]
 [0.003 0.945 0.002 0.    0.    0.001 0.    0.004 0.005 0.04 ]
 [0.072 0.002 0.597 0.023 0.054 0.029 0.186 0.024 0.006 0.007]
 [0.017 0.003 0.089 0.54  0.026 0.1   0.158 0.04  0.015 0.012]
 [0.025 0.001 0.052 0.037 0.58  0.019 0.161 0.122 0.002 0.001]
 [0.002 0.002 0.088 0.208 0.035 0.542 0.052 0.061 0.006 0.004]
 [0.009 0.001 0.045 0.047 0.007 0.007 0.868 0.004 0.011 0.001]
 [0.009 0.002 0.065 0.028 0.021 0.04  0.018 0.811 0.002 0.004]
 [0.037 0.028 0.013 0.003 0.001 0.002 0.008 0.002 0.882 0.024]
 [0.016 0.04  0.008 0.009 0.002 0.    0.001 0.005 0.01  0.909]]
[2025-06-09 02:44:50,116 INFO] 15700 iteration, USE_EMA: True, {'train/sup_loss': tensor(0.0013, device='cuda:0'), 'train/unsup_loss': tensor(0.2604, device='cuda:0'), 'train/total_loss': tensor(0.2617, device='cuda:0'), 'train/mask_ratio': tensor(0.3438, device='cuda:0'), 'lr': 0.014166052701498184, 'train/prefecth_time': 0.17507359313964843, 'train/run_time': 0.24618476867675781, 'eval/loss': tensor(1.1738, device='cuda:0'), 'eval/top-1-acc': 0.7479, 'eval/top-5-acc': 0.9777, 'eval/precision': 0.7537590464578564, 'eval/recall': 0.7479, 'eval/F1': 0.7448553990014346, 'eval/AUC': 0.9632168666666666}, BEST_EVAL_ACC: 0.7479, at 15700 iters
[2025-06-09 02:44:50,165 INFO] model saved: ./saved_models\fixmatch_cifar10_250_0\model_best.pth
[2025-06-09 02:45:35,679 INFO] confusion matrix:
[[0.802 0.02  0.041 0.006 0.009 0.005 0.027 0.014 0.049 0.027]
 [0.003 0.946 0.002 0.    0.    0.001 0.    0.004 0.005 0.039]
 [0.074 0.002 0.592 0.023 0.055 0.028 0.189 0.024 0.005 0.008]
 [0.017 0.003 0.082 0.543 0.026 0.1   0.164 0.04  0.013 0.012]
 [0.025 0.001 0.052 0.035 0.582 0.019 0.164 0.119 0.002 0.001]
 [0.002 0.002 0.087 0.208 0.033 0.544 0.053 0.062 0.005 0.004]
 [0.009 0.002 0.044 0.045 0.007 0.005 0.872 0.004 0.011 0.001]
 [0.009 0.002 0.06  0.03  0.02  0.041 0.019 0.812 0.002 0.005]
 [0.037 0.027 0.013 0.003 0.001 0.002 0.008 0.002 0.885 0.022]
 [0.016 0.041 0.008 0.01  0.002 0.    0.001 0.005 0.01  0.907]]
[2025-06-09 02:45:35,685 INFO] 15800 iteration, USE_EMA: True, {'train/sup_loss': tensor(0.0012, device='cuda:0'), 'train/unsup_loss': tensor(0.2345, device='cuda:0'), 'train/total_loss': tensor(0.2357, device='cuda:0'), 'train/mask_ratio': tensor(0.3698, device='cuda:0'), 'lr': 0.013983985351350132, 'train/prefecth_time': 0.18359091186523438, 'train/run_time': 0.2473519744873047, 'eval/loss': tensor(1.1668, device='cuda:0'), 'eval/top-1-acc': 0.7485, 'eval/top-5-acc': 0.9779, 'eval/precision': 0.7548940017332063, 'eval/recall': 0.7484999999999999, 'eval/F1': 0.7455001381209309, 'eval/AUC': 0.9636200666666666}, BEST_EVAL_ACC: 0.7485, at 15800 iters
[2025-06-09 02:45:35,737 INFO] model saved: ./saved_models\fixmatch_cifar10_250_0\model_best.pth
[2025-06-09 02:46:20,670 INFO] confusion matrix:
[[0.8   0.019 0.043 0.005 0.009 0.005 0.026 0.014 0.05  0.029]
 [0.003 0.945 0.002 0.    0.    0.001 0.    0.004 0.005 0.04 ]
 [0.075 0.002 0.59  0.023 0.057 0.025 0.189 0.026 0.005 0.008]
 [0.017 0.003 0.085 0.544 0.025 0.097 0.164 0.04  0.014 0.011]
 [0.025 0.001 0.052 0.035 0.579 0.018 0.163 0.123 0.003 0.001]
 [0.002 0.002 0.086 0.209 0.032 0.545 0.053 0.064 0.004 0.003]
 [0.01  0.002 0.043 0.043 0.007 0.005 0.874 0.004 0.011 0.001]
 [0.009 0.002 0.065 0.029 0.017 0.042 0.02  0.809 0.002 0.005]
 [0.036 0.026 0.013 0.004 0.001 0.002 0.008 0.002 0.884 0.024]
 [0.016 0.041 0.007 0.009 0.002 0.    0.002 0.005 0.01  0.908]]
[2025-06-09 02:46:20,676 INFO] 15900 iteration, USE_EMA: True, {'train/sup_loss': tensor(0.0011, device='cuda:0'), 'train/unsup_loss': tensor(0.2446, device='cuda:0'), 'train/total_loss': tensor(0.2457, device='cuda:0'), 'train/mask_ratio': tensor(0.2500, device='cuda:0'), 'lr': 0.013801257573746109, 'train/prefecth_time': 0.16960914611816405, 'train/run_time': 0.24663731384277343, 'eval/loss': tensor(1.1650, device='cuda:0'), 'eval/top-1-acc': 0.7478, 'eval/top-5-acc': 0.9787, 'eval/precision': 0.754542293153972, 'eval/recall': 0.7478, 'eval/F1': 0.7447787048369477, 'eval/AUC': 0.9638376833333334}, BEST_EVAL_ACC: 0.7485, at 15800 iters
[2025-06-09 02:47:06,309 INFO] confusion matrix:
[[0.803 0.017 0.041 0.005 0.009 0.005 0.026 0.015 0.05  0.029]
 [0.003 0.946 0.002 0.    0.    0.001 0.    0.004 0.005 0.039]
 [0.074 0.002 0.59  0.023 0.06  0.03  0.182 0.026 0.005 0.008]
 [0.017 0.003 0.087 0.542 0.026 0.1   0.162 0.038 0.014 0.011]
 [0.025 0.001 0.049 0.035 0.593 0.018 0.154 0.121 0.003 0.001]
 [0.002 0.002 0.084 0.206 0.033 0.55  0.052 0.063 0.005 0.003]
 [0.01  0.002 0.044 0.042 0.007 0.005 0.875 0.003 0.011 0.001]
 [0.009 0.002 0.064 0.028 0.016 0.041 0.018 0.815 0.002 0.005]
 [0.035 0.026 0.013 0.004 0.001 0.002 0.007 0.002 0.888 0.022]
 [0.015 0.041 0.007 0.009 0.002 0.    0.002 0.006 0.011 0.907]]
[2025-06-09 02:47:06,318 INFO] 16000 iteration, USE_EMA: True, {'train/sup_loss': tensor(0.0018, device='cuda:0'), 'train/unsup_loss': tensor(0.1709, device='cuda:0'), 'train/total_loss': tensor(0.1728, device='cuda:0'), 'train/mask_ratio': tensor(0.3646, device='cuda:0'), 'lr': 0.013617877998446389, 'train/prefecth_time': 0.16850221252441405, 'train/run_time': 0.24681266784667968, 'eval/loss': tensor(1.1530, device='cuda:0'), 'eval/top-1-acc': 0.7509, 'eval/top-5-acc': 0.9788, 'eval/precision': 0.7564492373479125, 'eval/recall': 0.7509, 'eval/F1': 0.7478120830262348, 'eval/AUC': 0.9643013944444445}, BEST_EVAL_ACC: 0.7509, at 16000 iters
[2025-06-09 02:47:06,368 INFO] model saved: ./saved_models\fixmatch_cifar10_250_0\model_best.pth
[2025-06-09 02:54:14,343 INFO] confusion matrix:
[[0.811 0.018 0.041 0.004 0.011 0.005 0.021 0.013 0.048 0.028]
 [0.003 0.948 0.002 0.001 0.    0.001 0.001 0.003 0.005 0.036]
 [0.067 0.001 0.606 0.021 0.062 0.021 0.187 0.024 0.004 0.007]
 [0.019 0.003 0.076 0.529 0.028 0.101 0.178 0.037 0.016 0.013]
 [0.023 0.    0.044 0.029 0.642 0.018 0.147 0.093 0.003 0.001]
 [0.003 0.003 0.085 0.191 0.035 0.561 0.06  0.057 0.003 0.002]
 [0.009 0.001 0.04  0.037 0.007 0.004 0.888 0.003 0.01  0.001]
 [0.006 0.002 0.057 0.027 0.018 0.035 0.022 0.826 0.002 0.005]
 [0.033 0.027 0.009 0.005 0.001 0.003 0.008 0.002 0.894 0.018]
 [0.011 0.04  0.006 0.011 0.002 0.    0.002 0.005 0.013 0.91 ]]
[2025-06-09 02:54:14,348 INFO] 17000 iteration, USE_EMA: True, {'train/sup_loss': tensor(0.0013, device='cuda:0'), 'train/unsup_loss': tensor(0.1887, device='cuda:0'), 'train/total_loss': tensor(0.1899, device='cuda:0'), 'train/mask_ratio': tensor(0.4062, device='cuda:0'), 'lr': 0.011750153400260373, 'train/prefecth_time': 0.15968325805664063, 'train/run_time': 0.24620005798339845, 'eval/loss': tensor(1.1012, device='cuda:0'), 'eval/top-1-acc': 0.7615, 'eval/top-5-acc': 0.9803, 'eval/precision': 0.7674480697418187, 'eval/recall': 0.7615000000000001, 'eval/F1': 0.75871375729309, 'eval/AUC': 0.9669820222222222}, BEST_EVAL_ACC: 0.7615, at 17000 iters
[2025-06-09 02:54:14,398 INFO] model saved: ./saved_models\fixmatch_cifar10_250_0\model_best.pth
[2025-06-09 03:01:22,313 INFO] confusion matrix:
[[0.82  0.014 0.044 0.004 0.012 0.004 0.023 0.009 0.045 0.025]
 [0.003 0.947 0.002 0.    0.    0.001 0.    0.002 0.006 0.039]
 [0.064 0.    0.623 0.021 0.059 0.029 0.18  0.015 0.004 0.005]
 [0.025 0.003 0.074 0.538 0.026 0.104 0.166 0.035 0.017 0.012]
 [0.016 0.    0.041 0.03  0.658 0.019 0.155 0.076 0.004 0.001]
 [0.004 0.004 0.081 0.186 0.034 0.568 0.064 0.054 0.004 0.001]
 [0.011 0.    0.039 0.031 0.007 0.005 0.892 0.004 0.011 0.   ]
 [0.005 0.001 0.05  0.027 0.021 0.032 0.021 0.836 0.002 0.005]
 [0.035 0.026 0.011 0.002 0.    0.001 0.007 0.001 0.901 0.016]
 [0.011 0.039 0.007 0.011 0.001 0.    0.001 0.005 0.013 0.912]]
[2025-06-09 03:01:22,319 INFO] 18000 iteration, USE_EMA: True, {'train/sup_loss': tensor(0.0026, device='cuda:0'), 'train/unsup_loss': tensor(0.2771, device='cuda:0'), 'train/total_loss': tensor(0.2797, device='cuda:0'), 'train/mask_ratio': tensor(0.2604, device='cuda:0'), 'lr': 0.009826957485191697, 'train/prefecth_time': 0.17827468872070312, 'train/run_time': 0.24494076538085938, 'eval/loss': tensor(1.0709, device='cuda:0'), 'eval/top-1-acc': 0.7695, 'eval/top-5-acc': 0.9814, 'eval/precision': 0.7753195205119754, 'eval/recall': 0.7695, 'eval/F1': 0.7669808154522862, 'eval/AUC': 0.9689972555555555}, BEST_EVAL_ACC: 0.7695, at 18000 iters
[2025-06-09 03:01:22,368 INFO] model saved: ./saved_models\fixmatch_cifar10_250_0\model_best.pth
[2025-06-09 03:08:29,159 INFO] confusion matrix:
[[0.827 0.012 0.039 0.003 0.016 0.006 0.021 0.009 0.044 0.023]
 [0.003 0.95  0.002 0.    0.    0.001 0.002 0.002 0.005 0.035]
 [0.06  0.    0.627 0.013 0.064 0.033 0.18  0.013 0.005 0.005]
 [0.031 0.002 0.069 0.522 0.023 0.105 0.182 0.043 0.012 0.011]
 [0.011 0.    0.041 0.029 0.679 0.023 0.152 0.063 0.002 0.   ]
 [0.005 0.003 0.072 0.158 0.033 0.601 0.07  0.054 0.004 0.   ]
 [0.011 0.    0.037 0.019 0.007 0.004 0.913 0.003 0.006 0.   ]
 [0.006 0.001 0.038 0.021 0.024 0.032 0.024 0.848 0.002 0.004]
 [0.034 0.027 0.01  0.002 0.    0.001 0.007 0.    0.901 0.018]
 [0.01  0.037 0.007 0.007 0.002 0.    0.002 0.004 0.013 0.918]]
[2025-06-09 03:08:29,164 INFO] 19000 iteration, USE_EMA: True, {'train/sup_loss': tensor(0.0005, device='cuda:0'), 'train/unsup_loss': tensor(0.3150, device='cuda:0'), 'train/total_loss': tensor(0.3155, device='cuda:0'), 'train/mask_ratio': tensor(0.2760, device='cuda:0'), 'lr': 0.007857369471732094, 'train/prefecth_time': 0.17081036376953124, 'train/run_time': 0.24584906005859375, 'eval/loss': tensor(1.0380, device='cuda:0'), 'eval/top-1-acc': 0.7786, 'eval/top-5-acc': 0.9817, 'eval/precision': 0.7851416633053698, 'eval/recall': 0.7786000000000001, 'eval/F1': 0.775984861229498, 'eval/AUC': 0.9709369333333332}, BEST_EVAL_ACC: 0.7786, at 19000 iters
[2025-06-09 03:08:29,229 INFO] model saved: ./saved_models\fixmatch_cifar10_250_0\model_best.pth
[2025-06-09 03:15:34,661 INFO] confusion matrix:
[[0.836 0.012 0.038 0.002 0.017 0.003 0.023 0.008 0.037 0.024]
 [0.003 0.95  0.002 0.    0.    0.001 0.002 0.003 0.005 0.034]
 [0.057 0.001 0.607 0.016 0.074 0.032 0.189 0.013 0.006 0.005]
 [0.029 0.003 0.062 0.515 0.027 0.103 0.197 0.041 0.012 0.011]
 [0.01  0.001 0.035 0.021 0.73  0.016 0.138 0.049 0.    0.   ]
 [0.004 0.003 0.057 0.15  0.039 0.611 0.081 0.052 0.003 0.   ]
 [0.01  0.    0.032 0.012 0.008 0.004 0.923 0.003 0.008 0.   ]
 [0.003 0.    0.03  0.017 0.03  0.033 0.025 0.858 0.002 0.002]
 [0.03  0.026 0.009 0.002 0.    0.001 0.005 0.002 0.91  0.015]
 [0.013 0.036 0.007 0.004 0.002 0.    0.002 0.004 0.012 0.92 ]]
[2025-06-09 03:15:34,713 INFO] model saved: ./saved_models\fixmatch_cifar10_250_0\latest_model.pth
